<stg><name>A_IO_L2_in166</name>


<trans_list>

<trans id="59" from="1" to="2">
<condition id="-1">
<or_exp><and_exp></and_exp></or_exp>
</condition>
</trans>

<trans id="60" from="2" to="6">
<condition id="-1">
<or_exp><and_exp><literal name="icmp_ln186" val="1"/>
</and_exp></or_exp>
</condition>
</trans>

<trans id="61" from="2" to="3">
<condition id="-1">
<or_exp><and_exp><literal name="icmp_ln186" val="0"/>
</and_exp></or_exp>
</condition>
</trans>

<trans id="62" from="3" to="4">
<condition id="-1">
<or_exp><and_exp><literal name="icmp_ln187" val="0"/>
</and_exp></or_exp>
</condition>
</trans>

<trans id="68" from="3" to="2">
<condition id="-1">
<or_exp><and_exp><literal name="icmp_ln187" val="1"/>
</and_exp></or_exp>
</condition>
</trans>

<trans id="63" from="4" to="5">
<condition id="-1">
<or_exp><and_exp><literal name="icmp_ln188" val="0"/>
</and_exp></or_exp>
</condition>
</trans>

<trans id="67" from="4" to="3">
<condition id="-1">
<or_exp><and_exp><literal name="icmp_ln188" val="1"/>
</and_exp></or_exp>
</condition>
</trans>

<trans id="66" from="5" to="4">
<condition id="-1">
<or_exp><and_exp></and_exp></or_exp>
</condition>
</trans>
</trans_list>



<state_list>

<state id="1" st_id="1">

<operation id="7" st_id="1" stage="1" lat="1">
<core>NULL</core>
<MemPortIdVec></MemPortIdVec>
<condition id="-1">
<or_exp><and_exp></and_exp></or_exp>
</condition>

<Node id="4" bw="1" op_0_bw="32">
<![CDATA[
:0  %intra_trans_en_0 = alloca i1

]]></Node>
<StgValue><ssdm name="intra_trans_en_0"/></StgValue>
</operation>

<operation id="8" st_id="1" stage="1" lat="1">
<core>NULL</core>
<MemPortIdVec></MemPortIdVec>
<condition id="-1">
<or_exp><and_exp></and_exp></or_exp>
</condition>

<Node id="5" bw="0" op_0_bw="0" op_1_bw="256" op_2_bw="0" op_3_bw="32" op_4_bw="32" op_5_bw="0" op_6_bw="32" op_7_bw="32" op_8_bw="0" op_9_bw="0" op_10_bw="0" op_11_bw="32" op_12_bw="32" op_13_bw="32" op_14_bw="32" op_15_bw="0" op_16_bw="0">
<![CDATA[
:1  call void (...)* @_ssdm_op_SpecInterface(i256* %fifo_A_local_out_V_V, [8 x i8]* @ap_fifo_str, i32 0, i32 0, [1 x i8]* @p_str, i32 0, i32 0, [1 x i8]* @p_str, [1 x i8]* @p_str, [1 x i8]* @p_str, i32 2, i32 2, i32 16, i32 16, [1 x i8]* @p_str, [1 x i8]* @p_str)

]]></Node>
<StgValue><ssdm name="specinterface_ln0"/></StgValue>
</operation>

<operation id="9" st_id="1" stage="1" lat="1">
<core>NULL</core>
<MemPortIdVec></MemPortIdVec>
<condition id="-1">
<or_exp><and_exp></and_exp></or_exp>
</condition>

<Node id="6" bw="0" op_0_bw="0" op_1_bw="512" op_2_bw="0" op_3_bw="32" op_4_bw="32" op_5_bw="0" op_6_bw="32" op_7_bw="32" op_8_bw="0" op_9_bw="0" op_10_bw="0" op_11_bw="32" op_12_bw="32" op_13_bw="32" op_14_bw="32" op_15_bw="0" op_16_bw="0">
<![CDATA[
:2  call void (...)* @_ssdm_op_SpecInterface(i512* %fifo_A_out_V_V, [8 x i8]* @ap_fifo_str, i32 0, i32 0, [1 x i8]* @p_str, i32 0, i32 0, [1 x i8]* @p_str, [1 x i8]* @p_str, [1 x i8]* @p_str, i32 2, i32 2, i32 16, i32 16, [1 x i8]* @p_str, [1 x i8]* @p_str)

]]></Node>
<StgValue><ssdm name="specinterface_ln0"/></StgValue>
</operation>

<operation id="10" st_id="1" stage="1" lat="1">
<core>NULL</core>
<MemPortIdVec></MemPortIdVec>
<condition id="-1">
<or_exp><and_exp></and_exp></or_exp>
</condition>

<Node id="7" bw="0" op_0_bw="0" op_1_bw="512" op_2_bw="0" op_3_bw="32" op_4_bw="32" op_5_bw="0" op_6_bw="32" op_7_bw="32" op_8_bw="0" op_9_bw="0" op_10_bw="0" op_11_bw="32" op_12_bw="32" op_13_bw="32" op_14_bw="32" op_15_bw="0" op_16_bw="0">
<![CDATA[
:3  call void (...)* @_ssdm_op_SpecInterface(i512* %fifo_A_in_V_V, [8 x i8]* @ap_fifo_str, i32 0, i32 0, [1 x i8]* @p_str, i32 0, i32 0, [1 x i8]* @p_str, [1 x i8]* @p_str, [1 x i8]* @p_str, i32 2, i32 2, i32 16, i32 16, [1 x i8]* @p_str, [1 x i8]* @p_str)

]]></Node>
<StgValue><ssdm name="specinterface_ln0"/></StgValue>
</operation>

<operation id="11" st_id="1" stage="1" lat="1">
<core>NULL</core>
<MemPortIdVec></MemPortIdVec>
<condition id="-1">
<or_exp><and_exp></and_exp></or_exp>
</condition>

<Node id="8" bw="0" op_0_bw="0" op_1_bw="256" op_2_bw="0" op_3_bw="0" op_4_bw="0" op_5_bw="32" op_6_bw="0" op_7_bw="0" op_8_bw="0" op_9_bw="0" op_10_bw="0">
<![CDATA[
:4  call void (...)* @_ssdm_op_SpecMemCore(i256* %fifo_A_local_out_V_V, [1 x i8]* @p_str, [9 x i8]* @p_str50, [1 x i8]* @p_str, i32 -1, [1 x i8]* @p_str, [1 x i8]* @p_str, [1 x i8]* @p_str, [1 x i8]* @p_str, [1 x i8]* @p_str)

]]></Node>
<StgValue><ssdm name="specmemcore_ln0"/></StgValue>
</operation>

<operation id="12" st_id="1" stage="1" lat="1">
<core>NULL</core>
<MemPortIdVec></MemPortIdVec>
<condition id="-1">
<or_exp><and_exp></and_exp></or_exp>
</condition>

<Node id="9" bw="0" op_0_bw="0" op_1_bw="512" op_2_bw="0" op_3_bw="0" op_4_bw="0" op_5_bw="32" op_6_bw="0" op_7_bw="0" op_8_bw="0" op_9_bw="0" op_10_bw="0">
<![CDATA[
:5  call void (...)* @_ssdm_op_SpecMemCore(i512* %fifo_A_out_V_V, [1 x i8]* @p_str, [9 x i8]* @p_str50, [1 x i8]* @p_str, i32 -1, [1 x i8]* @p_str, [1 x i8]* @p_str, [1 x i8]* @p_str, [1 x i8]* @p_str, [1 x i8]* @p_str)

]]></Node>
<StgValue><ssdm name="specmemcore_ln0"/></StgValue>
</operation>

<operation id="13" st_id="1" stage="1" lat="1">
<core>NULL</core>
<MemPortIdVec></MemPortIdVec>
<condition id="-1">
<or_exp><and_exp></and_exp></or_exp>
</condition>

<Node id="10" bw="0" op_0_bw="0" op_1_bw="512" op_2_bw="0" op_3_bw="0" op_4_bw="0" op_5_bw="32" op_6_bw="0" op_7_bw="0" op_8_bw="0" op_9_bw="0" op_10_bw="0">
<![CDATA[
:6  call void (...)* @_ssdm_op_SpecMemCore(i512* %fifo_A_in_V_V, [1 x i8]* @p_str, [9 x i8]* @p_str50, [1 x i8]* @p_str, i32 -1, [1 x i8]* @p_str, [1 x i8]* @p_str, [1 x i8]* @p_str, [1 x i8]* @p_str, [1 x i8]* @p_str)

]]></Node>
<StgValue><ssdm name="specmemcore_ln0"/></StgValue>
</operation>

<operation id="14" st_id="1" stage="1" lat="1">
<core>RAM_2P_BRAM</core>
<MemPortIdVec></MemPortIdVec>
<condition id="-1">
<or_exp><and_exp></and_exp></or_exp>
</condition>

<Node id="11" bw="512" op_0_bw="64">
<![CDATA[
:7  %local_A_ping_V = alloca [512 x i512], align 8

]]></Node>
<StgValue><ssdm name="local_A_ping_V"/></StgValue>
</operation>

<operation id="15" st_id="1" stage="1" lat="1">
<core>RAM_2P_BRAM</core>
<MemPortIdVec></MemPortIdVec>
<condition id="-1">
<or_exp><and_exp></and_exp></or_exp>
</condition>

<Node id="12" bw="512" op_0_bw="64">
<![CDATA[
:8  %local_A_pong_V = alloca [512 x i512], align 8

]]></Node>
<StgValue><ssdm name="local_A_pong_V"/></StgValue>
</operation>

<operation id="16" st_id="1" stage="1" lat="1">
<core>NULL</core>
<MemPortIdVec></MemPortIdVec>
<condition id="-1">
<or_exp><and_exp></and_exp></or_exp>
</condition>

<Node id="13" bw="0" op_0_bw="0" op_1_bw="512" op_2_bw="0" op_3_bw="0" op_4_bw="0" op_5_bw="32" op_6_bw="0" op_7_bw="0" op_8_bw="0" op_9_bw="0" op_10_bw="0">
<![CDATA[
:9  call void (...)* @_ssdm_op_SpecMemCore([512 x i512]* %local_A_ping_V, [1 x i8]* @p_str, [12 x i8]* @p_str9, [1 x i8]* @p_str, i32 -1, [1 x i8]* @p_str, [1 x i8]* @p_str, [1 x i8]* @p_str, [1 x i8]* @p_str, [1 x i8]* @p_str)

]]></Node>
<StgValue><ssdm name="specmemcore_ln174"/></StgValue>
</operation>

<operation id="17" st_id="1" stage="1" lat="1">
<core>NULL</core>
<MemPortIdVec></MemPortIdVec>
<condition id="-1">
<or_exp><and_exp></and_exp></or_exp>
</condition>

<Node id="14" bw="0" op_0_bw="0" op_1_bw="512" op_2_bw="0" op_3_bw="0" op_4_bw="0" op_5_bw="32" op_6_bw="0" op_7_bw="0" op_8_bw="0" op_9_bw="0" op_10_bw="0">
<![CDATA[
:10  call void (...)* @_ssdm_op_SpecMemCore([512 x i512]* %local_A_pong_V, [1 x i8]* @p_str, [12 x i8]* @p_str9, [1 x i8]* @p_str, i32 -1, [1 x i8]* @p_str, [1 x i8]* @p_str, [1 x i8]* @p_str, [1 x i8]* @p_str, [1 x i8]* @p_str)

]]></Node>
<StgValue><ssdm name="specmemcore_ln176"/></StgValue>
</operation>

<operation id="18" st_id="1" stage="1" lat="1">
<core>NULL</core>
<MemPortIdVec></MemPortIdVec>
<condition id="-1">
<or_exp><and_exp></and_exp></or_exp>
</condition>

<Node id="15" bw="0" op_0_bw="1" op_1_bw="1">
<![CDATA[
:11  store i1 false, i1* %intra_trans_en_0

]]></Node>
<StgValue><ssdm name="store_ln186"/></StgValue>
</operation>

<operation id="19" st_id="1" stage="1" lat="1">
<core>NULL</core>
<MemPortIdVec></MemPortIdVec>
<condition id="-1">
<or_exp><and_exp></and_exp></or_exp>
</condition>

<Node id="16" bw="0" op_0_bw="0">
<![CDATA[
:12  br label %.loopexit

]]></Node>
<StgValue><ssdm name="br_ln186"/></StgValue>
</operation>
</state>

<state id="2" st_id="2">

<operation id="20" st_id="2" stage="1" lat="1">
<core>NULL</core>
<MemPortIdVec></MemPortIdVec>
<condition id="-1">
<or_exp><and_exp></and_exp></or_exp>
</condition>

<Node id="18" bw="2" op_0_bw="2" op_1_bw="0" op_2_bw="2" op_3_bw="0">
<![CDATA[
.loopexit:0  %p_016_0 = phi i2 [ 0, %0 ], [ %c0_V, %.loopexit.loopexit ]

]]></Node>
<StgValue><ssdm name="p_016_0"/></StgValue>
</operation>

<operation id="21" st_id="2" stage="1" lat="1">
<core>Cmp</core>
<MemPortIdVec></MemPortIdVec>
<condition id="-1">
<or_exp><and_exp></and_exp></or_exp>
</condition>

<Node id="19" bw="1" op_0_bw="2" op_1_bw="2">
<![CDATA[
.loopexit:1  %icmp_ln186 = icmp eq i2 %p_016_0, -2

]]></Node>
<StgValue><ssdm name="icmp_ln186"/></StgValue>
</operation>

<operation id="22" st_id="2" stage="1" lat="1">
<core>NULL</core>
<MemPortIdVec></MemPortIdVec>
<condition id="-1">
<or_exp><and_exp></and_exp></or_exp>
</condition>

<Node id="20" bw="32" op_0_bw="32" op_1_bw="64" op_2_bw="64" op_3_bw="64">
<![CDATA[
.loopexit:2  %empty = call i32 (...)* @_ssdm_op_SpecLoopTripCount(i64 2, i64 2, i64 2)

]]></Node>
<StgValue><ssdm name="empty"/></StgValue>
</operation>

<operation id="23" st_id="2" stage="1" lat="1">
<core>AddSub</core>
<MemPortIdVec></MemPortIdVec>
<condition id="-1">
<or_exp><and_exp></and_exp></or_exp>
</condition>

<Node id="21" bw="2" op_0_bw="2" op_1_bw="2">
<![CDATA[
.loopexit:3  %c0_V = add i2 %p_016_0, 1

]]></Node>
<StgValue><ssdm name="c0_V"/></StgValue>
</operation>

<operation id="24" st_id="2" stage="1" lat="1">
<core>NULL</core>
<MemPortIdVec></MemPortIdVec>
<condition id="-1">
<or_exp><and_exp></and_exp></or_exp>
</condition>

<Node id="22" bw="0" op_0_bw="1" op_1_bw="0" op_2_bw="0">
<![CDATA[
.loopexit:4  br i1 %icmp_ln186, label %5, label %.preheader125.preheader

]]></Node>
<StgValue><ssdm name="br_ln186"/></StgValue>
</operation>

<operation id="25" st_id="2" stage="1" lat="1">
<core>NULL</core>
<MemPortIdVec></MemPortIdVec>
<condition id="-1">
<or_exp><and_exp><literal name="icmp_ln186" val="0"/>
</and_exp></or_exp>
</condition>

<Node id="24" bw="0" op_0_bw="0">
<![CDATA[
.preheader125.preheader:0  br label %.preheader125

]]></Node>
<StgValue><ssdm name="br_ln187"/></StgValue>
</operation>

<operation id="26" st_id="2" stage="1" lat="1">
<core>NULL</core>
<MemPortIdVec></MemPortIdVec>
<condition id="-1">
<or_exp><and_exp><literal name="icmp_ln186" val="1"/>
</and_exp></or_exp>
</condition>

<Node id="60" bw="1" op_0_bw="1" op_1_bw="0">
<![CDATA[
:0  %intra_trans_en_0_load = load i1* %intra_trans_en_0

]]></Node>
<StgValue><ssdm name="intra_trans_en_0_load"/></StgValue>
</operation>

<operation id="27" st_id="2" stage="2" lat="2">
<core></core>
<MemPortIdVec></MemPortIdVec>
<condition id="-1">
<or_exp><and_exp><literal name="icmp_ln186" val="1"/>
</and_exp></or_exp>
</condition>

<Node id="61" bw="0" op_0_bw="0" op_1_bw="512" op_2_bw="256" op_3_bw="1">
<![CDATA[
:1  call fastcc void @A_IO_L2_in_intra_trans([512 x i512]* %local_A_ping_V, i256* %fifo_A_local_out_V_V, i1 %intra_trans_en_0_load)

]]></Node>
<StgValue><ssdm name="call_ln241"/></StgValue>
</operation>
</state>

<state id="3" st_id="3">

<operation id="28" st_id="3" stage="1" lat="1">
<core>NULL</core>
<MemPortIdVec></MemPortIdVec>
<condition id="-1">
<or_exp><and_exp></and_exp></or_exp>
</condition>

<Node id="26" bw="2" op_0_bw="2" op_1_bw="0" op_2_bw="2" op_3_bw="0">
<![CDATA[
.preheader125:0  %p_047_0 = phi i2 [ %c1_V, %.preheader125.loopexit ], [ 0, %.preheader125.preheader ]

]]></Node>
<StgValue><ssdm name="p_047_0"/></StgValue>
</operation>

<operation id="29" st_id="3" stage="1" lat="1">
<core>Cmp</core>
<MemPortIdVec></MemPortIdVec>
<condition id="-1">
<or_exp><and_exp></and_exp></or_exp>
</condition>

<Node id="27" bw="1" op_0_bw="2" op_1_bw="2">
<![CDATA[
.preheader125:1  %icmp_ln187 = icmp eq i2 %p_047_0, -2

]]></Node>
<StgValue><ssdm name="icmp_ln187"/></StgValue>
</operation>

<operation id="30" st_id="3" stage="1" lat="1">
<core>NULL</core>
<MemPortIdVec></MemPortIdVec>
<condition id="-1">
<or_exp><and_exp></and_exp></or_exp>
</condition>

<Node id="28" bw="32" op_0_bw="32" op_1_bw="64" op_2_bw="64" op_3_bw="64">
<![CDATA[
.preheader125:2  %empty_1056 = call i32 (...)* @_ssdm_op_SpecLoopTripCount(i64 2, i64 2, i64 2)

]]></Node>
<StgValue><ssdm name="empty_1056"/></StgValue>
</operation>

<operation id="31" st_id="3" stage="1" lat="1">
<core>AddSub</core>
<MemPortIdVec></MemPortIdVec>
<condition id="-1">
<or_exp><and_exp></and_exp></or_exp>
</condition>

<Node id="29" bw="2" op_0_bw="2" op_1_bw="2">
<![CDATA[
.preheader125:3  %c1_V = add i2 %p_047_0, 1

]]></Node>
<StgValue><ssdm name="c1_V"/></StgValue>
</operation>

<operation id="32" st_id="3" stage="1" lat="1">
<core>NULL</core>
<MemPortIdVec></MemPortIdVec>
<condition id="-1">
<or_exp><and_exp></and_exp></or_exp>
</condition>

<Node id="30" bw="0" op_0_bw="1" op_1_bw="0" op_2_bw="0">
<![CDATA[
.preheader125:4  br i1 %icmp_ln187, label %.loopexit.loopexit, label %.preheader.preheader

]]></Node>
<StgValue><ssdm name="br_ln187"/></StgValue>
</operation>

<operation id="33" st_id="3" stage="1" lat="1">
<core>NULL</core>
<MemPortIdVec></MemPortIdVec>
<condition id="-1">
<or_exp><and_exp><literal name="icmp_ln187" val="0"/>
</and_exp></or_exp>
</condition>

<Node id="32" bw="0" op_0_bw="0">
<![CDATA[
.preheader.preheader:0  br label %.preheader

]]></Node>
<StgValue><ssdm name="br_ln188"/></StgValue>
</operation>

<operation id="34" st_id="3" stage="1" lat="1">
<core>NULL</core>
<MemPortIdVec></MemPortIdVec>
<condition id="-1">
<or_exp><and_exp><literal name="icmp_ln187" val="1"/>
</and_exp></or_exp>
</condition>

<Node id="58" bw="0" op_0_bw="0">
<![CDATA[
.loopexit.loopexit:0  br label %.loopexit

]]></Node>
<StgValue><ssdm name="br_ln0"/></StgValue>
</operation>
</state>

<state id="4" st_id="4">

<operation id="35" st_id="4" stage="1" lat="1">
<core>NULL</core>
<MemPortIdVec></MemPortIdVec>
<condition id="-1">
<or_exp><and_exp></and_exp></or_exp>
</condition>

<Node id="34" bw="8" op_0_bw="8" op_1_bw="0" op_2_bw="8" op_3_bw="0">
<![CDATA[
.preheader:0  %p_060_0 = phi i8 [ %c2_V, %4 ], [ 0, %.preheader.preheader ]

]]></Node>
<StgValue><ssdm name="p_060_0"/></StgValue>
</operation>

<operation id="36" st_id="4" stage="1" lat="1">
<core>NULL</core>
<MemPortIdVec></MemPortIdVec>
<condition id="-1">
<or_exp><and_exp></and_exp></or_exp>
</condition>

<Node id="35" bw="1" op_0_bw="1" op_1_bw="0" op_2_bw="1" op_3_bw="0">
<![CDATA[
.preheader:1  %arb_2 = phi i1 [ %xor_ln234, %4 ], [ false, %.preheader.preheader ]

]]></Node>
<StgValue><ssdm name="arb_2"/></StgValue>
</operation>

<operation id="37" st_id="4" stage="1" lat="1">
<core>Cmp</core>
<MemPortIdVec></MemPortIdVec>
<condition id="-1">
<or_exp><and_exp></and_exp></or_exp>
</condition>

<Node id="36" bw="1" op_0_bw="8" op_1_bw="8">
<![CDATA[
.preheader:2  %icmp_ln188 = icmp eq i8 %p_060_0, -128

]]></Node>
<StgValue><ssdm name="icmp_ln188"/></StgValue>
</operation>

<operation id="38" st_id="4" stage="1" lat="1">
<core>NULL</core>
<MemPortIdVec></MemPortIdVec>
<condition id="-1">
<or_exp><and_exp></and_exp></or_exp>
</condition>

<Node id="37" bw="32" op_0_bw="32" op_1_bw="64" op_2_bw="64" op_3_bw="64">
<![CDATA[
.preheader:3  %empty_1057 = call i32 (...)* @_ssdm_op_SpecLoopTripCount(i64 128, i64 128, i64 128)

]]></Node>
<StgValue><ssdm name="empty_1057"/></StgValue>
</operation>

<operation id="39" st_id="4" stage="1" lat="1">
<core>AddSub</core>
<MemPortIdVec></MemPortIdVec>
<condition id="-1">
<or_exp><and_exp></and_exp></or_exp>
</condition>

<Node id="38" bw="8" op_0_bw="8" op_1_bw="8">
<![CDATA[
.preheader:4  %c2_V = add i8 %p_060_0, 1

]]></Node>
<StgValue><ssdm name="c2_V"/></StgValue>
</operation>

<operation id="40" st_id="4" stage="1" lat="1">
<core>NULL</core>
<MemPortIdVec></MemPortIdVec>
<condition id="-1">
<or_exp><and_exp></and_exp></or_exp>
</condition>

<Node id="39" bw="0" op_0_bw="1" op_1_bw="0" op_2_bw="0">
<![CDATA[
.preheader:5  br i1 %icmp_ln188, label %.preheader125.loopexit, label %1

]]></Node>
<StgValue><ssdm name="br_ln188"/></StgValue>
</operation>

<operation id="41" st_id="4" stage="1" lat="1">
<core>NULL</core>
<MemPortIdVec></MemPortIdVec>
<condition id="-1">
<or_exp><and_exp><literal name="icmp_ln188" val="0"/>
</and_exp></or_exp>
</condition>

<Node id="41" bw="1" op_0_bw="1" op_1_bw="0">
<![CDATA[
:0  %intra_trans_en_0_load_35 = load i1* %intra_trans_en_0

]]></Node>
<StgValue><ssdm name="intra_trans_en_0_load_35"/></StgValue>
</operation>

<operation id="42" st_id="4" stage="1" lat="1">
<core>NULL</core>
<MemPortIdVec></MemPortIdVec>
<condition id="-1">
<or_exp><and_exp><literal name="icmp_ln188" val="0"/>
</and_exp></or_exp>
</condition>

<Node id="42" bw="0" op_0_bw="1" op_1_bw="0" op_2_bw="0">
<![CDATA[
:1  br i1 %arb_2, label %3, label %2

]]></Node>
<StgValue><ssdm name="br_ln192"/></StgValue>
</operation>

<operation id="43" st_id="4" stage="2" lat="2">
<core></core>
<MemPortIdVec></MemPortIdVec>
<condition id="-1">
<or_exp><and_exp><literal name="icmp_ln188" val="0"/>
<literal name="arb_2" val="0"/>
</and_exp></or_exp>
</condition>

<Node id="44" bw="0" op_0_bw="0" op_1_bw="4" op_2_bw="512" op_3_bw="512" op_4_bw="512">
<![CDATA[
:0  call fastcc void @A_IO_L2_in_inter_trans(i4 5, [512 x i512]* %local_A_pong_V, i512* %fifo_A_in_V_V, i512* %fifo_A_out_V_V)

]]></Node>
<StgValue><ssdm name="call_ln197"/></StgValue>
</operation>

<operation id="44" st_id="4" stage="2" lat="2">
<core></core>
<MemPortIdVec></MemPortIdVec>
<condition id="-1">
<or_exp><and_exp><literal name="icmp_ln188" val="0"/>
<literal name="arb_2" val="0"/>
</and_exp></or_exp>
</condition>

<Node id="45" bw="0" op_0_bw="0" op_1_bw="512" op_2_bw="256" op_3_bw="1">
<![CDATA[
:1  call fastcc void @A_IO_L2_in_intra_trans([512 x i512]* %local_A_ping_V, i256* %fifo_A_local_out_V_V, i1 %intra_trans_en_0_load_35)

]]></Node>
<StgValue><ssdm name="call_ln203"/></StgValue>
</operation>

<operation id="45" st_id="4" stage="2" lat="2">
<core></core>
<MemPortIdVec></MemPortIdVec>
<condition id="-1">
<or_exp><and_exp><literal name="icmp_ln188" val="0"/>
<literal name="arb_2" val="1"/>
</and_exp></or_exp>
</condition>

<Node id="48" bw="0" op_0_bw="0" op_1_bw="4" op_2_bw="512" op_3_bw="512" op_4_bw="512">
<![CDATA[
:0  call fastcc void @A_IO_L2_in_inter_trans(i4 5, [512 x i512]* %local_A_ping_V, i512* %fifo_A_in_V_V, i512* %fifo_A_out_V_V)

]]></Node>
<StgValue><ssdm name="call_ln217"/></StgValue>
</operation>

<operation id="46" st_id="4" stage="2" lat="2">
<core></core>
<MemPortIdVec></MemPortIdVec>
<condition id="-1">
<or_exp><and_exp><literal name="icmp_ln188" val="0"/>
<literal name="arb_2" val="1"/>
</and_exp></or_exp>
</condition>

<Node id="49" bw="0" op_0_bw="0" op_1_bw="512" op_2_bw="256" op_3_bw="1">
<![CDATA[
:1  call fastcc void @A_IO_L2_in_intra_trans([512 x i512]* %local_A_pong_V, i256* %fifo_A_local_out_V_V, i1 %intra_trans_en_0_load_35)

]]></Node>
<StgValue><ssdm name="call_ln223"/></StgValue>
</operation>

<operation id="47" st_id="4" stage="1" lat="1">
<core>NULL</core>
<MemPortIdVec></MemPortIdVec>
<condition id="-1">
<or_exp><and_exp><literal name="icmp_ln188" val="1"/>
</and_exp></or_exp>
</condition>

<Node id="56" bw="0" op_0_bw="0">
<![CDATA[
.preheader125.loopexit:0  br label %.preheader125

]]></Node>
<StgValue><ssdm name="br_ln0"/></StgValue>
</operation>
</state>

<state id="5" st_id="5">

<operation id="48" st_id="5" stage="1" lat="2">
<core></core>
<MemPortIdVec></MemPortIdVec>
<condition id="-1">
<or_exp><and_exp><literal name="arb_2" val="0"/>
</and_exp></or_exp>
</condition>

<Node id="44" bw="0" op_0_bw="0" op_1_bw="4" op_2_bw="512" op_3_bw="512" op_4_bw="512">
<![CDATA[
:0  call fastcc void @A_IO_L2_in_inter_trans(i4 5, [512 x i512]* %local_A_pong_V, i512* %fifo_A_in_V_V, i512* %fifo_A_out_V_V)

]]></Node>
<StgValue><ssdm name="call_ln197"/></StgValue>
</operation>

<operation id="49" st_id="5" stage="1" lat="2">
<core></core>
<MemPortIdVec></MemPortIdVec>
<condition id="-1">
<or_exp><and_exp><literal name="arb_2" val="0"/>
</and_exp></or_exp>
</condition>

<Node id="45" bw="0" op_0_bw="0" op_1_bw="512" op_2_bw="256" op_3_bw="1">
<![CDATA[
:1  call fastcc void @A_IO_L2_in_intra_trans([512 x i512]* %local_A_ping_V, i256* %fifo_A_local_out_V_V, i1 %intra_trans_en_0_load_35)

]]></Node>
<StgValue><ssdm name="call_ln203"/></StgValue>
</operation>

<operation id="50" st_id="5" stage="1" lat="1">
<core>NULL</core>
<MemPortIdVec></MemPortIdVec>
<condition id="-1">
<or_exp><and_exp><literal name="arb_2" val="0"/>
</and_exp></or_exp>
</condition>

<Node id="46" bw="0" op_0_bw="0">
<![CDATA[
:2  br label %4

]]></Node>
<StgValue><ssdm name="br_ln212"/></StgValue>
</operation>

<operation id="51" st_id="5" stage="1" lat="2">
<core></core>
<MemPortIdVec></MemPortIdVec>
<condition id="-1">
<or_exp><and_exp><literal name="arb_2" val="1"/>
</and_exp></or_exp>
</condition>

<Node id="48" bw="0" op_0_bw="0" op_1_bw="4" op_2_bw="512" op_3_bw="512" op_4_bw="512">
<![CDATA[
:0  call fastcc void @A_IO_L2_in_inter_trans(i4 5, [512 x i512]* %local_A_ping_V, i512* %fifo_A_in_V_V, i512* %fifo_A_out_V_V)

]]></Node>
<StgValue><ssdm name="call_ln217"/></StgValue>
</operation>

<operation id="52" st_id="5" stage="1" lat="2">
<core></core>
<MemPortIdVec></MemPortIdVec>
<condition id="-1">
<or_exp><and_exp><literal name="arb_2" val="1"/>
</and_exp></or_exp>
</condition>

<Node id="49" bw="0" op_0_bw="0" op_1_bw="512" op_2_bw="256" op_3_bw="1">
<![CDATA[
:1  call fastcc void @A_IO_L2_in_intra_trans([512 x i512]* %local_A_pong_V, i256* %fifo_A_local_out_V_V, i1 %intra_trans_en_0_load_35)

]]></Node>
<StgValue><ssdm name="call_ln223"/></StgValue>
</operation>

<operation id="53" st_id="5" stage="1" lat="1">
<core>NULL</core>
<MemPortIdVec></MemPortIdVec>
<condition id="-1">
<or_exp><and_exp><literal name="arb_2" val="1"/>
</and_exp></or_exp>
</condition>

<Node id="50" bw="0" op_0_bw="0">
<![CDATA[
:2  br label %4

]]></Node>
<StgValue><ssdm name="br_ln0"/></StgValue>
</operation>

<operation id="54" st_id="5" stage="1" lat="1">
<core>LogicGate</core>
<MemPortIdVec></MemPortIdVec>
<condition id="-1">
<or_exp><and_exp></and_exp></or_exp>
</condition>

<Node id="52" bw="1" op_0_bw="1" op_1_bw="1">
<![CDATA[
:0  %xor_ln234 = xor i1 %arb_2, true

]]></Node>
<StgValue><ssdm name="xor_ln234"/></StgValue>
</operation>

<operation id="55" st_id="5" stage="1" lat="1">
<core>NULL</core>
<MemPortIdVec></MemPortIdVec>
<condition id="-1">
<or_exp><and_exp></and_exp></or_exp>
</condition>

<Node id="53" bw="0" op_0_bw="1" op_1_bw="1" op_2_bw="0" op_3_bw="1">
<![CDATA[
:1  store i1 true, i1* %intra_trans_en_0

]]></Node>
<StgValue><ssdm name="store_ln188"/></StgValue>
</operation>

<operation id="56" st_id="5" stage="1" lat="1">
<core>NULL</core>
<MemPortIdVec></MemPortIdVec>
<condition id="-1">
<or_exp><and_exp></and_exp></or_exp>
</condition>

<Node id="54" bw="0" op_0_bw="0">
<![CDATA[
:2  br label %.preheader

]]></Node>
<StgValue><ssdm name="br_ln188"/></StgValue>
</operation>
</state>

<state id="6" st_id="6">

<operation id="57" st_id="6" stage="1" lat="2">
<core></core>
<MemPortIdVec></MemPortIdVec>
<condition id="-1">
<or_exp><and_exp></and_exp></or_exp>
</condition>

<Node id="61" bw="0" op_0_bw="0" op_1_bw="512" op_2_bw="256" op_3_bw="1">
<![CDATA[
:1  call fastcc void @A_IO_L2_in_intra_trans([512 x i512]* %local_A_ping_V, i256* %fifo_A_local_out_V_V, i1 %intra_trans_en_0_load)

]]></Node>
<StgValue><ssdm name="call_ln241"/></StgValue>
</operation>

<operation id="58" st_id="6" stage="1" lat="1">
<core>NULL</core>
<MemPortIdVec></MemPortIdVec>
<condition id="-1">
<or_exp><and_exp></and_exp></or_exp>
</condition>

<Node id="62" bw="0">
<![CDATA[
:2  ret void

]]></Node>
<StgValue><ssdm name="ret_ln262"/></StgValue>
</operation>
</state>
</state_list>


<ports>
</ports>


<dataflows>
</dataflows>


</stg>
