<profile>

<section name = "Vivado HLS Report for 'A_IO_L2_in_intra_trans'" level="0">
<item name = "Date">Thu Aug 26 21:46:54 2021
</item>
<item name = "Version">2020.1 (Build 2897737 on Wed May 27 20:21:37 MDT 2020)</item>
<item name = "Project">hls_prj</item>
<item name = "Solution">solution1</item>
<item name = "Product family">virtexuplus</item>
<item name = "Target device">xcu250-figd2104-2L-e</item>
</section>

<section name = "Performance Estimates" level="0">
<item name = "Timing">
<section name = "" level="1">
<item name = "Summary"><table name="" hasTotal="0">
<keys size="4">Clock, Target, Estimated, Uncertainty</keys>
<column name="ap_clk">3.33 ns, 2.003 ns, 0.42 ns</column>
</table>
</item>
</section>
</item>
<item name = "Latency">
<section name = "" level="1">
<item name = "Summary"><table name="" hasTotal="0">
<keys size="8">, min, max, min, max, min, max, Type</keys>
<column name="">1, 8196, 3.330 ns, 27.293 us, 1, 8196, none</column>
</table>
</item>
<item name = "Detail">
<section name = "" level="1">
<item name = "Instance"><table name="" hasTotal="0">
<keys size="9">Instance, Module, min, max, min, max, min, max, Type</keys>
</table>
</item>
<item name = "Loop"><table name="" hasTotal="0">
<keys size="8">Loop Name, min, max, Latency, achieved, target, Count, Pipelined</keys>
<column name="- Loop 1">8194, 8194, 4, 1, 1, 8192, yes</column>
</table>
</item>
</section>
</item>
</section>
</item>
</section>

<section name = "Utilization Estimates" level="0">
<item name = "Summary"><table name="" hasTotal="1">
<keys size="6">Name, BRAM_18K, DSP48E, FF, LUT, URAM</keys>
<column name="DSP">-, -, -, -, -</column>
<column name="Expression">-, -, 0, 463, -</column>
<column name="FIFO">-, -, -, -, -</column>
<column name="Instance">-, -, -, -, -</column>
<column name="Memory">-, -, -, -, -</column>
<column name="Multiplexer">-, -, -, 111, -</column>
<column name="Register">0, -, 407, 32, -</column>
<specialColumn name="Available SLR">1344, 3072, 864000, 432000, 320</specialColumn>
<specialColumn name="Utilization SLR (%)">0, 0, ~0, ~0, 0</specialColumn>
<specialColumn name="Available">5376, 12288, 3456000, 1728000, 1280</specialColumn>
<specialColumn name="Utilization (%)">0, 0, ~0, ~0, 0</specialColumn>
</table>
</item>
<item name = "Detail">
<section name = "" level="1">
<item name = "Instance"><table name="" hasTotal="1">
<keys size="7">Instance, Module, BRAM_18K, DSP48E, FF, LUT, URAM</keys>
</table>
</item>
<item name = "DSP48E"><table name="" hasTotal="0">
<keys size="3">Instance, Module, Expression</keys>
</table>
</item>
<item name = "Memory"><table name="" hasTotal="1">
<keys size="10">Memory, Module, BRAM_18K, FF, LUT, URAM, Words, Bits, Banks, W*Bits*Banks</keys>
</table>
</item>
<item name = "FIFO"><table name="" hasTotal="1">
<keys size="8">Name, BRAM_18K, FF, LUT, URAM, Depth, Bits, Size:D*B</keys>
</table>
</item>
<item name = "Expression"><table name="" hasTotal="1">
<keys size="7">Variable Name, Operation, DSP48E, FF, LUT, Bitwidth P0, Bitwidth P1</keys>
<column name="add_ln321_fu_402_p2">+, 0, 0, 15, 7, 7</column>
<column name="add_ln65_fu_206_p2">+, 0, 0, 21, 1, 14</column>
<column name="add_ln66_fu_374_p2">+, 0, 0, 21, 1, 14</column>
<column name="add_ln68_fu_354_p2">+, 0, 0, 16, 1, 9</column>
<column name="c5_V_fu_212_p2">+, 0, 0, 9, 1, 2</column>
<column name="c6_V_fu_278_p2">+, 0, 0, 15, 1, 6</column>
<column name="c8_V_fu_348_p2">+, 0, 0, 15, 1, 5</column>
<column name="and_ln1371_fu_314_p2">and, 0, 0, 2, 1, 1</column>
<column name="and_ln544_2_fu_260_p2">and, 0, 0, 2, 1, 1</column>
<column name="and_ln544_3_fu_272_p2">and, 0, 0, 2, 1, 1</column>
<column name="and_ln544_fu_420_p2">and, 0, 0, 2, 1, 1</column>
<column name="ap_block_pp0_stage0_01001">and, 0, 0, 2, 1, 1</column>
<column name="ap_block_state5_pp0_stage0_iter3">and, 0, 0, 2, 1, 1</column>
<column name="icmp_ln65_fu_200_p2">icmp, 0, 0, 13, 14, 15</column>
<column name="icmp_ln66_fu_218_p2">icmp, 0, 0, 13, 14, 13</column>
<column name="icmp_ln68_fu_266_p2">icmp, 0, 0, 13, 9, 8</column>
<column name="icmp_ln70_fu_254_p2">icmp, 0, 0, 11, 5, 6</column>
<column name="or_ln1371_fu_308_p2">or, 0, 0, 2, 1, 1</column>
<column name="or_ln68_fu_360_p2">or, 0, 0, 2, 1, 1</column>
<column name="or_ln70_1_fu_334_p2">or, 0, 0, 2, 1, 1</column>
<column name="or_ln70_fu_328_p2">or, 0, 0, 2, 1, 1</column>
<column name="out_data_V_fu_448_p3">select, 0, 0, 221, 1, 256</column>
<column name="select_ln1371_21_fu_427_p3">select, 0, 0, 2, 1, 1</column>
<column name="select_ln1371_fu_294_p3">select, 0, 0, 4, 1, 4</column>
<column name="select_ln544_23_fu_232_p3">select, 0, 0, 2, 1, 2</column>
<column name="select_ln544_24_fu_240_p3">select, 0, 0, 4, 1, 1</column>
<column name="select_ln544_fu_224_p3">select, 0, 0, 6, 1, 1</column>
<column name="select_ln66_1_fu_380_p3">select, 0, 0, 14, 1, 1</column>
<column name="select_ln66_fu_320_p3">select, 0, 0, 6, 1, 6</column>
<column name="select_ln68_fu_366_p3">select, 0, 0, 9, 1, 1</column>
<column name="select_ln70_fu_340_p3">select, 0, 0, 5, 1, 1</column>
<column name="ap_enable_pp0">xor, 0, 0, 2, 1, 2</column>
<column name="ap_enable_reg_pp0_iter1">xor, 0, 0, 2, 2, 1</column>
<column name="xor_ln1371_fu_302_p2">xor, 0, 0, 2, 1, 2</column>
<column name="xor_ln544_fu_248_p2">xor, 0, 0, 2, 1, 2</column>
</table>
</item>
<item name = "Multiplexer"><table name="" hasTotal="1">
<keys size="5">Name, LUT, Input Size, Bits, Total Bits</keys>
<column name="ap_NS_fsm">21, 4, 1, 4</column>
<column name="ap_enable_reg_pp0_iter1">9, 2, 1, 2</column>
<column name="ap_enable_reg_pp0_iter3">9, 2, 1, 2</column>
<column name="ap_phi_mux_p_0189_0_phi_fu_135_p4">9, 2, 2, 4</column>
<column name="fifo_A_local_out_V_V_blk_n">9, 2, 1, 2</column>
<column name="indvar_flatten11_reg_142">9, 2, 14, 28</column>
<column name="indvar_flatten39_reg_120">9, 2, 14, 28</column>
<column name="indvar_flatten_reg_164">9, 2, 9, 18</column>
<column name="p_0189_0_reg_131">9, 2, 2, 4</column>
<column name="p_054_0_reg_175">9, 2, 5, 10</column>
<column name="p_074_0_reg_153">9, 2, 6, 12</column>
</table>
</item>
<item name = "Register"><table name="" hasTotal="1">
<keys size="5">Name, FF, LUT, Bits, Const Bits</keys>
<column name="and_ln544_3_reg_485">1, 0, 1, 0</column>
<column name="and_ln544_3_reg_485_pp0_iter1_reg">1, 0, 1, 0</column>
<column name="ap_CS_fsm">3, 0, 3, 0</column>
<column name="ap_enable_reg_pp0_iter0">1, 0, 1, 0</column>
<column name="ap_enable_reg_pp0_iter1">1, 0, 1, 0</column>
<column name="ap_enable_reg_pp0_iter2">1, 0, 1, 0</column>
<column name="ap_enable_reg_pp0_iter3">1, 0, 1, 0</column>
<column name="c6_V_reg_490">6, 0, 6, 0</column>
<column name="c6_V_reg_490_pp0_iter1_reg">6, 0, 6, 0</column>
<column name="icmp_ln65_reg_465">1, 0, 1, 0</column>
<column name="indvar_flatten11_reg_142">14, 0, 14, 0</column>
<column name="indvar_flatten39_reg_120">14, 0, 14, 0</column>
<column name="indvar_flatten_reg_164">9, 0, 9, 0</column>
<column name="out_data_V_reg_530">256, 0, 256, 0</column>
<column name="p_0189_0_reg_131">2, 0, 2, 0</column>
<column name="p_054_0_reg_175">5, 0, 5, 0</column>
<column name="p_074_0_reg_153">6, 0, 6, 0</column>
<column name="select_ln1371_reg_495">4, 0, 4, 0</column>
<column name="select_ln544_23_reg_474">2, 0, 2, 0</column>
<column name="select_ln70_reg_505">5, 0, 5, 0</column>
<column name="trunc_ln321_reg_460">1, 0, 1, 0</column>
<column name="trunc_ln321_reg_460_pp0_iter1_reg">1, 0, 1, 0</column>
<column name="xor_ln544_reg_480">1, 0, 1, 0</column>
<column name="xor_ln544_reg_480_pp0_iter1_reg">1, 0, 1, 0</column>
<column name="icmp_ln65_reg_465">64, 32, 1, 0</column>
</table>
</item>
</section>
</item>
</section>

<section name = "Interface" level="0">
<item name = "Summary"><table name="" hasTotal="0">
<keys size="6">RTL Ports, Dir, Bits, Protocol, Source Object, C Type</keys>
<column name="ap_clk">in, 1, ap_ctrl_hs, A_IO_L2_in_intra_trans, return value</column>
<column name="ap_rst">in, 1, ap_ctrl_hs, A_IO_L2_in_intra_trans, return value</column>
<column name="ap_start">in, 1, ap_ctrl_hs, A_IO_L2_in_intra_trans, return value</column>
<column name="ap_done">out, 1, ap_ctrl_hs, A_IO_L2_in_intra_trans, return value</column>
<column name="ap_idle">out, 1, ap_ctrl_hs, A_IO_L2_in_intra_trans, return value</column>
<column name="ap_ready">out, 1, ap_ctrl_hs, A_IO_L2_in_intra_trans, return value</column>
<column name="local_A_V_address0">out, 9, ap_memory, local_A_V, array</column>
<column name="local_A_V_ce0">out, 1, ap_memory, local_A_V, array</column>
<column name="local_A_V_q0">in, 512, ap_memory, local_A_V, array</column>
<column name="fifo_A_local_out_V_V_din">out, 256, ap_fifo, fifo_A_local_out_V_V, pointer</column>
<column name="fifo_A_local_out_V_V_full_n">in, 1, ap_fifo, fifo_A_local_out_V_V, pointer</column>
<column name="fifo_A_local_out_V_V_write">out, 1, ap_fifo, fifo_A_local_out_V_V, pointer</column>
<column name="intra_trans_en">in, 1, ap_none, intra_trans_en, scalar</column>
</table>
</item>
</section>
</profile>
