<stg><name>B_IO_L3_in</name>


<trans_list>

<trans id="21" from="1" to="2">
<condition id="-1">
<or_exp><and_exp></and_exp></or_exp>
</condition>
</trans>

<trans id="27" from="2" to="4">
<condition id="-1">
<or_exp><and_exp><literal name="icmp_ln366" val="1"/>
</and_exp></or_exp>
</condition>
</trans>

<trans id="28" from="2" to="3">
<condition id="-1">
<or_exp><and_exp><literal name="icmp_ln366" val="0"/>
</and_exp></or_exp>
</condition>
</trans>

<trans id="26" from="3" to="2">
<condition id="-1">
<or_exp><and_exp></and_exp></or_exp>
</condition>
</trans>
</trans_list>



<state_list>

<state id="1" st_id="1">

<operation id="5" st_id="1" stage="1" lat="1">
<core>NULL</core>
<MemPortIdVec></MemPortIdVec>
<condition id="-1">
<or_exp><and_exp></and_exp></or_exp>
</condition>

<Node id="3" bw="0" op_0_bw="0" op_1_bw="256" op_2_bw="0" op_3_bw="32" op_4_bw="32" op_5_bw="0" op_6_bw="32" op_7_bw="32" op_8_bw="0" op_9_bw="0" op_10_bw="0" op_11_bw="32" op_12_bw="32" op_13_bw="32" op_14_bw="32" op_15_bw="0" op_16_bw="0">
<![CDATA[
:0  call void (...)* @_ssdm_op_SpecInterface(i256* %fifo_B_local_out_V_V, [8 x i8]* @ap_fifo_str, i32 0, i32 0, [1 x i8]* @p_str, i32 0, i32 0, [1 x i8]* @p_str, [1 x i8]* @p_str, [1 x i8]* @p_str, i32 2, i32 2, i32 16, i32 16, [1 x i8]* @p_str, [1 x i8]* @p_str)

]]></Node>
<StgValue><ssdm name="specinterface_ln0"/></StgValue>
</operation>

<operation id="6" st_id="1" stage="1" lat="1">
<core>NULL</core>
<MemPortIdVec></MemPortIdVec>
<condition id="-1">
<or_exp><and_exp></and_exp></or_exp>
</condition>

<Node id="4" bw="0" op_0_bw="0" op_1_bw="256" op_2_bw="0" op_3_bw="32" op_4_bw="32" op_5_bw="0" op_6_bw="32" op_7_bw="32" op_8_bw="0" op_9_bw="0" op_10_bw="0" op_11_bw="32" op_12_bw="32" op_13_bw="32" op_14_bw="32" op_15_bw="0" op_16_bw="0">
<![CDATA[
:1  call void (...)* @_ssdm_op_SpecInterface(i256* %fifo_B_in_V_V, [8 x i8]* @ap_fifo_str, i32 0, i32 0, [1 x i8]* @p_str, i32 0, i32 0, [1 x i8]* @p_str, [1 x i8]* @p_str, [1 x i8]* @p_str, i32 2, i32 2, i32 16, i32 16, [1 x i8]* @p_str, [1 x i8]* @p_str)

]]></Node>
<StgValue><ssdm name="specinterface_ln0"/></StgValue>
</operation>

<operation id="7" st_id="1" stage="1" lat="1">
<core>NULL</core>
<MemPortIdVec></MemPortIdVec>
<condition id="-1">
<or_exp><and_exp></and_exp></or_exp>
</condition>

<Node id="5" bw="0" op_0_bw="0" op_1_bw="256" op_2_bw="0" op_3_bw="0" op_4_bw="0" op_5_bw="32" op_6_bw="0" op_7_bw="0" op_8_bw="0" op_9_bw="0" op_10_bw="0">
<![CDATA[
:2  call void (...)* @_ssdm_op_SpecMemCore(i256* %fifo_B_local_out_V_V, [1 x i8]* @p_str, [9 x i8]* @p_str50, [1 x i8]* @p_str, i32 -1, [1 x i8]* @p_str, [1 x i8]* @p_str, [1 x i8]* @p_str, [1 x i8]* @p_str, [1 x i8]* @p_str)

]]></Node>
<StgValue><ssdm name="specmemcore_ln0"/></StgValue>
</operation>

<operation id="8" st_id="1" stage="1" lat="1">
<core>NULL</core>
<MemPortIdVec></MemPortIdVec>
<condition id="-1">
<or_exp><and_exp></and_exp></or_exp>
</condition>

<Node id="6" bw="0" op_0_bw="0">
<![CDATA[
:3  br label %.preheader

]]></Node>
<StgValue><ssdm name="br_ln366"/></StgValue>
</operation>
</state>

<state id="2" st_id="2">

<operation id="9" st_id="2" stage="1" lat="1">
<core>NULL</core>
<MemPortIdVec></MemPortIdVec>
<condition id="-1">
<or_exp><and_exp></and_exp></or_exp>
</condition>

<Node id="8" bw="15" op_0_bw="15" op_1_bw="0" op_2_bw="15" op_3_bw="0">
<![CDATA[
.preheader:0  %indvar_flatten59 = phi i15 [ 0, %0 ], [ %add_ln366, %hls_label_7 ]

]]></Node>
<StgValue><ssdm name="indvar_flatten59"/></StgValue>
</operation>

<operation id="10" st_id="2" stage="1" lat="1">
<core>Cmp</core>
<MemPortIdVec></MemPortIdVec>
<condition id="-1">
<or_exp><and_exp></and_exp></or_exp>
</condition>

<Node id="9" bw="1" op_0_bw="15" op_1_bw="15">
<![CDATA[
.preheader:1  %icmp_ln366 = icmp eq i15 %indvar_flatten59, -16384

]]></Node>
<StgValue><ssdm name="icmp_ln366"/></StgValue>
</operation>

<operation id="11" st_id="2" stage="1" lat="1">
<core>AddSub</core>
<MemPortIdVec></MemPortIdVec>
<condition id="-1">
<or_exp><and_exp></and_exp></or_exp>
</condition>

<Node id="10" bw="15" op_0_bw="15" op_1_bw="15">
<![CDATA[
.preheader:2  %add_ln366 = add i15 %indvar_flatten59, 1

]]></Node>
<StgValue><ssdm name="add_ln366"/></StgValue>
</operation>

<operation id="12" st_id="2" stage="1" lat="1">
<core>NULL</core>
<MemPortIdVec></MemPortIdVec>
<condition id="-1">
<or_exp><and_exp></and_exp></or_exp>
</condition>

<Node id="11" bw="0" op_0_bw="1" op_1_bw="0" op_2_bw="0">
<![CDATA[
.preheader:3  br i1 %icmp_ln366, label %1, label %hls_label_7

]]></Node>
<StgValue><ssdm name="br_ln366"/></StgValue>
</operation>
</state>

<state id="3" st_id="3">

<operation id="13" st_id="3" stage="1" lat="1">
<core>NULL</core>
<MemPortIdVec></MemPortIdVec>
<condition id="-1">
<or_exp><and_exp><literal name="icmp_ln366" val="0"/>
</and_exp></or_exp>
</condition>

<Node id="13" bw="32" op_0_bw="32" op_1_bw="64" op_2_bw="64" op_3_bw="64">
<![CDATA[
hls_label_7:0  %empty = call i32 (...)* @_ssdm_op_SpecLoopTripCount(i64 16384, i64 16384, i64 16384)

]]></Node>
<StgValue><ssdm name="empty"/></StgValue>
</operation>

<operation id="14" st_id="3" stage="1" lat="1">
<core>NULL</core>
<MemPortIdVec></MemPortIdVec>
<condition id="-1">
<or_exp><and_exp><literal name="icmp_ln366" val="0"/>
</and_exp></or_exp>
</condition>

<Node id="14" bw="32" op_0_bw="32" op_1_bw="0">
<![CDATA[
hls_label_7:1  %tmp = call i32 (...)* @_ssdm_op_SpecRegionBegin([12 x i8]* @p_str10)

]]></Node>
<StgValue><ssdm name="tmp"/></StgValue>
</operation>

<operation id="15" st_id="3" stage="1" lat="1">
<core>NULL</core>
<MemPortIdVec></MemPortIdVec>
<condition id="-1">
<or_exp><and_exp><literal name="icmp_ln366" val="0"/>
</and_exp></or_exp>
</condition>

<Node id="15" bw="0" op_0_bw="0" op_1_bw="32" op_2_bw="32" op_3_bw="32" op_4_bw="32" op_5_bw="0">
<![CDATA[
hls_label_7:2  call void (...)* @_ssdm_op_SpecPipeline(i32 1, i32 1, i32 1, i32 0, [1 x i8]* @p_str) nounwind

]]></Node>
<StgValue><ssdm name="specpipeline_ln374"/></StgValue>
</operation>

<operation id="16" st_id="3" stage="1" lat="1">
<core>FIFO_SRL</core>
<MemPortIdVec></MemPortIdVec>
<condition id="-1">
<or_exp><and_exp><literal name="icmp_ln366" val="0"/>
</and_exp></or_exp>
</condition>

<Node id="16" bw="256" op_0_bw="256" op_1_bw="256">
<![CDATA[
hls_label_7:3  %tmp_V = call i256 @_ssdm_op_Read.ap_fifo.volatile.i256P(i256* %fifo_B_in_V_V)

]]></Node>
<StgValue><ssdm name="tmp_V"/></StgValue>
</operation>

<operation id="17" st_id="3" stage="1" lat="1">
<core>FIFO_SRL</core>
<MemPortIdVec></MemPortIdVec>
<condition id="-1">
<or_exp><and_exp><literal name="icmp_ln366" val="0"/>
</and_exp></or_exp>
</condition>

<Node id="17" bw="0" op_0_bw="0" op_1_bw="256" op_2_bw="256">
<![CDATA[
hls_label_7:4  call void @_ssdm_op_Write.ap_fifo.volatile.i256P(i256* %fifo_B_local_out_V_V, i256 %tmp_V)

]]></Node>
<StgValue><ssdm name="write_ln382"/></StgValue>
</operation>

<operation id="18" st_id="3" stage="1" lat="1">
<core>NULL</core>
<MemPortIdVec></MemPortIdVec>
<condition id="-1">
<or_exp><and_exp><literal name="icmp_ln366" val="0"/>
</and_exp></or_exp>
</condition>

<Node id="18" bw="32" op_0_bw="32" op_1_bw="0" op_2_bw="32">
<![CDATA[
hls_label_7:5  %empty_999 = call i32 (...)* @_ssdm_op_SpecRegionEnd([12 x i8]* @p_str10, i32 %tmp)

]]></Node>
<StgValue><ssdm name="empty_999"/></StgValue>
</operation>

<operation id="19" st_id="3" stage="1" lat="1">
<core>NULL</core>
<MemPortIdVec></MemPortIdVec>
<condition id="-1">
<or_exp><and_exp><literal name="icmp_ln366" val="0"/>
</and_exp></or_exp>
</condition>

<Node id="19" bw="0" op_0_bw="0">
<![CDATA[
hls_label_7:6  br label %.preheader

]]></Node>
<StgValue><ssdm name="br_ln373"/></StgValue>
</operation>
</state>

<state id="4" st_id="4">

<operation id="20" st_id="4" stage="1" lat="1">
<core>NULL</core>
<MemPortIdVec></MemPortIdVec>
<condition id="-1">
<or_exp><and_exp></and_exp></or_exp>
</condition>

<Node id="21" bw="0">
<![CDATA[
:0  ret void

]]></Node>
<StgValue><ssdm name="ret_ln387"/></StgValue>
</operation>
</state>
</state_list>


<ports>
<port id="29" name="fifo_B_in_V_V" dir="0" iftype="3">
<core>FIFO_SRL</core><StgValue><ssdm name="fifo_B_in_V_V"/></StgValue>
</port>
<port id="30" name="fifo_B_local_out_V_V" dir="1" iftype="3">
<core>FIFO_SRL</core><StgValue><ssdm name="fifo_B_local_out_V_V"/></StgValue>
</port>
</ports>


<dataflows>
<dataflow id="32" from="_ssdm_op_SpecInterface" to="specinterface_ln0" fromId="31" toId="5">
</dataflow>
<dataflow id="33" from="fifo_B_local_out_V_V" to="specinterface_ln0" fromId="30" toId="5">
</dataflow>
<dataflow id="35" from="ap_fifo_str" to="specinterface_ln0" fromId="34" toId="5">
</dataflow>
<dataflow id="37" from="StgValue_36" to="specinterface_ln0" fromId="36" toId="5">
</dataflow>
<dataflow id="38" from="StgValue_36" to="specinterface_ln0" fromId="36" toId="5">
</dataflow>
<dataflow id="40" from="p_str" to="specinterface_ln0" fromId="39" toId="5">
</dataflow>
<dataflow id="41" from="StgValue_36" to="specinterface_ln0" fromId="36" toId="5">
</dataflow>
<dataflow id="42" from="StgValue_36" to="specinterface_ln0" fromId="36" toId="5">
</dataflow>
<dataflow id="43" from="p_str" to="specinterface_ln0" fromId="39" toId="5">
</dataflow>
<dataflow id="44" from="p_str" to="specinterface_ln0" fromId="39" toId="5">
</dataflow>
<dataflow id="45" from="p_str" to="specinterface_ln0" fromId="39" toId="5">
</dataflow>
<dataflow id="47" from="StgValue_46" to="specinterface_ln0" fromId="46" toId="5">
</dataflow>
<dataflow id="48" from="StgValue_46" to="specinterface_ln0" fromId="46" toId="5">
</dataflow>
<dataflow id="50" from="StgValue_49" to="specinterface_ln0" fromId="49" toId="5">
</dataflow>
<dataflow id="51" from="StgValue_49" to="specinterface_ln0" fromId="49" toId="5">
</dataflow>
<dataflow id="52" from="p_str" to="specinterface_ln0" fromId="39" toId="5">
</dataflow>
<dataflow id="53" from="p_str" to="specinterface_ln0" fromId="39" toId="5">
</dataflow>
<dataflow id="54" from="_ssdm_op_SpecInterface" to="specinterface_ln0" fromId="31" toId="6">
</dataflow>
<dataflow id="55" from="fifo_B_in_V_V" to="specinterface_ln0" fromId="29" toId="6">
</dataflow>
<dataflow id="56" from="ap_fifo_str" to="specinterface_ln0" fromId="34" toId="6">
</dataflow>
<dataflow id="57" from="StgValue_36" to="specinterface_ln0" fromId="36" toId="6">
</dataflow>
<dataflow id="58" from="StgValue_36" to="specinterface_ln0" fromId="36" toId="6">
</dataflow>
<dataflow id="59" from="p_str" to="specinterface_ln0" fromId="39" toId="6">
</dataflow>
<dataflow id="60" from="StgValue_36" to="specinterface_ln0" fromId="36" toId="6">
</dataflow>
<dataflow id="61" from="StgValue_36" to="specinterface_ln0" fromId="36" toId="6">
</dataflow>
<dataflow id="62" from="p_str" to="specinterface_ln0" fromId="39" toId="6">
</dataflow>
<dataflow id="63" from="p_str" to="specinterface_ln0" fromId="39" toId="6">
</dataflow>
<dataflow id="64" from="p_str" to="specinterface_ln0" fromId="39" toId="6">
</dataflow>
<dataflow id="65" from="StgValue_46" to="specinterface_ln0" fromId="46" toId="6">
</dataflow>
<dataflow id="66" from="StgValue_46" to="specinterface_ln0" fromId="46" toId="6">
</dataflow>
<dataflow id="67" from="StgValue_49" to="specinterface_ln0" fromId="49" toId="6">
</dataflow>
<dataflow id="68" from="StgValue_49" to="specinterface_ln0" fromId="49" toId="6">
</dataflow>
<dataflow id="69" from="p_str" to="specinterface_ln0" fromId="39" toId="6">
</dataflow>
<dataflow id="70" from="p_str" to="specinterface_ln0" fromId="39" toId="6">
</dataflow>
<dataflow id="72" from="_ssdm_op_SpecMemCore" to="specmemcore_ln0" fromId="71" toId="7">
</dataflow>
<dataflow id="73" from="fifo_B_local_out_V_V" to="specmemcore_ln0" fromId="30" toId="7">
</dataflow>
<dataflow id="74" from="p_str" to="specmemcore_ln0" fromId="39" toId="7">
</dataflow>
<dataflow id="76" from="p_str50" to="specmemcore_ln0" fromId="75" toId="7">
</dataflow>
<dataflow id="77" from="p_str" to="specmemcore_ln0" fromId="39" toId="7">
</dataflow>
<dataflow id="79" from="StgValue_78" to="specmemcore_ln0" fromId="78" toId="7">
</dataflow>
<dataflow id="80" from="p_str" to="specmemcore_ln0" fromId="39" toId="7">
</dataflow>
<dataflow id="81" from="p_str" to="specmemcore_ln0" fromId="39" toId="7">
</dataflow>
<dataflow id="82" from="p_str" to="specmemcore_ln0" fromId="39" toId="7">
</dataflow>
<dataflow id="83" from="p_str" to="specmemcore_ln0" fromId="39" toId="7">
</dataflow>
<dataflow id="84" from="p_str" to="specmemcore_ln0" fromId="39" toId="7">
</dataflow>
<dataflow id="86" from="StgValue_85" to="indvar_flatten59" fromId="85" toId="9">
<condition id="-1">
<or_exp><and_exp></and_exp></or_exp>
</condition>
</dataflow>
<dataflow id="87" from="br_ln366" to="indvar_flatten59" fromId="8" toId="9">
</dataflow>
<dataflow id="88" from="add_ln366" to="indvar_flatten59" fromId="11" toId="9">
<BackEdge/>
<condition id="-1">
<or_exp><and_exp><literal name="icmp_ln366" val="0"/>
</and_exp></or_exp>
</condition>
</dataflow>
<dataflow id="89" from="br_ln373" to="indvar_flatten59" fromId="19" toId="9">
<BackEdge/>
</dataflow>
<dataflow id="90" from="indvar_flatten59" to="icmp_ln366" fromId="9" toId="10">
</dataflow>
<dataflow id="92" from="StgValue_91" to="icmp_ln366" fromId="91" toId="10">
</dataflow>
<dataflow id="93" from="indvar_flatten59" to="add_ln366" fromId="9" toId="11">
</dataflow>
<dataflow id="95" from="StgValue_94" to="add_ln366" fromId="94" toId="11">
</dataflow>
<dataflow id="96" from="icmp_ln366" to="br_ln366" fromId="10" toId="12">
</dataflow>
<dataflow id="98" from="_ssdm_op_SpecLoopTripCount" to="empty" fromId="97" toId="13">
</dataflow>
<dataflow id="100" from="StgValue_99" to="empty" fromId="99" toId="13">
</dataflow>
<dataflow id="101" from="StgValue_99" to="empty" fromId="99" toId="13">
</dataflow>
<dataflow id="102" from="StgValue_99" to="empty" fromId="99" toId="13">
</dataflow>
<dataflow id="104" from="_ssdm_op_SpecRegionBegin" to="tmp" fromId="103" toId="14">
</dataflow>
<dataflow id="106" from="p_str10" to="tmp" fromId="105" toId="14">
</dataflow>
<dataflow id="108" from="_ssdm_op_SpecPipeline" to="specpipeline_ln374" fromId="107" toId="15">
</dataflow>
<dataflow id="110" from="StgValue_109" to="specpipeline_ln374" fromId="109" toId="15">
</dataflow>
<dataflow id="111" from="StgValue_109" to="specpipeline_ln374" fromId="109" toId="15">
</dataflow>
<dataflow id="112" from="StgValue_109" to="specpipeline_ln374" fromId="109" toId="15">
</dataflow>
<dataflow id="113" from="StgValue_36" to="specpipeline_ln374" fromId="36" toId="15">
</dataflow>
<dataflow id="114" from="p_str" to="specpipeline_ln374" fromId="39" toId="15">
</dataflow>
<dataflow id="116" from="_ssdm_op_Read.ap_fifo.volatile.i256P" to="tmp_V" fromId="115" toId="16">
</dataflow>
<dataflow id="117" from="fifo_B_in_V_V" to="tmp_V" fromId="29" toId="16">
</dataflow>
<dataflow id="119" from="_ssdm_op_Write.ap_fifo.volatile.i256P" to="write_ln382" fromId="118" toId="17">
</dataflow>
<dataflow id="120" from="fifo_B_local_out_V_V" to="write_ln382" fromId="30" toId="17">
</dataflow>
<dataflow id="121" from="tmp_V" to="write_ln382" fromId="16" toId="17">
</dataflow>
<dataflow id="123" from="_ssdm_op_SpecRegionEnd" to="empty_999" fromId="122" toId="18">
</dataflow>
<dataflow id="124" from="p_str10" to="empty_999" fromId="105" toId="18">
</dataflow>
<dataflow id="125" from="tmp" to="empty_999" fromId="14" toId="18">
</dataflow>
<dataflow id="126" from="icmp_ln366" to="StgValue_3" fromId="10" toId="3">
</dataflow>
<dataflow id="127" from="icmp_ln366" to="StgValue_2" fromId="10" toId="2">
</dataflow>
</dataflows>


</stg>
