<stg><name>B_IO_L2_in180</name>


<trans_list>

<trans id="59" from="1" to="2">
<condition id="-1">
<or_exp><and_exp></and_exp></or_exp>
</condition>
</trans>

<trans id="60" from="2" to="6">
<condition id="-1">
<or_exp><and_exp><literal name="icmp_ln539" val="1"/>
</and_exp></or_exp>
</condition>
</trans>

<trans id="61" from="2" to="3">
<condition id="-1">
<or_exp><and_exp><literal name="icmp_ln539" val="0"/>
</and_exp></or_exp>
</condition>
</trans>

<trans id="62" from="3" to="4">
<condition id="-1">
<or_exp><and_exp><literal name="icmp_ln540" val="0"/>
</and_exp></or_exp>
</condition>
</trans>

<trans id="68" from="3" to="2">
<condition id="-1">
<or_exp><and_exp><literal name="icmp_ln540" val="1"/>
</and_exp></or_exp>
</condition>
</trans>

<trans id="63" from="4" to="5">
<condition id="-1">
<or_exp><and_exp><literal name="icmp_ln541" val="0"/>
</and_exp></or_exp>
</condition>
</trans>

<trans id="67" from="4" to="3">
<condition id="-1">
<or_exp><and_exp><literal name="icmp_ln541" val="1"/>
</and_exp></or_exp>
</condition>
</trans>

<trans id="66" from="5" to="4">
<condition id="-1">
<or_exp><and_exp></and_exp></or_exp>
</condition>
</trans>
</trans_list>



<state_list>

<state id="1" st_id="1">

<operation id="7" st_id="1" stage="1" lat="1">
<core>NULL</core>
<MemPortIdVec></MemPortIdVec>
<condition id="-1">
<or_exp><and_exp></and_exp></or_exp>
</condition>

<Node id="4" bw="1" op_0_bw="32">
<![CDATA[
:0  %intra_trans_en_0 = alloca i1

]]></Node>
<StgValue><ssdm name="intra_trans_en_0"/></StgValue>
</operation>

<operation id="8" st_id="1" stage="1" lat="1">
<core>NULL</core>
<MemPortIdVec></MemPortIdVec>
<condition id="-1">
<or_exp><and_exp></and_exp></or_exp>
</condition>

<Node id="5" bw="0" op_0_bw="0" op_1_bw="32" op_2_bw="0" op_3_bw="32" op_4_bw="32" op_5_bw="0" op_6_bw="32" op_7_bw="32" op_8_bw="0" op_9_bw="0" op_10_bw="0" op_11_bw="32" op_12_bw="32" op_13_bw="32" op_14_bw="32" op_15_bw="0" op_16_bw="0">
<![CDATA[
:1  call void (...)* @_ssdm_op_SpecInterface(float* %fifo_B_local_out_V, [8 x i8]* @ap_fifo_str, i32 0, i32 0, [1 x i8]* @p_str, i32 0, i32 0, [1 x i8]* @p_str, [1 x i8]* @p_str, [1 x i8]* @p_str, i32 2, i32 2, i32 16, i32 16, [1 x i8]* @p_str, [1 x i8]* @p_str)

]]></Node>
<StgValue><ssdm name="specinterface_ln0"/></StgValue>
</operation>

<operation id="9" st_id="1" stage="1" lat="1">
<core>NULL</core>
<MemPortIdVec></MemPortIdVec>
<condition id="-1">
<or_exp><and_exp></and_exp></or_exp>
</condition>

<Node id="6" bw="0" op_0_bw="0" op_1_bw="256" op_2_bw="0" op_3_bw="32" op_4_bw="32" op_5_bw="0" op_6_bw="32" op_7_bw="32" op_8_bw="0" op_9_bw="0" op_10_bw="0" op_11_bw="32" op_12_bw="32" op_13_bw="32" op_14_bw="32" op_15_bw="0" op_16_bw="0">
<![CDATA[
:2  call void (...)* @_ssdm_op_SpecInterface(i256* %fifo_B_out_V_V, [8 x i8]* @ap_fifo_str, i32 0, i32 0, [1 x i8]* @p_str, i32 0, i32 0, [1 x i8]* @p_str, [1 x i8]* @p_str, [1 x i8]* @p_str, i32 2, i32 2, i32 16, i32 16, [1 x i8]* @p_str, [1 x i8]* @p_str)

]]></Node>
<StgValue><ssdm name="specinterface_ln0"/></StgValue>
</operation>

<operation id="10" st_id="1" stage="1" lat="1">
<core>NULL</core>
<MemPortIdVec></MemPortIdVec>
<condition id="-1">
<or_exp><and_exp></and_exp></or_exp>
</condition>

<Node id="7" bw="0" op_0_bw="0" op_1_bw="256" op_2_bw="0" op_3_bw="32" op_4_bw="32" op_5_bw="0" op_6_bw="32" op_7_bw="32" op_8_bw="0" op_9_bw="0" op_10_bw="0" op_11_bw="32" op_12_bw="32" op_13_bw="32" op_14_bw="32" op_15_bw="0" op_16_bw="0">
<![CDATA[
:3  call void (...)* @_ssdm_op_SpecInterface(i256* %fifo_B_in_V_V, [8 x i8]* @ap_fifo_str, i32 0, i32 0, [1 x i8]* @p_str, i32 0, i32 0, [1 x i8]* @p_str, [1 x i8]* @p_str, [1 x i8]* @p_str, i32 2, i32 2, i32 16, i32 16, [1 x i8]* @p_str, [1 x i8]* @p_str)

]]></Node>
<StgValue><ssdm name="specinterface_ln0"/></StgValue>
</operation>

<operation id="11" st_id="1" stage="1" lat="1">
<core>NULL</core>
<MemPortIdVec></MemPortIdVec>
<condition id="-1">
<or_exp><and_exp></and_exp></or_exp>
</condition>

<Node id="8" bw="0" op_0_bw="0" op_1_bw="32" op_2_bw="0" op_3_bw="0" op_4_bw="0" op_5_bw="32" op_6_bw="0" op_7_bw="0" op_8_bw="0" op_9_bw="0" op_10_bw="0">
<![CDATA[
:4  call void (...)* @_ssdm_op_SpecMemCore(float* %fifo_B_local_out_V, [1 x i8]* @p_str, [9 x i8]* @p_str50, [1 x i8]* @p_str, i32 -1, [1 x i8]* @p_str, [1 x i8]* @p_str, [1 x i8]* @p_str, [1 x i8]* @p_str, [1 x i8]* @p_str)

]]></Node>
<StgValue><ssdm name="specmemcore_ln0"/></StgValue>
</operation>

<operation id="12" st_id="1" stage="1" lat="1">
<core>NULL</core>
<MemPortIdVec></MemPortIdVec>
<condition id="-1">
<or_exp><and_exp></and_exp></or_exp>
</condition>

<Node id="9" bw="0" op_0_bw="0" op_1_bw="256" op_2_bw="0" op_3_bw="0" op_4_bw="0" op_5_bw="32" op_6_bw="0" op_7_bw="0" op_8_bw="0" op_9_bw="0" op_10_bw="0">
<![CDATA[
:5  call void (...)* @_ssdm_op_SpecMemCore(i256* %fifo_B_out_V_V, [1 x i8]* @p_str, [9 x i8]* @p_str50, [1 x i8]* @p_str, i32 -1, [1 x i8]* @p_str, [1 x i8]* @p_str, [1 x i8]* @p_str, [1 x i8]* @p_str, [1 x i8]* @p_str)

]]></Node>
<StgValue><ssdm name="specmemcore_ln0"/></StgValue>
</operation>

<operation id="13" st_id="1" stage="1" lat="1">
<core>NULL</core>
<MemPortIdVec></MemPortIdVec>
<condition id="-1">
<or_exp><and_exp></and_exp></or_exp>
</condition>

<Node id="10" bw="0" op_0_bw="0" op_1_bw="256" op_2_bw="0" op_3_bw="0" op_4_bw="0" op_5_bw="32" op_6_bw="0" op_7_bw="0" op_8_bw="0" op_9_bw="0" op_10_bw="0">
<![CDATA[
:6  call void (...)* @_ssdm_op_SpecMemCore(i256* %fifo_B_in_V_V, [1 x i8]* @p_str, [9 x i8]* @p_str50, [1 x i8]* @p_str, i32 -1, [1 x i8]* @p_str, [1 x i8]* @p_str, [1 x i8]* @p_str, [1 x i8]* @p_str, [1 x i8]* @p_str)

]]></Node>
<StgValue><ssdm name="specmemcore_ln0"/></StgValue>
</operation>

<operation id="14" st_id="1" stage="1" lat="1">
<core>RAM_2P_BRAM</core>
<MemPortIdVec></MemPortIdVec>
<condition id="-1">
<or_exp><and_exp></and_exp></or_exp>
</condition>

<Node id="11" bw="256" op_0_bw="64">
<![CDATA[
:7  %local_B_ping_V = alloca [2 x i256], align 8

]]></Node>
<StgValue><ssdm name="local_B_ping_V"/><MemPortTyVec>1 0 </MemPortTyVec>
</StgValue>
</operation>

<operation id="15" st_id="1" stage="1" lat="1">
<core>RAM_2P_BRAM</core>
<MemPortIdVec></MemPortIdVec>
<condition id="-1">
<or_exp><and_exp></and_exp></or_exp>
</condition>

<Node id="12" bw="256" op_0_bw="64">
<![CDATA[
:8  %local_B_pong_V = alloca [2 x i256], align 8

]]></Node>
<StgValue><ssdm name="local_B_pong_V"/><MemPortTyVec>1 0 </MemPortTyVec>
</StgValue>
</operation>

<operation id="16" st_id="1" stage="1" lat="1">
<core>NULL</core>
<MemPortIdVec></MemPortIdVec>
<condition id="-1">
<or_exp><and_exp></and_exp></or_exp>
</condition>

<Node id="13" bw="0" op_0_bw="0" op_1_bw="256" op_2_bw="0" op_3_bw="0" op_4_bw="0" op_5_bw="32" op_6_bw="0" op_7_bw="0" op_8_bw="0" op_9_bw="0" op_10_bw="0">
<![CDATA[
:9  call void (...)* @_ssdm_op_SpecMemCore([2 x i256]* %local_B_ping_V, [1 x i8]* @p_str, [12 x i8]* @p_str9, [1 x i8]* @p_str, i32 -1, [1 x i8]* @p_str, [1 x i8]* @p_str, [1 x i8]* @p_str, [1 x i8]* @p_str, [1 x i8]* @p_str)

]]></Node>
<StgValue><ssdm name="specmemcore_ln527"/></StgValue>
</operation>

<operation id="17" st_id="1" stage="1" lat="1">
<core>NULL</core>
<MemPortIdVec></MemPortIdVec>
<condition id="-1">
<or_exp><and_exp></and_exp></or_exp>
</condition>

<Node id="14" bw="0" op_0_bw="0" op_1_bw="256" op_2_bw="0" op_3_bw="0" op_4_bw="0" op_5_bw="32" op_6_bw="0" op_7_bw="0" op_8_bw="0" op_9_bw="0" op_10_bw="0">
<![CDATA[
:10  call void (...)* @_ssdm_op_SpecMemCore([2 x i256]* %local_B_pong_V, [1 x i8]* @p_str, [12 x i8]* @p_str9, [1 x i8]* @p_str, i32 -1, [1 x i8]* @p_str, [1 x i8]* @p_str, [1 x i8]* @p_str, [1 x i8]* @p_str, [1 x i8]* @p_str)

]]></Node>
<StgValue><ssdm name="specmemcore_ln529"/></StgValue>
</operation>

<operation id="18" st_id="1" stage="1" lat="1">
<core>NULL</core>
<MemPortIdVec></MemPortIdVec>
<condition id="-1">
<or_exp><and_exp></and_exp></or_exp>
</condition>

<Node id="15" bw="0" op_0_bw="1" op_1_bw="1">
<![CDATA[
:11  store i1 false, i1* %intra_trans_en_0

]]></Node>
<StgValue><ssdm name="store_ln539"/></StgValue>
</operation>

<operation id="19" st_id="1" stage="1" lat="1">
<core>NULL</core>
<MemPortIdVec></MemPortIdVec>
<condition id="-1">
<or_exp><and_exp></and_exp></or_exp>
</condition>

<Node id="16" bw="0" op_0_bw="0">
<![CDATA[
:12  br label %.loopexit

]]></Node>
<StgValue><ssdm name="br_ln539"/></StgValue>
</operation>
</state>

<state id="2" st_id="2">

<operation id="20" st_id="2" stage="1" lat="1">
<core>NULL</core>
<MemPortIdVec></MemPortIdVec>
<condition id="-1">
<or_exp><and_exp></and_exp></or_exp>
</condition>

<Node id="18" bw="2" op_0_bw="2" op_1_bw="0" op_2_bw="2" op_3_bw="0">
<![CDATA[
.loopexit:0  %p_016_0 = phi i2 [ 0, %0 ], [ %c0_V, %.loopexit.loopexit ]

]]></Node>
<StgValue><ssdm name="p_016_0"/></StgValue>
</operation>

<operation id="21" st_id="2" stage="1" lat="1">
<core>Cmp</core>
<MemPortIdVec></MemPortIdVec>
<condition id="-1">
<or_exp><and_exp></and_exp></or_exp>
</condition>

<Node id="19" bw="1" op_0_bw="2" op_1_bw="2">
<![CDATA[
.loopexit:1  %icmp_ln539 = icmp eq i2 %p_016_0, -2

]]></Node>
<StgValue><ssdm name="icmp_ln539"/></StgValue>
</operation>

<operation id="22" st_id="2" stage="1" lat="1">
<core>NULL</core>
<MemPortIdVec></MemPortIdVec>
<condition id="-1">
<or_exp><and_exp></and_exp></or_exp>
</condition>

<Node id="20" bw="32" op_0_bw="32" op_1_bw="64" op_2_bw="64" op_3_bw="64">
<![CDATA[
.loopexit:2  %empty = call i32 (...)* @_ssdm_op_SpecLoopTripCount(i64 2, i64 2, i64 2)

]]></Node>
<StgValue><ssdm name="empty"/></StgValue>
</operation>

<operation id="23" st_id="2" stage="1" lat="1">
<core>AddSub</core>
<MemPortIdVec></MemPortIdVec>
<condition id="-1">
<or_exp><and_exp></and_exp></or_exp>
</condition>

<Node id="21" bw="2" op_0_bw="2" op_1_bw="2">
<![CDATA[
.loopexit:3  %c0_V = add i2 %p_016_0, 1

]]></Node>
<StgValue><ssdm name="c0_V"/></StgValue>
</operation>

<operation id="24" st_id="2" stage="1" lat="1">
<core>NULL</core>
<MemPortIdVec></MemPortIdVec>
<condition id="-1">
<or_exp><and_exp></and_exp></or_exp>
</condition>

<Node id="22" bw="0" op_0_bw="1" op_1_bw="0" op_2_bw="0">
<![CDATA[
.loopexit:4  br i1 %icmp_ln539, label %5, label %.preheader125.preheader

]]></Node>
<StgValue><ssdm name="br_ln539"/></StgValue>
</operation>

<operation id="25" st_id="2" stage="1" lat="1">
<core>NULL</core>
<MemPortIdVec></MemPortIdVec>
<condition id="-1">
<or_exp><and_exp><literal name="icmp_ln539" val="0"/>
</and_exp></or_exp>
</condition>

<Node id="24" bw="0" op_0_bw="0">
<![CDATA[
.preheader125.preheader:0  br label %.preheader125

]]></Node>
<StgValue><ssdm name="br_ln540"/></StgValue>
</operation>

<operation id="26" st_id="2" stage="1" lat="1">
<core>NULL</core>
<MemPortIdVec></MemPortIdVec>
<condition id="-1">
<or_exp><and_exp><literal name="icmp_ln539" val="1"/>
</and_exp></or_exp>
</condition>

<Node id="60" bw="1" op_0_bw="1" op_1_bw="0">
<![CDATA[
:0  %intra_trans_en_0_load = load i1* %intra_trans_en_0

]]></Node>
<StgValue><ssdm name="intra_trans_en_0_load"/></StgValue>
</operation>

<operation id="27" st_id="2" stage="2" lat="2">
<core></core>
<MemPortIdVec></MemPortIdVec>
<condition id="-1">
<or_exp><and_exp><literal name="icmp_ln539" val="1"/>
</and_exp></or_exp>
</condition>

<Node id="61" bw="0" op_0_bw="0" op_1_bw="256" op_2_bw="32" op_3_bw="1">
<![CDATA[
:1  call fastcc void @B_IO_L2_in_intra_trans([2 x i256]* %local_B_ping_V, float* %fifo_B_local_out_V, i1 %intra_trans_en_0_load)

]]></Node>
<StgValue><ssdm name="call_ln594"/></StgValue>
</operation>
</state>

<state id="3" st_id="3">

<operation id="28" st_id="3" stage="1" lat="1">
<core>NULL</core>
<MemPortIdVec></MemPortIdVec>
<condition id="-1">
<or_exp><and_exp></and_exp></or_exp>
</condition>

<Node id="26" bw="2" op_0_bw="2" op_1_bw="0" op_2_bw="2" op_3_bw="0">
<![CDATA[
.preheader125:0  %p_047_0 = phi i2 [ %c1_V, %.preheader125.loopexit ], [ 0, %.preheader125.preheader ]

]]></Node>
<StgValue><ssdm name="p_047_0"/></StgValue>
</operation>

<operation id="29" st_id="3" stage="1" lat="1">
<core>Cmp</core>
<MemPortIdVec></MemPortIdVec>
<condition id="-1">
<or_exp><and_exp></and_exp></or_exp>
</condition>

<Node id="27" bw="1" op_0_bw="2" op_1_bw="2">
<![CDATA[
.preheader125:1  %icmp_ln540 = icmp eq i2 %p_047_0, -2

]]></Node>
<StgValue><ssdm name="icmp_ln540"/></StgValue>
</operation>

<operation id="30" st_id="3" stage="1" lat="1">
<core>NULL</core>
<MemPortIdVec></MemPortIdVec>
<condition id="-1">
<or_exp><and_exp></and_exp></or_exp>
</condition>

<Node id="28" bw="32" op_0_bw="32" op_1_bw="64" op_2_bw="64" op_3_bw="64">
<![CDATA[
.preheader125:2  %empty_1011 = call i32 (...)* @_ssdm_op_SpecLoopTripCount(i64 2, i64 2, i64 2)

]]></Node>
<StgValue><ssdm name="empty_1011"/></StgValue>
</operation>

<operation id="31" st_id="3" stage="1" lat="1">
<core>AddSub</core>
<MemPortIdVec></MemPortIdVec>
<condition id="-1">
<or_exp><and_exp></and_exp></or_exp>
</condition>

<Node id="29" bw="2" op_0_bw="2" op_1_bw="2">
<![CDATA[
.preheader125:3  %c1_V = add i2 %p_047_0, 1

]]></Node>
<StgValue><ssdm name="c1_V"/></StgValue>
</operation>

<operation id="32" st_id="3" stage="1" lat="1">
<core>NULL</core>
<MemPortIdVec></MemPortIdVec>
<condition id="-1">
<or_exp><and_exp></and_exp></or_exp>
</condition>

<Node id="30" bw="0" op_0_bw="1" op_1_bw="0" op_2_bw="0">
<![CDATA[
.preheader125:4  br i1 %icmp_ln540, label %.loopexit.loopexit, label %.preheader.preheader

]]></Node>
<StgValue><ssdm name="br_ln540"/></StgValue>
</operation>

<operation id="33" st_id="3" stage="1" lat="1">
<core>NULL</core>
<MemPortIdVec></MemPortIdVec>
<condition id="-1">
<or_exp><and_exp><literal name="icmp_ln540" val="0"/>
</and_exp></or_exp>
</condition>

<Node id="32" bw="0" op_0_bw="0">
<![CDATA[
.preheader.preheader:0  br label %.preheader

]]></Node>
<StgValue><ssdm name="br_ln541"/></StgValue>
</operation>

<operation id="34" st_id="3" stage="1" lat="1">
<core>NULL</core>
<MemPortIdVec></MemPortIdVec>
<condition id="-1">
<or_exp><and_exp><literal name="icmp_ln540" val="1"/>
</and_exp></or_exp>
</condition>

<Node id="58" bw="0" op_0_bw="0">
<![CDATA[
.loopexit.loopexit:0  br label %.loopexit

]]></Node>
<StgValue><ssdm name="br_ln0"/></StgValue>
</operation>
</state>

<state id="4" st_id="4">

<operation id="35" st_id="4" stage="1" lat="1">
<core>NULL</core>
<MemPortIdVec></MemPortIdVec>
<condition id="-1">
<or_exp><and_exp></and_exp></or_exp>
</condition>

<Node id="34" bw="8" op_0_bw="8" op_1_bw="0" op_2_bw="8" op_3_bw="0">
<![CDATA[
.preheader:0  %p_060_0 = phi i8 [ %c2_V, %4 ], [ 0, %.preheader.preheader ]

]]></Node>
<StgValue><ssdm name="p_060_0"/></StgValue>
</operation>

<operation id="36" st_id="4" stage="1" lat="1">
<core>NULL</core>
<MemPortIdVec></MemPortIdVec>
<condition id="-1">
<or_exp><and_exp></and_exp></or_exp>
</condition>

<Node id="35" bw="1" op_0_bw="1" op_1_bw="0" op_2_bw="1" op_3_bw="0">
<![CDATA[
.preheader:1  %arb_2 = phi i1 [ %xor_ln587, %4 ], [ false, %.preheader.preheader ]

]]></Node>
<StgValue><ssdm name="arb_2"/></StgValue>
</operation>

<operation id="37" st_id="4" stage="1" lat="1">
<core>Cmp</core>
<MemPortIdVec></MemPortIdVec>
<condition id="-1">
<or_exp><and_exp></and_exp></or_exp>
</condition>

<Node id="36" bw="1" op_0_bw="8" op_1_bw="8">
<![CDATA[
.preheader:2  %icmp_ln541 = icmp eq i8 %p_060_0, -128

]]></Node>
<StgValue><ssdm name="icmp_ln541"/></StgValue>
</operation>

<operation id="38" st_id="4" stage="1" lat="1">
<core>NULL</core>
<MemPortIdVec></MemPortIdVec>
<condition id="-1">
<or_exp><and_exp></and_exp></or_exp>
</condition>

<Node id="37" bw="32" op_0_bw="32" op_1_bw="64" op_2_bw="64" op_3_bw="64">
<![CDATA[
.preheader:3  %empty_1012 = call i32 (...)* @_ssdm_op_SpecLoopTripCount(i64 128, i64 128, i64 128)

]]></Node>
<StgValue><ssdm name="empty_1012"/></StgValue>
</operation>

<operation id="39" st_id="4" stage="1" lat="1">
<core>AddSub</core>
<MemPortIdVec></MemPortIdVec>
<condition id="-1">
<or_exp><and_exp></and_exp></or_exp>
</condition>

<Node id="38" bw="8" op_0_bw="8" op_1_bw="8">
<![CDATA[
.preheader:4  %c2_V = add i8 %p_060_0, 1

]]></Node>
<StgValue><ssdm name="c2_V"/></StgValue>
</operation>

<operation id="40" st_id="4" stage="1" lat="1">
<core>NULL</core>
<MemPortIdVec></MemPortIdVec>
<condition id="-1">
<or_exp><and_exp></and_exp></or_exp>
</condition>

<Node id="39" bw="0" op_0_bw="1" op_1_bw="0" op_2_bw="0">
<![CDATA[
.preheader:5  br i1 %icmp_ln541, label %.preheader125.loopexit, label %1

]]></Node>
<StgValue><ssdm name="br_ln541"/></StgValue>
</operation>

<operation id="41" st_id="4" stage="1" lat="1">
<core>NULL</core>
<MemPortIdVec></MemPortIdVec>
<condition id="-1">
<or_exp><and_exp><literal name="icmp_ln541" val="0"/>
</and_exp></or_exp>
</condition>

<Node id="41" bw="1" op_0_bw="1" op_1_bw="0">
<![CDATA[
:0  %intra_trans_en_0_load_20 = load i1* %intra_trans_en_0

]]></Node>
<StgValue><ssdm name="intra_trans_en_0_load_20"/></StgValue>
</operation>

<operation id="42" st_id="4" stage="1" lat="1">
<core>NULL</core>
<MemPortIdVec></MemPortIdVec>
<condition id="-1">
<or_exp><and_exp><literal name="icmp_ln541" val="0"/>
</and_exp></or_exp>
</condition>

<Node id="42" bw="0" op_0_bw="1" op_1_bw="0" op_2_bw="0">
<![CDATA[
:1  br i1 %arb_2, label %3, label %2

]]></Node>
<StgValue><ssdm name="br_ln545"/></StgValue>
</operation>

<operation id="43" st_id="4" stage="2" lat="2">
<core></core>
<MemPortIdVec></MemPortIdVec>
<condition id="-1">
<or_exp><and_exp><literal name="icmp_ln541" val="0"/>
<literal name="arb_2" val="0"/>
</and_exp></or_exp>
</condition>

<Node id="44" bw="0" op_0_bw="0" op_1_bw="5" op_2_bw="256" op_3_bw="256" op_4_bw="256">
<![CDATA[
:0  call fastcc void @B_IO_L2_in_inter_trans(i5 12, [2 x i256]* %local_B_pong_V, i256* %fifo_B_in_V_V, i256* %fifo_B_out_V_V)

]]></Node>
<StgValue><ssdm name="call_ln550"/></StgValue>
</operation>

<operation id="44" st_id="4" stage="2" lat="2">
<core></core>
<MemPortIdVec></MemPortIdVec>
<condition id="-1">
<or_exp><and_exp><literal name="icmp_ln541" val="0"/>
<literal name="arb_2" val="0"/>
</and_exp></or_exp>
</condition>

<Node id="45" bw="0" op_0_bw="0" op_1_bw="256" op_2_bw="32" op_3_bw="1">
<![CDATA[
:1  call fastcc void @B_IO_L2_in_intra_trans([2 x i256]* %local_B_ping_V, float* %fifo_B_local_out_V, i1 %intra_trans_en_0_load_20)

]]></Node>
<StgValue><ssdm name="call_ln556"/></StgValue>
</operation>

<operation id="45" st_id="4" stage="2" lat="2">
<core></core>
<MemPortIdVec></MemPortIdVec>
<condition id="-1">
<or_exp><and_exp><literal name="icmp_ln541" val="0"/>
<literal name="arb_2" val="1"/>
</and_exp></or_exp>
</condition>

<Node id="48" bw="0" op_0_bw="0" op_1_bw="5" op_2_bw="256" op_3_bw="256" op_4_bw="256">
<![CDATA[
:0  call fastcc void @B_IO_L2_in_inter_trans(i5 12, [2 x i256]* %local_B_ping_V, i256* %fifo_B_in_V_V, i256* %fifo_B_out_V_V)

]]></Node>
<StgValue><ssdm name="call_ln570"/></StgValue>
</operation>

<operation id="46" st_id="4" stage="2" lat="2">
<core></core>
<MemPortIdVec></MemPortIdVec>
<condition id="-1">
<or_exp><and_exp><literal name="icmp_ln541" val="0"/>
<literal name="arb_2" val="1"/>
</and_exp></or_exp>
</condition>

<Node id="49" bw="0" op_0_bw="0" op_1_bw="256" op_2_bw="32" op_3_bw="1">
<![CDATA[
:1  call fastcc void @B_IO_L2_in_intra_trans([2 x i256]* %local_B_pong_V, float* %fifo_B_local_out_V, i1 %intra_trans_en_0_load_20)

]]></Node>
<StgValue><ssdm name="call_ln576"/></StgValue>
</operation>

<operation id="47" st_id="4" stage="1" lat="1">
<core>NULL</core>
<MemPortIdVec></MemPortIdVec>
<condition id="-1">
<or_exp><and_exp><literal name="icmp_ln541" val="1"/>
</and_exp></or_exp>
</condition>

<Node id="56" bw="0" op_0_bw="0">
<![CDATA[
.preheader125.loopexit:0  br label %.preheader125

]]></Node>
<StgValue><ssdm name="br_ln0"/></StgValue>
</operation>
</state>

<state id="5" st_id="5">

<operation id="48" st_id="5" stage="1" lat="2">
<core></core>
<MemPortIdVec></MemPortIdVec>
<condition id="-1">
<or_exp><and_exp><literal name="arb_2" val="0"/>
</and_exp></or_exp>
</condition>

<Node id="44" bw="0" op_0_bw="0" op_1_bw="5" op_2_bw="256" op_3_bw="256" op_4_bw="256">
<![CDATA[
:0  call fastcc void @B_IO_L2_in_inter_trans(i5 12, [2 x i256]* %local_B_pong_V, i256* %fifo_B_in_V_V, i256* %fifo_B_out_V_V)

]]></Node>
<StgValue><ssdm name="call_ln550"/></StgValue>
</operation>

<operation id="49" st_id="5" stage="1" lat="2">
<core></core>
<MemPortIdVec></MemPortIdVec>
<condition id="-1">
<or_exp><and_exp><literal name="arb_2" val="0"/>
</and_exp></or_exp>
</condition>

<Node id="45" bw="0" op_0_bw="0" op_1_bw="256" op_2_bw="32" op_3_bw="1">
<![CDATA[
:1  call fastcc void @B_IO_L2_in_intra_trans([2 x i256]* %local_B_ping_V, float* %fifo_B_local_out_V, i1 %intra_trans_en_0_load_20)

]]></Node>
<StgValue><ssdm name="call_ln556"/></StgValue>
</operation>

<operation id="50" st_id="5" stage="1" lat="1">
<core>NULL</core>
<MemPortIdVec></MemPortIdVec>
<condition id="-1">
<or_exp><and_exp><literal name="arb_2" val="0"/>
</and_exp></or_exp>
</condition>

<Node id="46" bw="0" op_0_bw="0">
<![CDATA[
:2  br label %4

]]></Node>
<StgValue><ssdm name="br_ln565"/></StgValue>
</operation>

<operation id="51" st_id="5" stage="1" lat="2">
<core></core>
<MemPortIdVec></MemPortIdVec>
<condition id="-1">
<or_exp><and_exp><literal name="arb_2" val="1"/>
</and_exp></or_exp>
</condition>

<Node id="48" bw="0" op_0_bw="0" op_1_bw="5" op_2_bw="256" op_3_bw="256" op_4_bw="256">
<![CDATA[
:0  call fastcc void @B_IO_L2_in_inter_trans(i5 12, [2 x i256]* %local_B_ping_V, i256* %fifo_B_in_V_V, i256* %fifo_B_out_V_V)

]]></Node>
<StgValue><ssdm name="call_ln570"/></StgValue>
</operation>

<operation id="52" st_id="5" stage="1" lat="2">
<core></core>
<MemPortIdVec></MemPortIdVec>
<condition id="-1">
<or_exp><and_exp><literal name="arb_2" val="1"/>
</and_exp></or_exp>
</condition>

<Node id="49" bw="0" op_0_bw="0" op_1_bw="256" op_2_bw="32" op_3_bw="1">
<![CDATA[
:1  call fastcc void @B_IO_L2_in_intra_trans([2 x i256]* %local_B_pong_V, float* %fifo_B_local_out_V, i1 %intra_trans_en_0_load_20)

]]></Node>
<StgValue><ssdm name="call_ln576"/></StgValue>
</operation>

<operation id="53" st_id="5" stage="1" lat="1">
<core>NULL</core>
<MemPortIdVec></MemPortIdVec>
<condition id="-1">
<or_exp><and_exp><literal name="arb_2" val="1"/>
</and_exp></or_exp>
</condition>

<Node id="50" bw="0" op_0_bw="0">
<![CDATA[
:2  br label %4

]]></Node>
<StgValue><ssdm name="br_ln0"/></StgValue>
</operation>

<operation id="54" st_id="5" stage="1" lat="1">
<core>LogicGate</core>
<MemPortIdVec></MemPortIdVec>
<condition id="-1">
<or_exp><and_exp></and_exp></or_exp>
</condition>

<Node id="52" bw="1" op_0_bw="1" op_1_bw="1">
<![CDATA[
:0  %xor_ln587 = xor i1 %arb_2, true

]]></Node>
<StgValue><ssdm name="xor_ln587"/></StgValue>
</operation>

<operation id="55" st_id="5" stage="1" lat="1">
<core>NULL</core>
<MemPortIdVec></MemPortIdVec>
<condition id="-1">
<or_exp><and_exp></and_exp></or_exp>
</condition>

<Node id="53" bw="0" op_0_bw="1" op_1_bw="1" op_2_bw="0" op_3_bw="1">
<![CDATA[
:1  store i1 true, i1* %intra_trans_en_0

]]></Node>
<StgValue><ssdm name="store_ln541"/></StgValue>
</operation>

<operation id="56" st_id="5" stage="1" lat="1">
<core>NULL</core>
<MemPortIdVec></MemPortIdVec>
<condition id="-1">
<or_exp><and_exp></and_exp></or_exp>
</condition>

<Node id="54" bw="0" op_0_bw="0">
<![CDATA[
:2  br label %.preheader

]]></Node>
<StgValue><ssdm name="br_ln541"/></StgValue>
</operation>
</state>

<state id="6" st_id="6">

<operation id="57" st_id="6" stage="1" lat="2">
<core></core>
<MemPortIdVec></MemPortIdVec>
<condition id="-1">
<or_exp><and_exp></and_exp></or_exp>
</condition>

<Node id="61" bw="0" op_0_bw="0" op_1_bw="256" op_2_bw="32" op_3_bw="1">
<![CDATA[
:1  call fastcc void @B_IO_L2_in_intra_trans([2 x i256]* %local_B_ping_V, float* %fifo_B_local_out_V, i1 %intra_trans_en_0_load)

]]></Node>
<StgValue><ssdm name="call_ln594"/></StgValue>
</operation>

<operation id="58" st_id="6" stage="1" lat="1">
<core>NULL</core>
<MemPortIdVec></MemPortIdVec>
<condition id="-1">
<or_exp><and_exp></and_exp></or_exp>
</condition>

<Node id="62" bw="0">
<![CDATA[
:2  ret void

]]></Node>
<StgValue><ssdm name="ret_ln615"/></StgValue>
</operation>
</state>
</state_list>


<ports>
<port id="70" name="fifo_B_in_V_V" dir="0" iftype="3">
<core>FIFO_SRL</core><StgValue><ssdm name="fifo_B_in_V_V"/></StgValue>
</port>
<port id="71" name="fifo_B_out_V_V" dir="1" iftype="3">
<core>FIFO_SRL</core><StgValue><ssdm name="fifo_B_out_V_V"/></StgValue>
</port>
<port id="72" name="fifo_B_local_out_V" dir="1" iftype="3">
<core>FIFO_SRL</core><StgValue><ssdm name="fifo_B_local_out_V"/></StgValue>
</port>
</ports>


<dataflows>
<dataflow id="74" from="StgValue_73" to="intra_trans_en_0" fromId="73" toId="7">
</dataflow>
<dataflow id="76" from="_ssdm_op_SpecInterface" to="specinterface_ln0" fromId="75" toId="8">
</dataflow>
<dataflow id="77" from="fifo_B_local_out_V" to="specinterface_ln0" fromId="72" toId="8">
</dataflow>
<dataflow id="79" from="ap_fifo_str" to="specinterface_ln0" fromId="78" toId="8">
</dataflow>
<dataflow id="81" from="StgValue_80" to="specinterface_ln0" fromId="80" toId="8">
</dataflow>
<dataflow id="82" from="StgValue_80" to="specinterface_ln0" fromId="80" toId="8">
</dataflow>
<dataflow id="84" from="p_str" to="specinterface_ln0" fromId="83" toId="8">
</dataflow>
<dataflow id="85" from="StgValue_80" to="specinterface_ln0" fromId="80" toId="8">
</dataflow>
<dataflow id="86" from="StgValue_80" to="specinterface_ln0" fromId="80" toId="8">
</dataflow>
<dataflow id="87" from="p_str" to="specinterface_ln0" fromId="83" toId="8">
</dataflow>
<dataflow id="88" from="p_str" to="specinterface_ln0" fromId="83" toId="8">
</dataflow>
<dataflow id="89" from="p_str" to="specinterface_ln0" fromId="83" toId="8">
</dataflow>
<dataflow id="91" from="StgValue_90" to="specinterface_ln0" fromId="90" toId="8">
</dataflow>
<dataflow id="92" from="StgValue_90" to="specinterface_ln0" fromId="90" toId="8">
</dataflow>
<dataflow id="94" from="StgValue_93" to="specinterface_ln0" fromId="93" toId="8">
</dataflow>
<dataflow id="95" from="StgValue_93" to="specinterface_ln0" fromId="93" toId="8">
</dataflow>
<dataflow id="96" from="p_str" to="specinterface_ln0" fromId="83" toId="8">
</dataflow>
<dataflow id="97" from="p_str" to="specinterface_ln0" fromId="83" toId="8">
</dataflow>
<dataflow id="98" from="_ssdm_op_SpecInterface" to="specinterface_ln0" fromId="75" toId="9">
</dataflow>
<dataflow id="99" from="fifo_B_out_V_V" to="specinterface_ln0" fromId="71" toId="9">
</dataflow>
<dataflow id="100" from="ap_fifo_str" to="specinterface_ln0" fromId="78" toId="9">
</dataflow>
<dataflow id="101" from="StgValue_80" to="specinterface_ln0" fromId="80" toId="9">
</dataflow>
<dataflow id="102" from="StgValue_80" to="specinterface_ln0" fromId="80" toId="9">
</dataflow>
<dataflow id="103" from="p_str" to="specinterface_ln0" fromId="83" toId="9">
</dataflow>
<dataflow id="104" from="StgValue_80" to="specinterface_ln0" fromId="80" toId="9">
</dataflow>
<dataflow id="105" from="StgValue_80" to="specinterface_ln0" fromId="80" toId="9">
</dataflow>
<dataflow id="106" from="p_str" to="specinterface_ln0" fromId="83" toId="9">
</dataflow>
<dataflow id="107" from="p_str" to="specinterface_ln0" fromId="83" toId="9">
</dataflow>
<dataflow id="108" from="p_str" to="specinterface_ln0" fromId="83" toId="9">
</dataflow>
<dataflow id="109" from="StgValue_90" to="specinterface_ln0" fromId="90" toId="9">
</dataflow>
<dataflow id="110" from="StgValue_90" to="specinterface_ln0" fromId="90" toId="9">
</dataflow>
<dataflow id="111" from="StgValue_93" to="specinterface_ln0" fromId="93" toId="9">
</dataflow>
<dataflow id="112" from="StgValue_93" to="specinterface_ln0" fromId="93" toId="9">
</dataflow>
<dataflow id="113" from="p_str" to="specinterface_ln0" fromId="83" toId="9">
</dataflow>
<dataflow id="114" from="p_str" to="specinterface_ln0" fromId="83" toId="9">
</dataflow>
<dataflow id="115" from="_ssdm_op_SpecInterface" to="specinterface_ln0" fromId="75" toId="10">
</dataflow>
<dataflow id="116" from="fifo_B_in_V_V" to="specinterface_ln0" fromId="70" toId="10">
</dataflow>
<dataflow id="117" from="ap_fifo_str" to="specinterface_ln0" fromId="78" toId="10">
</dataflow>
<dataflow id="118" from="StgValue_80" to="specinterface_ln0" fromId="80" toId="10">
</dataflow>
<dataflow id="119" from="StgValue_80" to="specinterface_ln0" fromId="80" toId="10">
</dataflow>
<dataflow id="120" from="p_str" to="specinterface_ln0" fromId="83" toId="10">
</dataflow>
<dataflow id="121" from="StgValue_80" to="specinterface_ln0" fromId="80" toId="10">
</dataflow>
<dataflow id="122" from="StgValue_80" to="specinterface_ln0" fromId="80" toId="10">
</dataflow>
<dataflow id="123" from="p_str" to="specinterface_ln0" fromId="83" toId="10">
</dataflow>
<dataflow id="124" from="p_str" to="specinterface_ln0" fromId="83" toId="10">
</dataflow>
<dataflow id="125" from="p_str" to="specinterface_ln0" fromId="83" toId="10">
</dataflow>
<dataflow id="126" from="StgValue_90" to="specinterface_ln0" fromId="90" toId="10">
</dataflow>
<dataflow id="127" from="StgValue_90" to="specinterface_ln0" fromId="90" toId="10">
</dataflow>
<dataflow id="128" from="StgValue_93" to="specinterface_ln0" fromId="93" toId="10">
</dataflow>
<dataflow id="129" from="StgValue_93" to="specinterface_ln0" fromId="93" toId="10">
</dataflow>
<dataflow id="130" from="p_str" to="specinterface_ln0" fromId="83" toId="10">
</dataflow>
<dataflow id="131" from="p_str" to="specinterface_ln0" fromId="83" toId="10">
</dataflow>
<dataflow id="133" from="_ssdm_op_SpecMemCore" to="specmemcore_ln0" fromId="132" toId="11">
</dataflow>
<dataflow id="134" from="fifo_B_local_out_V" to="specmemcore_ln0" fromId="72" toId="11">
</dataflow>
<dataflow id="135" from="p_str" to="specmemcore_ln0" fromId="83" toId="11">
</dataflow>
<dataflow id="137" from="p_str50" to="specmemcore_ln0" fromId="136" toId="11">
</dataflow>
<dataflow id="138" from="p_str" to="specmemcore_ln0" fromId="83" toId="11">
</dataflow>
<dataflow id="140" from="StgValue_139" to="specmemcore_ln0" fromId="139" toId="11">
</dataflow>
<dataflow id="141" from="p_str" to="specmemcore_ln0" fromId="83" toId="11">
</dataflow>
<dataflow id="142" from="p_str" to="specmemcore_ln0" fromId="83" toId="11">
</dataflow>
<dataflow id="143" from="p_str" to="specmemcore_ln0" fromId="83" toId="11">
</dataflow>
<dataflow id="144" from="p_str" to="specmemcore_ln0" fromId="83" toId="11">
</dataflow>
<dataflow id="145" from="p_str" to="specmemcore_ln0" fromId="83" toId="11">
</dataflow>
<dataflow id="146" from="_ssdm_op_SpecMemCore" to="specmemcore_ln0" fromId="132" toId="12">
</dataflow>
<dataflow id="147" from="fifo_B_out_V_V" to="specmemcore_ln0" fromId="71" toId="12">
</dataflow>
<dataflow id="148" from="p_str" to="specmemcore_ln0" fromId="83" toId="12">
</dataflow>
<dataflow id="149" from="p_str50" to="specmemcore_ln0" fromId="136" toId="12">
</dataflow>
<dataflow id="150" from="p_str" to="specmemcore_ln0" fromId="83" toId="12">
</dataflow>
<dataflow id="151" from="StgValue_139" to="specmemcore_ln0" fromId="139" toId="12">
</dataflow>
<dataflow id="152" from="p_str" to="specmemcore_ln0" fromId="83" toId="12">
</dataflow>
<dataflow id="153" from="p_str" to="specmemcore_ln0" fromId="83" toId="12">
</dataflow>
<dataflow id="154" from="p_str" to="specmemcore_ln0" fromId="83" toId="12">
</dataflow>
<dataflow id="155" from="p_str" to="specmemcore_ln0" fromId="83" toId="12">
</dataflow>
<dataflow id="156" from="p_str" to="specmemcore_ln0" fromId="83" toId="12">
</dataflow>
<dataflow id="157" from="_ssdm_op_SpecMemCore" to="specmemcore_ln0" fromId="132" toId="13">
</dataflow>
<dataflow id="158" from="fifo_B_in_V_V" to="specmemcore_ln0" fromId="70" toId="13">
</dataflow>
<dataflow id="159" from="p_str" to="specmemcore_ln0" fromId="83" toId="13">
</dataflow>
<dataflow id="160" from="p_str50" to="specmemcore_ln0" fromId="136" toId="13">
</dataflow>
<dataflow id="161" from="p_str" to="specmemcore_ln0" fromId="83" toId="13">
</dataflow>
<dataflow id="162" from="StgValue_139" to="specmemcore_ln0" fromId="139" toId="13">
</dataflow>
<dataflow id="163" from="p_str" to="specmemcore_ln0" fromId="83" toId="13">
</dataflow>
<dataflow id="164" from="p_str" to="specmemcore_ln0" fromId="83" toId="13">
</dataflow>
<dataflow id="165" from="p_str" to="specmemcore_ln0" fromId="83" toId="13">
</dataflow>
<dataflow id="166" from="p_str" to="specmemcore_ln0" fromId="83" toId="13">
</dataflow>
<dataflow id="167" from="p_str" to="specmemcore_ln0" fromId="83" toId="13">
</dataflow>
<dataflow id="169" from="StgValue_168" to="local_B_ping_V" fromId="168" toId="14">
</dataflow>
<dataflow id="170" from="StgValue_168" to="local_B_pong_V" fromId="168" toId="15">
</dataflow>
<dataflow id="171" from="_ssdm_op_SpecMemCore" to="specmemcore_ln527" fromId="132" toId="16">
</dataflow>
<dataflow id="172" from="local_B_ping_V" to="specmemcore_ln527" fromId="14" toId="16">
</dataflow>
<dataflow id="173" from="p_str" to="specmemcore_ln527" fromId="83" toId="16">
</dataflow>
<dataflow id="175" from="p_str9" to="specmemcore_ln527" fromId="174" toId="16">
</dataflow>
<dataflow id="176" from="p_str" to="specmemcore_ln527" fromId="83" toId="16">
</dataflow>
<dataflow id="177" from="StgValue_139" to="specmemcore_ln527" fromId="139" toId="16">
</dataflow>
<dataflow id="178" from="p_str" to="specmemcore_ln527" fromId="83" toId="16">
</dataflow>
<dataflow id="179" from="p_str" to="specmemcore_ln527" fromId="83" toId="16">
</dataflow>
<dataflow id="180" from="p_str" to="specmemcore_ln527" fromId="83" toId="16">
</dataflow>
<dataflow id="181" from="p_str" to="specmemcore_ln527" fromId="83" toId="16">
</dataflow>
<dataflow id="182" from="p_str" to="specmemcore_ln527" fromId="83" toId="16">
</dataflow>
<dataflow id="183" from="_ssdm_op_SpecMemCore" to="specmemcore_ln529" fromId="132" toId="17">
</dataflow>
<dataflow id="184" from="local_B_pong_V" to="specmemcore_ln529" fromId="15" toId="17">
</dataflow>
<dataflow id="185" from="p_str" to="specmemcore_ln529" fromId="83" toId="17">
</dataflow>
<dataflow id="186" from="p_str9" to="specmemcore_ln529" fromId="174" toId="17">
</dataflow>
<dataflow id="187" from="p_str" to="specmemcore_ln529" fromId="83" toId="17">
</dataflow>
<dataflow id="188" from="StgValue_139" to="specmemcore_ln529" fromId="139" toId="17">
</dataflow>
<dataflow id="189" from="p_str" to="specmemcore_ln529" fromId="83" toId="17">
</dataflow>
<dataflow id="190" from="p_str" to="specmemcore_ln529" fromId="83" toId="17">
</dataflow>
<dataflow id="191" from="p_str" to="specmemcore_ln529" fromId="83" toId="17">
</dataflow>
<dataflow id="192" from="p_str" to="specmemcore_ln529" fromId="83" toId="17">
</dataflow>
<dataflow id="193" from="p_str" to="specmemcore_ln529" fromId="83" toId="17">
</dataflow>
<dataflow id="195" from="StgValue_194" to="store_ln539" fromId="194" toId="18">
</dataflow>
<dataflow id="196" from="intra_trans_en_0" to="store_ln539" fromId="7" toId="18">
</dataflow>
<dataflow id="198" from="StgValue_197" to="p_016_0" fromId="197" toId="20">
<condition id="-1">
<or_exp><and_exp></and_exp></or_exp>
</condition>
</dataflow>
<dataflow id="199" from="br_ln539" to="p_016_0" fromId="19" toId="20">
</dataflow>
<dataflow id="200" from="c0_V" to="p_016_0" fromId="23" toId="20">
<BackEdge/>
<condition id="-1">
<or_exp><and_exp><literal name="icmp_ln540" val="1"/>
</and_exp></or_exp>
</condition>
</dataflow>
<dataflow id="201" from="br_ln0" to="p_016_0" fromId="34" toId="20">
<BackEdge/>
</dataflow>
<dataflow id="202" from="p_016_0" to="icmp_ln539" fromId="20" toId="21">
</dataflow>
<dataflow id="204" from="StgValue_203" to="icmp_ln539" fromId="203" toId="21">
</dataflow>
<dataflow id="206" from="_ssdm_op_SpecLoopTripCount" to="empty" fromId="205" toId="22">
</dataflow>
<dataflow id="208" from="StgValue_207" to="empty" fromId="207" toId="22">
</dataflow>
<dataflow id="209" from="StgValue_207" to="empty" fromId="207" toId="22">
</dataflow>
<dataflow id="210" from="StgValue_207" to="empty" fromId="207" toId="22">
</dataflow>
<dataflow id="211" from="p_016_0" to="c0_V" fromId="20" toId="23">
</dataflow>
<dataflow id="213" from="StgValue_212" to="c0_V" fromId="212" toId="23">
</dataflow>
<dataflow id="214" from="icmp_ln539" to="br_ln539" fromId="21" toId="24">
</dataflow>
<dataflow id="215" from="intra_trans_en_0" to="intra_trans_en_0_load" fromId="7" toId="26">
</dataflow>
<dataflow id="217" from="B_IO_L2_in_intra_trans" to="call_ln594" fromId="216" toId="27">
</dataflow>
<dataflow id="218" from="local_B_ping_V" to="call_ln594" fromId="14" toId="27">
</dataflow>
<dataflow id="219" from="fifo_B_local_out_V" to="call_ln594" fromId="72" toId="27">
</dataflow>
<dataflow id="220" from="intra_trans_en_0_load" to="call_ln594" fromId="26" toId="27">
</dataflow>
<dataflow id="221" from="c1_V" to="p_047_0" fromId="31" toId="28">
<BackEdge/>
<condition id="-1">
<or_exp><and_exp><literal name="icmp_ln541" val="1"/>
</and_exp></or_exp>
</condition>
</dataflow>
<dataflow id="222" from="br_ln0" to="p_047_0" fromId="47" toId="28">
<BackEdge/>
</dataflow>
<dataflow id="223" from="StgValue_197" to="p_047_0" fromId="197" toId="28">
<condition id="-1">
<or_exp><and_exp><literal name="icmp_ln539" val="0"/>
</and_exp></or_exp>
</condition>
</dataflow>
<dataflow id="224" from="br_ln540" to="p_047_0" fromId="25" toId="28">
</dataflow>
<dataflow id="225" from="p_047_0" to="icmp_ln540" fromId="28" toId="29">
</dataflow>
<dataflow id="226" from="StgValue_203" to="icmp_ln540" fromId="203" toId="29">
</dataflow>
<dataflow id="227" from="_ssdm_op_SpecLoopTripCount" to="empty_1011" fromId="205" toId="30">
</dataflow>
<dataflow id="228" from="StgValue_207" to="empty_1011" fromId="207" toId="30">
</dataflow>
<dataflow id="229" from="StgValue_207" to="empty_1011" fromId="207" toId="30">
</dataflow>
<dataflow id="230" from="StgValue_207" to="empty_1011" fromId="207" toId="30">
</dataflow>
<dataflow id="231" from="p_047_0" to="c1_V" fromId="28" toId="31">
</dataflow>
<dataflow id="232" from="StgValue_212" to="c1_V" fromId="212" toId="31">
</dataflow>
<dataflow id="233" from="icmp_ln540" to="br_ln540" fromId="29" toId="32">
</dataflow>
<dataflow id="234" from="c2_V" to="p_060_0" fromId="39" toId="35">
<BackEdge/>
<condition id="-1">
<or_exp><and_exp></and_exp></or_exp>
</condition>
</dataflow>
<dataflow id="235" from="br_ln541" to="p_060_0" fromId="56" toId="35">
<BackEdge/>
</dataflow>
<dataflow id="237" from="StgValue_236" to="p_060_0" fromId="236" toId="35">
<condition id="-1">
<or_exp><and_exp><literal name="icmp_ln540" val="0"/>
</and_exp></or_exp>
</condition>
</dataflow>
<dataflow id="238" from="br_ln541" to="p_060_0" fromId="33" toId="35">
</dataflow>
<dataflow id="239" from="xor_ln587" to="arb_2" fromId="54" toId="36">
<BackEdge/>
<condition id="-1">
<or_exp><and_exp></and_exp></or_exp>
</condition>
</dataflow>
<dataflow id="240" from="br_ln541" to="arb_2" fromId="56" toId="36">
<BackEdge/>
</dataflow>
<dataflow id="241" from="StgValue_194" to="arb_2" fromId="194" toId="36">
<condition id="-1">
<or_exp><and_exp><literal name="icmp_ln540" val="0"/>
</and_exp></or_exp>
</condition>
</dataflow>
<dataflow id="242" from="br_ln541" to="arb_2" fromId="33" toId="36">
</dataflow>
<dataflow id="243" from="p_060_0" to="icmp_ln541" fromId="35" toId="37">
</dataflow>
<dataflow id="245" from="StgValue_244" to="icmp_ln541" fromId="244" toId="37">
</dataflow>
<dataflow id="246" from="_ssdm_op_SpecLoopTripCount" to="empty_1012" fromId="205" toId="38">
</dataflow>
<dataflow id="248" from="StgValue_247" to="empty_1012" fromId="247" toId="38">
</dataflow>
<dataflow id="249" from="StgValue_247" to="empty_1012" fromId="247" toId="38">
</dataflow>
<dataflow id="250" from="StgValue_247" to="empty_1012" fromId="247" toId="38">
</dataflow>
<dataflow id="251" from="p_060_0" to="c2_V" fromId="35" toId="39">
</dataflow>
<dataflow id="253" from="StgValue_252" to="c2_V" fromId="252" toId="39">
</dataflow>
<dataflow id="254" from="icmp_ln541" to="br_ln541" fromId="37" toId="40">
</dataflow>
<dataflow id="255" from="intra_trans_en_0" to="intra_trans_en_0_load_20" fromId="7" toId="41">
</dataflow>
<dataflow id="256" from="arb_2" to="br_ln545" fromId="36" toId="42">
</dataflow>
<dataflow id="258" from="B_IO_L2_in_inter_trans" to="call_ln550" fromId="257" toId="43">
</dataflow>
<dataflow id="260" from="StgValue_259" to="call_ln550" fromId="259" toId="43">
</dataflow>
<dataflow id="261" from="local_B_pong_V" to="call_ln550" fromId="15" toId="43">
</dataflow>
<dataflow id="262" from="fifo_B_in_V_V" to="call_ln550" fromId="70" toId="43">
</dataflow>
<dataflow id="263" from="fifo_B_out_V_V" to="call_ln550" fromId="71" toId="43">
</dataflow>
<dataflow id="264" from="B_IO_L2_in_intra_trans" to="call_ln556" fromId="216" toId="44">
</dataflow>
<dataflow id="265" from="local_B_ping_V" to="call_ln556" fromId="14" toId="44">
</dataflow>
<dataflow id="266" from="fifo_B_local_out_V" to="call_ln556" fromId="72" toId="44">
</dataflow>
<dataflow id="267" from="intra_trans_en_0_load_20" to="call_ln556" fromId="41" toId="44">
</dataflow>
<dataflow id="268" from="B_IO_L2_in_inter_trans" to="call_ln570" fromId="257" toId="45">
</dataflow>
<dataflow id="269" from="StgValue_259" to="call_ln570" fromId="259" toId="45">
</dataflow>
<dataflow id="270" from="local_B_ping_V" to="call_ln570" fromId="14" toId="45">
</dataflow>
<dataflow id="271" from="fifo_B_in_V_V" to="call_ln570" fromId="70" toId="45">
</dataflow>
<dataflow id="272" from="fifo_B_out_V_V" to="call_ln570" fromId="71" toId="45">
</dataflow>
<dataflow id="273" from="B_IO_L2_in_intra_trans" to="call_ln576" fromId="216" toId="46">
</dataflow>
<dataflow id="274" from="local_B_pong_V" to="call_ln576" fromId="15" toId="46">
</dataflow>
<dataflow id="275" from="fifo_B_local_out_V" to="call_ln576" fromId="72" toId="46">
</dataflow>
<dataflow id="276" from="intra_trans_en_0_load_20" to="call_ln576" fromId="41" toId="46">
</dataflow>
<dataflow id="277" from="B_IO_L2_in_inter_trans" to="call_ln550" fromId="257" toId="48">
</dataflow>
<dataflow id="278" from="StgValue_259" to="call_ln550" fromId="259" toId="48">
</dataflow>
<dataflow id="279" from="local_B_pong_V" to="call_ln550" fromId="15" toId="48">
</dataflow>
<dataflow id="280" from="fifo_B_in_V_V" to="call_ln550" fromId="70" toId="48">
</dataflow>
<dataflow id="281" from="fifo_B_out_V_V" to="call_ln550" fromId="71" toId="48">
</dataflow>
<dataflow id="282" from="B_IO_L2_in_intra_trans" to="call_ln556" fromId="216" toId="49">
</dataflow>
<dataflow id="283" from="local_B_ping_V" to="call_ln556" fromId="14" toId="49">
</dataflow>
<dataflow id="284" from="fifo_B_local_out_V" to="call_ln556" fromId="72" toId="49">
</dataflow>
<dataflow id="285" from="intra_trans_en_0_load_20" to="call_ln556" fromId="41" toId="49">
</dataflow>
<dataflow id="286" from="B_IO_L2_in_inter_trans" to="call_ln570" fromId="257" toId="51">
</dataflow>
<dataflow id="287" from="StgValue_259" to="call_ln570" fromId="259" toId="51">
</dataflow>
<dataflow id="288" from="local_B_ping_V" to="call_ln570" fromId="14" toId="51">
</dataflow>
<dataflow id="289" from="fifo_B_in_V_V" to="call_ln570" fromId="70" toId="51">
</dataflow>
<dataflow id="290" from="fifo_B_out_V_V" to="call_ln570" fromId="71" toId="51">
</dataflow>
<dataflow id="291" from="B_IO_L2_in_intra_trans" to="call_ln576" fromId="216" toId="52">
</dataflow>
<dataflow id="292" from="local_B_pong_V" to="call_ln576" fromId="15" toId="52">
</dataflow>
<dataflow id="293" from="fifo_B_local_out_V" to="call_ln576" fromId="72" toId="52">
</dataflow>
<dataflow id="294" from="intra_trans_en_0_load_20" to="call_ln576" fromId="41" toId="52">
</dataflow>
<dataflow id="295" from="arb_2" to="xor_ln587" fromId="36" toId="54">
</dataflow>
<dataflow id="297" from="StgValue_296" to="xor_ln587" fromId="296" toId="54">
</dataflow>
<dataflow id="298" from="StgValue_296" to="store_ln541" fromId="296" toId="55">
</dataflow>
<dataflow id="299" from="intra_trans_en_0" to="store_ln541" fromId="7" toId="55">
</dataflow>
<dataflow id="300" from="B_IO_L2_in_intra_trans" to="call_ln594" fromId="216" toId="57">
</dataflow>
<dataflow id="301" from="local_B_ping_V" to="call_ln594" fromId="14" toId="57">
</dataflow>
<dataflow id="302" from="fifo_B_local_out_V" to="call_ln594" fromId="72" toId="57">
</dataflow>
<dataflow id="303" from="intra_trans_en_0_load" to="call_ln594" fromId="26" toId="57">
</dataflow>
<dataflow id="304" from="icmp_ln539" to="StgValue_2" fromId="21" toId="2">
</dataflow>
<dataflow id="305" from="icmp_ln540" to="StgValue_3" fromId="29" toId="3">
</dataflow>
<dataflow id="306" from="icmp_ln541" to="StgValue_4" fromId="37" toId="4">
</dataflow>
<dataflow id="307" from="arb_2" to="StgValue_4" fromId="36" toId="4">
</dataflow>
<dataflow id="308" from="arb_2" to="StgValue_5" fromId="36" toId="5">
</dataflow>
</dataflows>


</stg>
