<profile>

<section name = "Vivado HLS Report for 'B_IO_L2_in_boundary'" level="0">
<item name = "Date">Thu Aug 26 21:47:17 2021
</item>
<item name = "Version">2020.1 (Build 2897737 on Wed May 27 20:21:37 MDT 2020)</item>
<item name = "Project">hls_prj</item>
<item name = "Solution">solution1</item>
<item name = "Product family">virtexuplus</item>
<item name = "Target device">xcu250-figd2104-2L-e</item>
</section>

<section name = "Performance Estimates" level="0">
<item name = "Timing">
<section name = "" level="1">
<item name = "Summary"><table name="" hasTotal="0">
<keys size="4">Clock, Target, Estimated, Uncertainty</keys>
<column name="ap_clk">3.33 ns, 2.615 ns, 0.42 ns</column>
</table>
</item>
</section>
</item>
<item name = "Latency">
<section name = "" level="1">
<item name = "Summary"><table name="" hasTotal="0">
<keys size="8">, min, max, min, max, min, max, Type</keys>
<column name="">3087, 4205586, 10.280 us, 14.005 ms, 3087, 4205586, none</column>
</table>
</item>
<item name = "Detail">
<section name = "" level="1">
<item name = "Instance"><table name="" hasTotal="0">
<keys size="9">Instance, Module, min, max, min, max, min, max, Type</keys>
<column name="grp_B_IO_L2_in_intra_trans_fu_111">B_IO_L2_in_intra_trans, 1, 8196, 3.330 ns, 27.293 us, 1, 8196, none</column>
<column name="grp_B_IO_L2_in_inter_trans_boundary_fu_119">B_IO_L2_in_inter_trans_boundary, 4, 4, 13.320 ns, 13.320 ns, 4, 4, none</column>
</table>
</item>
<item name = "Loop"><table name="" hasTotal="0">
<keys size="8">Loop Name, min, max, Latency, achieved, target, Count, Pipelined</keys>
<column name="- Loop 1">3084, 4197388, 1542 ~ 2098694, -, -, 2, no</column>
<column name=" + Loop 1.1">1540, 2098692, 770 ~ 1049346, -, -, 2, no</column>
<column name="  ++ Loop 1.1.1">768, 1049344, 6 ~ 8198, -, -, 128, no</column>
</table>
</item>
</section>
</item>
</section>
</item>
</section>

<section name = "Utilization Estimates" level="0">
<item name = "Summary"><table name="" hasTotal="1">
<keys size="6">Name, BRAM_18K, DSP48E, FF, LUT, URAM</keys>
<column name="DSP">-, -, -, -, -</column>
<column name="Expression">-, -, 0, 70, -</column>
<column name="FIFO">-, -, -, -, -</column>
<column name="Instance">0, -, 173, 496, -</column>
<column name="Memory">16, -, 0, 0, 0</column>
<column name="Multiplexer">-, -, -, 185, -</column>
<column name="Register">-, -, 37, -, -</column>
<specialColumn name="Available SLR">1344, 3072, 864000, 432000, 320</specialColumn>
<specialColumn name="Utilization SLR (%)">1, 0, ~0, ~0, 0</specialColumn>
<specialColumn name="Available">5376, 12288, 3456000, 1728000, 1280</specialColumn>
<specialColumn name="Utilization (%)">~0, 0, ~0, ~0, 0</specialColumn>
</table>
</item>
<item name = "Detail">
<section name = "" level="1">
<item name = "Instance"><table name="" hasTotal="1">
<keys size="7">Instance, Module, BRAM_18K, DSP48E, FF, LUT, URAM</keys>
<column name="grp_B_IO_L2_in_inter_trans_boundary_fu_119">B_IO_L2_in_inter_trans_boundary, 0, 0, 10, 89, 0</column>
<column name="grp_B_IO_L2_in_intra_trans_fu_111">B_IO_L2_in_intra_trans, 0, 0, 163, 407, 0</column>
</table>
</item>
<item name = "DSP48E"><table name="" hasTotal="0">
<keys size="3">Instance, Module, Expression</keys>
</table>
</item>
<item name = "Memory"><table name="" hasTotal="1">
<keys size="10">Memory, Module, BRAM_18K, FF, LUT, URAM, Words, Bits, Banks, W*Bits*Banks</keys>
<column name="local_B_ping_V_U">B_IO_L2_in168_local_B_ping_V, 8, 0, 0, 0, 2, 256, 1, 512</column>
<column name="local_B_pong_V_U">B_IO_L2_in168_local_B_ping_V, 8, 0, 0, 0, 2, 256, 1, 512</column>
</table>
</item>
<item name = "FIFO"><table name="" hasTotal="1">
<keys size="8">Name, BRAM_18K, FF, LUT, URAM, Depth, Bits, Size:D*B</keys>
</table>
</item>
<item name = "Expression"><table name="" hasTotal="1">
<keys size="7">Variable Name, Operation, DSP48E, FF, LUT, Bitwidth P0, Bitwidth P1</keys>
<column name="c0_V_fu_141_p2">+, 0, 0, 9, 2, 1</column>
<column name="c1_V_fu_153_p2">+, 0, 0, 9, 2, 1</column>
<column name="c2_V_fu_165_p2">+, 0, 0, 15, 8, 1</column>
<column name="icmp_ln636_fu_135_p2">icmp, 0, 0, 9, 2, 3</column>
<column name="icmp_ln637_fu_147_p2">icmp, 0, 0, 9, 2, 3</column>
<column name="icmp_ln638_fu_159_p2">icmp, 0, 0, 13, 8, 9</column>
<column name="ap_block_state1">or, 0, 0, 2, 1, 1</column>
<column name="ap_block_state5_on_subcall_done">or, 0, 0, 2, 1, 1</column>
<column name="xor_ln682_fu_171_p2">xor, 0, 0, 2, 1, 2</column>
</table>
</item>
<item name = "Multiplexer"><table name="" hasTotal="1">
<keys size="5">Name, LUT, Input Size, Bits, Total Bits</keys>
<column name="ap_NS_fsm">38, 7, 1, 7</column>
<column name="ap_done">9, 2, 1, 2</column>
<column name="arb_2_reg_99">9, 2, 1, 2</column>
<column name="fifo_B_in_V_V_read">9, 2, 1, 2</column>
<column name="fifo_B_local_out_V_write">9, 2, 1, 2</column>
<column name="grp_B_IO_L2_in_intra_trans_fu_111_intra_trans_en">15, 3, 1, 3</column>
<column name="grp_B_IO_L2_in_intra_trans_fu_111_local_B_V_q0">15, 3, 256, 768</column>
<column name="local_B_ping_V_ce0">9, 2, 1, 2</column>
<column name="local_B_ping_V_ce1">9, 2, 1, 2</column>
<column name="local_B_ping_V_we1">9, 2, 1, 2</column>
<column name="local_B_pong_V_ce0">9, 2, 1, 2</column>
<column name="local_B_pong_V_ce1">9, 2, 1, 2</column>
<column name="local_B_pong_V_we1">9, 2, 1, 2</column>
<column name="p_016_0_reg_66">9, 2, 2, 4</column>
<column name="p_047_0_reg_77">9, 2, 2, 4</column>
<column name="p_060_0_reg_88">9, 2, 8, 16</column>
</table>
</item>
<item name = "Register"><table name="" hasTotal="1">
<keys size="5">Name, FF, LUT, Bits, Const Bits</keys>
<column name="ap_CS_fsm">6, 0, 6, 0</column>
<column name="ap_done_reg">1, 0, 1, 0</column>
<column name="arb_2_reg_99">1, 0, 1, 0</column>
<column name="c0_V_reg_192">2, 0, 2, 0</column>
<column name="c1_V_reg_205">2, 0, 2, 0</column>
<column name="c2_V_reg_213">8, 0, 8, 0</column>
<column name="grp_B_IO_L2_in_inter_trans_boundary_fu_119_ap_start_reg">1, 0, 1, 0</column>
<column name="grp_B_IO_L2_in_intra_trans_fu_111_ap_start_reg">1, 0, 1, 0</column>
<column name="intra_trans_en_0_fu_54">1, 0, 1, 0</column>
<column name="intra_trans_en_0_load_17_reg_218">1, 0, 1, 0</column>
<column name="intra_trans_en_0_load_reg_197">1, 0, 1, 0</column>
<column name="p_016_0_reg_66">2, 0, 2, 0</column>
<column name="p_047_0_reg_77">2, 0, 2, 0</column>
<column name="p_060_0_reg_88">8, 0, 8, 0</column>
</table>
</item>
</section>
</item>
</section>

<section name = "Interface" level="0">
<item name = "Summary"><table name="" hasTotal="0">
<keys size="6">RTL Ports, Dir, Bits, Protocol, Source Object, C Type</keys>
<column name="ap_clk">in, 1, ap_ctrl_hs, B_IO_L2_in_boundary, return value</column>
<column name="ap_rst">in, 1, ap_ctrl_hs, B_IO_L2_in_boundary, return value</column>
<column name="ap_start">in, 1, ap_ctrl_hs, B_IO_L2_in_boundary, return value</column>
<column name="ap_done">out, 1, ap_ctrl_hs, B_IO_L2_in_boundary, return value</column>
<column name="ap_continue">in, 1, ap_ctrl_hs, B_IO_L2_in_boundary, return value</column>
<column name="ap_idle">out, 1, ap_ctrl_hs, B_IO_L2_in_boundary, return value</column>
<column name="ap_ready">out, 1, ap_ctrl_hs, B_IO_L2_in_boundary, return value</column>
<column name="fifo_B_in_V_V_dout">in, 256, ap_fifo, fifo_B_in_V_V, pointer</column>
<column name="fifo_B_in_V_V_empty_n">in, 1, ap_fifo, fifo_B_in_V_V, pointer</column>
<column name="fifo_B_in_V_V_read">out, 1, ap_fifo, fifo_B_in_V_V, pointer</column>
<column name="fifo_B_local_out_V_din">out, 32, ap_fifo, fifo_B_local_out_V, pointer</column>
<column name="fifo_B_local_out_V_full_n">in, 1, ap_fifo, fifo_B_local_out_V, pointer</column>
<column name="fifo_B_local_out_V_write">out, 1, ap_fifo, fifo_B_local_out_V, pointer</column>
</table>
</item>
</section>
</profile>
