<stg><name>B_IO_L3_in_serialize</name>


<trans_list>

<trans id="46" from="1" to="2">
<condition id="-1">
<or_exp><and_exp></and_exp></or_exp>
</condition>
</trans>

<trans id="47" from="2" to="3">
<condition id="-1">
<or_exp><and_exp></and_exp></or_exp>
</condition>
</trans>

<trans id="48" from="3" to="4">
<condition id="-1">
<or_exp><and_exp></and_exp></or_exp>
</condition>
</trans>

<trans id="49" from="4" to="5">
<condition id="-1">
<or_exp><and_exp></and_exp></or_exp>
</condition>
</trans>

<trans id="50" from="5" to="6">
<condition id="-1">
<or_exp><and_exp></and_exp></or_exp>
</condition>
</trans>

<trans id="51" from="6" to="7">
<condition id="-1">
<or_exp><and_exp></and_exp></or_exp>
</condition>
</trans>

<trans id="52" from="7" to="8">
<condition id="-1">
<or_exp><and_exp></and_exp></or_exp>
</condition>
</trans>

<trans id="53" from="8" to="9">
<condition id="-1">
<or_exp><and_exp></and_exp></or_exp>
</condition>
</trans>

<trans id="63" from="9" to="13">
<condition id="-1">
<or_exp><and_exp><literal name="icmp_ln398" val="1"/>
</and_exp></or_exp>
</condition>
</trans>

<trans id="64" from="9" to="10">
<condition id="-1">
<or_exp><and_exp><literal name="icmp_ln398" val="0"/>
</and_exp></or_exp>
</condition>
</trans>

<trans id="60" from="10" to="11">
<condition id="-1">
<or_exp><and_exp></and_exp></or_exp>
</condition>
</trans>

<trans id="61" from="11" to="12">
<condition id="-1">
<or_exp><and_exp></and_exp></or_exp>
</condition>
</trans>

<trans id="62" from="12" to="9">
<condition id="-1">
<or_exp><and_exp></and_exp></or_exp>
</condition>
</trans>
</trans_list>



<state_list>

<state id="1" st_id="1">

<operation id="14" st_id="1" stage="1" lat="1">
<core>FIFO_SRL</core>
<MemPortIdVec></MemPortIdVec>
<condition id="-1">
<or_exp><and_exp></and_exp></or_exp>
</condition>

<Node id="7" bw="32" op_0_bw="32" op_1_bw="32">
<![CDATA[
entry:3  %B_V_offset_read = call i32 @_ssdm_op_Read.ap_fifo.i32P(i32* %B_V_offset)

]]></Node>
<StgValue><ssdm name="B_V_offset_read"/></StgValue>
</operation>

<operation id="15" st_id="1" stage="1" lat="1">
<core>NULL</core>
<MemPortIdVec></MemPortIdVec>
<condition id="-1">
<or_exp><and_exp></and_exp></or_exp>
</condition>

<Node id="8" bw="26" op_0_bw="26" op_1_bw="32" op_2_bw="32" op_3_bw="32">
<![CDATA[
entry:4  %B_V_offset1_i = call i26 @_ssdm_op_PartSelect.i26.i32.i32.i32(i32 %B_V_offset_read, i32 6, i32 31)

]]></Node>
<StgValue><ssdm name="B_V_offset1_i"/></StgValue>
</operation>
</state>

<state id="2" st_id="2">

<operation id="16" st_id="2" stage="1" lat="1">
<core>NULL</core>
<MemPortIdVec></MemPortIdVec>
<condition id="-1">
<or_exp><and_exp></and_exp></or_exp>
</condition>

<Node id="9" bw="64" op_0_bw="26">
<![CDATA[
entry:5  %zext_ln391 = zext i26 %B_V_offset1_i to i64

]]></Node>
<StgValue><ssdm name="zext_ln391"/></StgValue>
</operation>

<operation id="17" st_id="2" stage="1" lat="1">
<core>NULL</core>
<MemPortIdVec></MemPortIdVec>
<condition id="-1">
<or_exp><and_exp></and_exp></or_exp>
</condition>

<Node id="10" bw="512" op_0_bw="512" op_1_bw="64">
<![CDATA[
entry:6  %B_V_addr = getelementptr i512* %B_V, i64 %zext_ln391

]]></Node>
<StgValue><ssdm name="B_V_addr"/></StgValue>
</operation>

<operation id="18" st_id="2" stage="7" lat="7">
<core>m_axi</core>
<MemPortIdVec></MemPortIdVec>
<condition id="-1">
<or_exp><and_exp></and_exp></or_exp>
</condition>

<Node id="13" bw="1" op_0_bw="1" op_1_bw="512" op_2_bw="32">
<![CDATA[
entry:9  %B_V_addr_i_rd_req = call i1 @_ssdm_op_ReadReq.m_axi.i512P(i512* %B_V_addr, i32 8192)

]]></Node>
<StgValue><ssdm name="B_V_addr_i_rd_req"/></StgValue>
</operation>
</state>

<state id="3" st_id="3">

<operation id="19" st_id="3" stage="6" lat="7">
<core>m_axi</core>
<MemPortIdVec></MemPortIdVec>
<condition id="-1">
<or_exp><and_exp></and_exp></or_exp>
</condition>

<Node id="13" bw="1" op_0_bw="1" op_1_bw="512" op_2_bw="32">
<![CDATA[
entry:9  %B_V_addr_i_rd_req = call i1 @_ssdm_op_ReadReq.m_axi.i512P(i512* %B_V_addr, i32 8192)

]]></Node>
<StgValue><ssdm name="B_V_addr_i_rd_req"/></StgValue>
</operation>
</state>

<state id="4" st_id="4">

<operation id="20" st_id="4" stage="5" lat="7">
<core>m_axi</core>
<MemPortIdVec></MemPortIdVec>
<condition id="-1">
<or_exp><and_exp></and_exp></or_exp>
</condition>

<Node id="13" bw="1" op_0_bw="1" op_1_bw="512" op_2_bw="32">
<![CDATA[
entry:9  %B_V_addr_i_rd_req = call i1 @_ssdm_op_ReadReq.m_axi.i512P(i512* %B_V_addr, i32 8192)

]]></Node>
<StgValue><ssdm name="B_V_addr_i_rd_req"/></StgValue>
</operation>
</state>

<state id="5" st_id="5">

<operation id="21" st_id="5" stage="4" lat="7">
<core>m_axi</core>
<MemPortIdVec></MemPortIdVec>
<condition id="-1">
<or_exp><and_exp></and_exp></or_exp>
</condition>

<Node id="13" bw="1" op_0_bw="1" op_1_bw="512" op_2_bw="32">
<![CDATA[
entry:9  %B_V_addr_i_rd_req = call i1 @_ssdm_op_ReadReq.m_axi.i512P(i512* %B_V_addr, i32 8192)

]]></Node>
<StgValue><ssdm name="B_V_addr_i_rd_req"/></StgValue>
</operation>
</state>

<state id="6" st_id="6">

<operation id="22" st_id="6" stage="3" lat="7">
<core>m_axi</core>
<MemPortIdVec></MemPortIdVec>
<condition id="-1">
<or_exp><and_exp></and_exp></or_exp>
</condition>

<Node id="13" bw="1" op_0_bw="1" op_1_bw="512" op_2_bw="32">
<![CDATA[
entry:9  %B_V_addr_i_rd_req = call i1 @_ssdm_op_ReadReq.m_axi.i512P(i512* %B_V_addr, i32 8192)

]]></Node>
<StgValue><ssdm name="B_V_addr_i_rd_req"/></StgValue>
</operation>
</state>

<state id="7" st_id="7">

<operation id="23" st_id="7" stage="2" lat="7">
<core>m_axi</core>
<MemPortIdVec></MemPortIdVec>
<condition id="-1">
<or_exp><and_exp></and_exp></or_exp>
</condition>

<Node id="13" bw="1" op_0_bw="1" op_1_bw="512" op_2_bw="32">
<![CDATA[
entry:9  %B_V_addr_i_rd_req = call i1 @_ssdm_op_ReadReq.m_axi.i512P(i512* %B_V_addr, i32 8192)

]]></Node>
<StgValue><ssdm name="B_V_addr_i_rd_req"/></StgValue>
</operation>
</state>

<state id="8" st_id="8">

<operation id="24" st_id="8" stage="1" lat="1">
<core>NULL</core>
<MemPortIdVec></MemPortIdVec>
<condition id="-1">
<or_exp><and_exp></and_exp></or_exp>
</condition>

<Node id="4" bw="0" op_0_bw="0" op_1_bw="512" op_2_bw="0" op_3_bw="32" op_4_bw="32" op_5_bw="0" op_6_bw="32" op_7_bw="32" op_8_bw="0" op_9_bw="0" op_10_bw="0" op_11_bw="32" op_12_bw="32" op_13_bw="32" op_14_bw="32" op_15_bw="0" op_16_bw="0">
<![CDATA[
entry:0  call void (...)* @_ssdm_op_SpecInterface(i512* %B_V, [6 x i8]* @p_str42, i32 0, i32 0, [1 x i8]* @p_str, i32 0, i32 0, [7 x i8]* @p_str45, [6 x i8]* @p_str44, [1 x i8]* @p_str, i32 16, i32 16, i32 16, i32 16, [1 x i8]* @p_str, [1 x i8]* @p_str)

]]></Node>
<StgValue><ssdm name="specinterface_ln0"/></StgValue>
</operation>

<operation id="25" st_id="8" stage="1" lat="1">
<core>NULL</core>
<MemPortIdVec></MemPortIdVec>
<condition id="-1">
<or_exp><and_exp></and_exp></or_exp>
</condition>

<Node id="5" bw="0" op_0_bw="0" op_1_bw="256" op_2_bw="0" op_3_bw="32" op_4_bw="32" op_5_bw="0" op_6_bw="32" op_7_bw="32" op_8_bw="0" op_9_bw="0" op_10_bw="0" op_11_bw="32" op_12_bw="32" op_13_bw="32" op_14_bw="32" op_15_bw="0" op_16_bw="0">
<![CDATA[
entry:1  call void (...)* @_ssdm_op_SpecInterface(i256* %fifo_B_local_out_V_V, [8 x i8]* @ap_fifo_str, i32 0, i32 0, [1 x i8]* @p_str, i32 0, i32 0, [1 x i8]* @p_str, [1 x i8]* @p_str, [1 x i8]* @p_str, i32 2, i32 2, i32 16, i32 16, [1 x i8]* @p_str, [1 x i8]* @p_str)

]]></Node>
<StgValue><ssdm name="specinterface_ln0"/></StgValue>
</operation>

<operation id="26" st_id="8" stage="1" lat="1">
<core>NULL</core>
<MemPortIdVec></MemPortIdVec>
<condition id="-1">
<or_exp><and_exp></and_exp></or_exp>
</condition>

<Node id="6" bw="0" op_0_bw="0" op_1_bw="32" op_2_bw="0" op_3_bw="32" op_4_bw="32" op_5_bw="0" op_6_bw="32" op_7_bw="32" op_8_bw="0" op_9_bw="0" op_10_bw="0" op_11_bw="32" op_12_bw="32" op_13_bw="32" op_14_bw="32" op_15_bw="0" op_16_bw="0">
<![CDATA[
entry:2  call void (...)* @_ssdm_op_SpecInterface(i32* %B_V_offset, [8 x i8]* @ap_fifo_str, i32 0, i32 0, [1 x i8]* @p_str, i32 0, i32 0, [1 x i8]* @p_str, [1 x i8]* @p_str, [1 x i8]* @p_str, i32 2, i32 2, i32 16, i32 16, [1 x i8]* @p_str, [11 x i8]* @ScalarProp_str)

]]></Node>
<StgValue><ssdm name="specinterface_ln0"/></StgValue>
</operation>

<operation id="27" st_id="8" stage="1" lat="1">
<core>NULL</core>
<MemPortIdVec></MemPortIdVec>
<condition id="-1">
<or_exp><and_exp></and_exp></or_exp>
</condition>

<Node id="11" bw="0" op_0_bw="0" op_1_bw="256" op_2_bw="0" op_3_bw="32" op_4_bw="32" op_5_bw="0" op_6_bw="32" op_7_bw="32" op_8_bw="0" op_9_bw="0" op_10_bw="0" op_11_bw="32" op_12_bw="32" op_13_bw="32" op_14_bw="32" op_15_bw="0" op_16_bw="0">
<![CDATA[
entry:7  call void (...)* @_ssdm_op_SpecInterface(i256* %fifo_B_local_out_V_V, [8 x i8]* @ap_fifo_str, i32 0, i32 0, [1 x i8]* @p_str, i32 0, i32 0, [1 x i8]* @p_str, [1 x i8]* @p_str, [1 x i8]* @p_str, i32 2, i32 2, i32 16, i32 16, [1 x i8]* @p_str, [1 x i8]* @p_str)

]]></Node>
<StgValue><ssdm name="specinterface_ln0"/></StgValue>
</operation>

<operation id="28" st_id="8" stage="1" lat="1">
<core>NULL</core>
<MemPortIdVec></MemPortIdVec>
<condition id="-1">
<or_exp><and_exp></and_exp></or_exp>
</condition>

<Node id="12" bw="0" op_0_bw="0" op_1_bw="512" op_2_bw="0" op_3_bw="32" op_4_bw="32" op_5_bw="0" op_6_bw="32" op_7_bw="32" op_8_bw="0" op_9_bw="0" op_10_bw="0" op_11_bw="32" op_12_bw="32" op_13_bw="32" op_14_bw="32" op_15_bw="0" op_16_bw="0">
<![CDATA[
entry:8  call void (...)* @_ssdm_op_SpecInterface(i512* %B_V, [6 x i8]* @p_str42, i32 0, i32 0, [1 x i8]* @p_str, i32 0, i32 0, [7 x i8]* @p_str45, [6 x i8]* @p_str44, [1 x i8]* @p_str, i32 16, i32 16, i32 16, i32 16, [1 x i8]* @p_str, [1 x i8]* @p_str)

]]></Node>
<StgValue><ssdm name="specinterface_ln0"/></StgValue>
</operation>

<operation id="29" st_id="8" stage="1" lat="7">
<core>m_axi</core>
<MemPortIdVec></MemPortIdVec>
<condition id="-1">
<or_exp><and_exp></and_exp></or_exp>
</condition>

<Node id="13" bw="1" op_0_bw="1" op_1_bw="512" op_2_bw="32">
<![CDATA[
entry:9  %B_V_addr_i_rd_req = call i1 @_ssdm_op_ReadReq.m_axi.i512P(i512* %B_V_addr, i32 8192)

]]></Node>
<StgValue><ssdm name="B_V_addr_i_rd_req"/></StgValue>
</operation>

<operation id="30" st_id="8" stage="1" lat="1">
<core>NULL</core>
<MemPortIdVec></MemPortIdVec>
<condition id="-1">
<or_exp><and_exp></and_exp></or_exp>
</condition>

<Node id="14" bw="0" op_0_bw="0">
<![CDATA[
entry:10  br label %0

]]></Node>
<StgValue><ssdm name="br_ln398"/></StgValue>
</operation>
</state>

<state id="9" st_id="9">

<operation id="31" st_id="9" stage="1" lat="1">
<core>NULL</core>
<MemPortIdVec></MemPortIdVec>
<condition id="-1">
<or_exp><and_exp></and_exp></or_exp>
</condition>

<Node id="16" bw="14" op_0_bw="14" op_1_bw="0" op_2_bw="14" op_3_bw="0">
<![CDATA[
:0  %t_V = phi i14 [ 0, %entry ], [ %i_V, %hls_label_8 ]

]]></Node>
<StgValue><ssdm name="t_V"/></StgValue>
</operation>

<operation id="32" st_id="9" stage="1" lat="1">
<core>Cmp</core>
<MemPortIdVec></MemPortIdVec>
<condition id="-1">
<or_exp><and_exp></and_exp></or_exp>
</condition>

<Node id="17" bw="1" op_0_bw="14" op_1_bw="14">
<![CDATA[
:1  %icmp_ln398 = icmp eq i14 %t_V, -8192

]]></Node>
<StgValue><ssdm name="icmp_ln398"/></StgValue>
</operation>

<operation id="33" st_id="9" stage="1" lat="1">
<core>NULL</core>
<MemPortIdVec></MemPortIdVec>
<condition id="-1">
<or_exp><and_exp></and_exp></or_exp>
</condition>

<Node id="18" bw="32" op_0_bw="32" op_1_bw="64" op_2_bw="64" op_3_bw="64">
<![CDATA[
:2  %empty = call i32 (...)* @_ssdm_op_SpecLoopTripCount(i64 8192, i64 8192, i64 8192)

]]></Node>
<StgValue><ssdm name="empty"/></StgValue>
</operation>

<operation id="34" st_id="9" stage="1" lat="1">
<core>AddSub</core>
<MemPortIdVec></MemPortIdVec>
<condition id="-1">
<or_exp><and_exp></and_exp></or_exp>
</condition>

<Node id="19" bw="14" op_0_bw="14" op_1_bw="14">
<![CDATA[
:3  %i_V = add i14 %t_V, 1

]]></Node>
<StgValue><ssdm name="i_V"/></StgValue>
</operation>

<operation id="35" st_id="9" stage="1" lat="1">
<core>NULL</core>
<MemPortIdVec></MemPortIdVec>
<condition id="-1">
<or_exp><and_exp></and_exp></or_exp>
</condition>

<Node id="20" bw="0" op_0_bw="1" op_1_bw="0" op_2_bw="0">
<![CDATA[
:4  br i1 %icmp_ln398, label %.exit, label %hls_label_8

]]></Node>
<StgValue><ssdm name="br_ln398"/></StgValue>
</operation>
</state>

<state id="10" st_id="10">

<operation id="36" st_id="10" stage="1" lat="1">
<core>m_axi</core>
<MemPortIdVec></MemPortIdVec>
<condition id="-1">
<or_exp><and_exp><literal name="icmp_ln398" val="0"/>
</and_exp></or_exp>
</condition>

<Node id="24" bw="512" op_0_bw="512" op_1_bw="512" op_2_bw="1">
<![CDATA[
hls_label_8:2  %mem_data_V = call i512 @_ssdm_op_Read.m_axi.i512P(i512* %B_V_addr)

]]></Node>
<StgValue><ssdm name="mem_data_V"/></StgValue>
</operation>

<operation id="37" st_id="10" stage="1" lat="1">
<core>NULL</core>
<MemPortIdVec></MemPortIdVec>
<condition id="-1">
<or_exp><and_exp><literal name="icmp_ln398" val="0"/>
</and_exp></or_exp>
</condition>

<Node id="25" bw="256" op_0_bw="512">
<![CDATA[
hls_label_8:3  %tmp_V = trunc i512 %mem_data_V to i256

]]></Node>
<StgValue><ssdm name="tmp_V"/></StgValue>
</operation>

<operation id="38" st_id="10" stage="1" lat="1">
<core>NULL</core>
<MemPortIdVec></MemPortIdVec>
<condition id="-1">
<or_exp><and_exp><literal name="icmp_ln398" val="0"/>
</and_exp></or_exp>
</condition>

<Node id="27" bw="256" op_0_bw="256" op_1_bw="512" op_2_bw="32" op_3_bw="32">
<![CDATA[
hls_label_8:5  %tmp_V_38 = call i256 @_ssdm_op_PartSelect.i256.i512.i32.i32(i512 %mem_data_V, i32 256, i32 511)

]]></Node>
<StgValue><ssdm name="tmp_V_38"/></StgValue>
</operation>
</state>

<state id="11" st_id="11">

<operation id="39" st_id="11" stage="1" lat="1">
<core>FIFO_SRL</core>
<MemPortIdVec></MemPortIdVec>
<condition id="-1">
<or_exp><and_exp><literal name="icmp_ln398" val="0"/>
</and_exp></or_exp>
</condition>

<Node id="26" bw="0" op_0_bw="0" op_1_bw="256" op_2_bw="256">
<![CDATA[
hls_label_8:4  call void @_ssdm_op_Write.ap_fifo.volatile.i256P(i256* %fifo_B_local_out_V_V, i256 %tmp_V)

]]></Node>
<StgValue><ssdm name="write_ln404"/></StgValue>
</operation>
</state>

<state id="12" st_id="12">

<operation id="40" st_id="12" stage="1" lat="1">
<core>NULL</core>
<MemPortIdVec></MemPortIdVec>
<condition id="-1">
<or_exp><and_exp><literal name="icmp_ln398" val="0"/>
</and_exp></or_exp>
</condition>

<Node id="22" bw="32" op_0_bw="32" op_1_bw="0">
<![CDATA[
hls_label_8:0  %tmp_i = call i32 (...)* @_ssdm_op_SpecRegionBegin([12 x i8]* @p_str11)

]]></Node>
<StgValue><ssdm name="tmp_i"/></StgValue>
</operation>

<operation id="41" st_id="12" stage="1" lat="1">
<core>NULL</core>
<MemPortIdVec></MemPortIdVec>
<condition id="-1">
<or_exp><and_exp><literal name="icmp_ln398" val="0"/>
</and_exp></or_exp>
</condition>

<Node id="23" bw="0" op_0_bw="0" op_1_bw="32" op_2_bw="32" op_3_bw="32" op_4_bw="32" op_5_bw="0">
<![CDATA[
hls_label_8:1  call void (...)* @_ssdm_op_SpecPipeline(i32 1, i32 1, i32 1, i32 0, [1 x i8]* @p_str) nounwind

]]></Node>
<StgValue><ssdm name="specpipeline_ln399"/></StgValue>
</operation>

<operation id="42" st_id="12" stage="1" lat="1">
<core>FIFO_SRL</core>
<MemPortIdVec></MemPortIdVec>
<condition id="-1">
<or_exp><and_exp><literal name="icmp_ln398" val="0"/>
</and_exp></or_exp>
</condition>

<Node id="28" bw="0" op_0_bw="0" op_1_bw="256" op_2_bw="256" op_3_bw="0">
<![CDATA[
hls_label_8:6  call void @_ssdm_op_Write.ap_fifo.volatile.i256P(i256* %fifo_B_local_out_V_V, i256 %tmp_V_38)

]]></Node>
<StgValue><ssdm name="write_ln404"/></StgValue>
</operation>

<operation id="43" st_id="12" stage="1" lat="1">
<core>NULL</core>
<MemPortIdVec></MemPortIdVec>
<condition id="-1">
<or_exp><and_exp><literal name="icmp_ln398" val="0"/>
</and_exp></or_exp>
</condition>

<Node id="29" bw="32" op_0_bw="32" op_1_bw="0" op_2_bw="32">
<![CDATA[
hls_label_8:7  %empty_998 = call i32 (...)* @_ssdm_op_SpecRegionEnd([12 x i8]* @p_str11, i32 %tmp_i)

]]></Node>
<StgValue><ssdm name="empty_998"/></StgValue>
</operation>

<operation id="44" st_id="12" stage="1" lat="1">
<core>NULL</core>
<MemPortIdVec></MemPortIdVec>
<condition id="-1">
<or_exp><and_exp><literal name="icmp_ln398" val="0"/>
</and_exp></or_exp>
</condition>

<Node id="30" bw="0" op_0_bw="0">
<![CDATA[
hls_label_8:8  br label %0

]]></Node>
<StgValue><ssdm name="br_ln398"/></StgValue>
</operation>
</state>

<state id="13" st_id="13">

<operation id="45" st_id="13" stage="1" lat="1">
<core>NULL</core>
<MemPortIdVec></MemPortIdVec>
<condition id="-1">
<or_exp><and_exp></and_exp></or_exp>
</condition>

<Node id="32" bw="0">
<![CDATA[
.exit:0  ret void

]]></Node>
<StgValue><ssdm name="ret_ln1612"/></StgValue>
</operation>
</state>
</state_list>


<ports>
<port id="65" name="B_V" dir="0" iftype="4">
<core>NULL</core><StgValue><ssdm name="B_V"/></StgValue>
</port>
<port id="66" name="B_V_offset" dir="0" iftype="3">
<core>FIFO_SRL</core><StgValue><ssdm name="B_V_offset"/></StgValue>
</port>
<port id="67" name="fifo_B_local_out_V_V" dir="1" iftype="3">
<core>FIFO_SRL</core><StgValue><ssdm name="fifo_B_local_out_V_V"/></StgValue>
</port>
</ports>


<dataflows>
<dataflow id="69" from="_ssdm_op_Read.ap_fifo.i32P" to="B_V_offset_read" fromId="68" toId="14">
</dataflow>
<dataflow id="70" from="B_V_offset" to="B_V_offset_read" fromId="66" toId="14">
</dataflow>
<dataflow id="72" from="_ssdm_op_PartSelect.i26.i32.i32.i32" to="B_V_offset1_i" fromId="71" toId="15">
</dataflow>
<dataflow id="73" from="B_V_offset_read" to="B_V_offset1_i" fromId="14" toId="15">
</dataflow>
<dataflow id="75" from="StgValue_74" to="B_V_offset1_i" fromId="74" toId="15">
</dataflow>
<dataflow id="77" from="StgValue_76" to="B_V_offset1_i" fromId="76" toId="15">
</dataflow>
<dataflow id="78" from="B_V_offset1_i" to="zext_ln391" fromId="15" toId="16">
</dataflow>
<dataflow id="79" from="B_V" to="B_V_addr" fromId="65" toId="17">
</dataflow>
<dataflow id="80" from="zext_ln391" to="B_V_addr" fromId="16" toId="17">
</dataflow>
<dataflow id="82" from="_ssdm_op_ReadReq.m_axi.i512P" to="B_V_addr_i_rd_req" fromId="81" toId="18">
</dataflow>
<dataflow id="83" from="B_V_addr" to="B_V_addr_i_rd_req" fromId="17" toId="18">
</dataflow>
<dataflow id="85" from="StgValue_84" to="B_V_addr_i_rd_req" fromId="84" toId="18">
</dataflow>
<dataflow id="86" from="_ssdm_op_ReadReq.m_axi.i512P" to="B_V_addr_i_rd_req" fromId="81" toId="19">
</dataflow>
<dataflow id="87" from="B_V_addr" to="B_V_addr_i_rd_req" fromId="17" toId="19">
</dataflow>
<dataflow id="88" from="StgValue_84" to="B_V_addr_i_rd_req" fromId="84" toId="19">
</dataflow>
<dataflow id="89" from="_ssdm_op_ReadReq.m_axi.i512P" to="B_V_addr_i_rd_req" fromId="81" toId="20">
</dataflow>
<dataflow id="90" from="B_V_addr" to="B_V_addr_i_rd_req" fromId="17" toId="20">
</dataflow>
<dataflow id="91" from="StgValue_84" to="B_V_addr_i_rd_req" fromId="84" toId="20">
</dataflow>
<dataflow id="92" from="_ssdm_op_ReadReq.m_axi.i512P" to="B_V_addr_i_rd_req" fromId="81" toId="21">
</dataflow>
<dataflow id="93" from="B_V_addr" to="B_V_addr_i_rd_req" fromId="17" toId="21">
</dataflow>
<dataflow id="94" from="StgValue_84" to="B_V_addr_i_rd_req" fromId="84" toId="21">
</dataflow>
<dataflow id="95" from="_ssdm_op_ReadReq.m_axi.i512P" to="B_V_addr_i_rd_req" fromId="81" toId="22">
</dataflow>
<dataflow id="96" from="B_V_addr" to="B_V_addr_i_rd_req" fromId="17" toId="22">
</dataflow>
<dataflow id="97" from="StgValue_84" to="B_V_addr_i_rd_req" fromId="84" toId="22">
</dataflow>
<dataflow id="98" from="_ssdm_op_ReadReq.m_axi.i512P" to="B_V_addr_i_rd_req" fromId="81" toId="23">
</dataflow>
<dataflow id="99" from="B_V_addr" to="B_V_addr_i_rd_req" fromId="17" toId="23">
</dataflow>
<dataflow id="100" from="StgValue_84" to="B_V_addr_i_rd_req" fromId="84" toId="23">
</dataflow>
<dataflow id="102" from="_ssdm_op_SpecInterface" to="specinterface_ln0" fromId="101" toId="24">
</dataflow>
<dataflow id="103" from="B_V" to="specinterface_ln0" fromId="65" toId="24">
</dataflow>
<dataflow id="105" from="p_str42" to="specinterface_ln0" fromId="104" toId="24">
</dataflow>
<dataflow id="107" from="StgValue_106" to="specinterface_ln0" fromId="106" toId="24">
</dataflow>
<dataflow id="108" from="StgValue_106" to="specinterface_ln0" fromId="106" toId="24">
</dataflow>
<dataflow id="110" from="p_str" to="specinterface_ln0" fromId="109" toId="24">
</dataflow>
<dataflow id="111" from="StgValue_106" to="specinterface_ln0" fromId="106" toId="24">
</dataflow>
<dataflow id="112" from="StgValue_106" to="specinterface_ln0" fromId="106" toId="24">
</dataflow>
<dataflow id="114" from="p_str45" to="specinterface_ln0" fromId="113" toId="24">
</dataflow>
<dataflow id="116" from="p_str44" to="specinterface_ln0" fromId="115" toId="24">
</dataflow>
<dataflow id="117" from="p_str" to="specinterface_ln0" fromId="109" toId="24">
</dataflow>
<dataflow id="119" from="StgValue_118" to="specinterface_ln0" fromId="118" toId="24">
</dataflow>
<dataflow id="120" from="StgValue_118" to="specinterface_ln0" fromId="118" toId="24">
</dataflow>
<dataflow id="121" from="StgValue_118" to="specinterface_ln0" fromId="118" toId="24">
</dataflow>
<dataflow id="122" from="StgValue_118" to="specinterface_ln0" fromId="118" toId="24">
</dataflow>
<dataflow id="123" from="p_str" to="specinterface_ln0" fromId="109" toId="24">
</dataflow>
<dataflow id="124" from="p_str" to="specinterface_ln0" fromId="109" toId="24">
</dataflow>
<dataflow id="125" from="_ssdm_op_SpecInterface" to="specinterface_ln0" fromId="101" toId="25">
</dataflow>
<dataflow id="126" from="fifo_B_local_out_V_V" to="specinterface_ln0" fromId="67" toId="25">
</dataflow>
<dataflow id="128" from="ap_fifo_str" to="specinterface_ln0" fromId="127" toId="25">
</dataflow>
<dataflow id="129" from="StgValue_106" to="specinterface_ln0" fromId="106" toId="25">
</dataflow>
<dataflow id="130" from="StgValue_106" to="specinterface_ln0" fromId="106" toId="25">
</dataflow>
<dataflow id="131" from="p_str" to="specinterface_ln0" fromId="109" toId="25">
</dataflow>
<dataflow id="132" from="StgValue_106" to="specinterface_ln0" fromId="106" toId="25">
</dataflow>
<dataflow id="133" from="StgValue_106" to="specinterface_ln0" fromId="106" toId="25">
</dataflow>
<dataflow id="134" from="p_str" to="specinterface_ln0" fromId="109" toId="25">
</dataflow>
<dataflow id="135" from="p_str" to="specinterface_ln0" fromId="109" toId="25">
</dataflow>
<dataflow id="136" from="p_str" to="specinterface_ln0" fromId="109" toId="25">
</dataflow>
<dataflow id="138" from="StgValue_137" to="specinterface_ln0" fromId="137" toId="25">
</dataflow>
<dataflow id="139" from="StgValue_137" to="specinterface_ln0" fromId="137" toId="25">
</dataflow>
<dataflow id="140" from="StgValue_118" to="specinterface_ln0" fromId="118" toId="25">
</dataflow>
<dataflow id="141" from="StgValue_118" to="specinterface_ln0" fromId="118" toId="25">
</dataflow>
<dataflow id="142" from="p_str" to="specinterface_ln0" fromId="109" toId="25">
</dataflow>
<dataflow id="143" from="p_str" to="specinterface_ln0" fromId="109" toId="25">
</dataflow>
<dataflow id="144" from="_ssdm_op_SpecInterface" to="specinterface_ln0" fromId="101" toId="26">
</dataflow>
<dataflow id="145" from="B_V_offset" to="specinterface_ln0" fromId="66" toId="26">
</dataflow>
<dataflow id="146" from="ap_fifo_str" to="specinterface_ln0" fromId="127" toId="26">
</dataflow>
<dataflow id="147" from="StgValue_106" to="specinterface_ln0" fromId="106" toId="26">
</dataflow>
<dataflow id="148" from="StgValue_106" to="specinterface_ln0" fromId="106" toId="26">
</dataflow>
<dataflow id="149" from="p_str" to="specinterface_ln0" fromId="109" toId="26">
</dataflow>
<dataflow id="150" from="StgValue_106" to="specinterface_ln0" fromId="106" toId="26">
</dataflow>
<dataflow id="151" from="StgValue_106" to="specinterface_ln0" fromId="106" toId="26">
</dataflow>
<dataflow id="152" from="p_str" to="specinterface_ln0" fromId="109" toId="26">
</dataflow>
<dataflow id="153" from="p_str" to="specinterface_ln0" fromId="109" toId="26">
</dataflow>
<dataflow id="154" from="p_str" to="specinterface_ln0" fromId="109" toId="26">
</dataflow>
<dataflow id="155" from="StgValue_137" to="specinterface_ln0" fromId="137" toId="26">
</dataflow>
<dataflow id="156" from="StgValue_137" to="specinterface_ln0" fromId="137" toId="26">
</dataflow>
<dataflow id="157" from="StgValue_118" to="specinterface_ln0" fromId="118" toId="26">
</dataflow>
<dataflow id="158" from="StgValue_118" to="specinterface_ln0" fromId="118" toId="26">
</dataflow>
<dataflow id="159" from="p_str" to="specinterface_ln0" fromId="109" toId="26">
</dataflow>
<dataflow id="161" from="ScalarProp_str" to="specinterface_ln0" fromId="160" toId="26">
</dataflow>
<dataflow id="162" from="_ssdm_op_SpecInterface" to="specinterface_ln0" fromId="101" toId="27">
</dataflow>
<dataflow id="163" from="fifo_B_local_out_V_V" to="specinterface_ln0" fromId="67" toId="27">
</dataflow>
<dataflow id="164" from="ap_fifo_str" to="specinterface_ln0" fromId="127" toId="27">
</dataflow>
<dataflow id="165" from="StgValue_106" to="specinterface_ln0" fromId="106" toId="27">
</dataflow>
<dataflow id="166" from="StgValue_106" to="specinterface_ln0" fromId="106" toId="27">
</dataflow>
<dataflow id="167" from="p_str" to="specinterface_ln0" fromId="109" toId="27">
</dataflow>
<dataflow id="168" from="StgValue_106" to="specinterface_ln0" fromId="106" toId="27">
</dataflow>
<dataflow id="169" from="StgValue_106" to="specinterface_ln0" fromId="106" toId="27">
</dataflow>
<dataflow id="170" from="p_str" to="specinterface_ln0" fromId="109" toId="27">
</dataflow>
<dataflow id="171" from="p_str" to="specinterface_ln0" fromId="109" toId="27">
</dataflow>
<dataflow id="172" from="p_str" to="specinterface_ln0" fromId="109" toId="27">
</dataflow>
<dataflow id="173" from="StgValue_137" to="specinterface_ln0" fromId="137" toId="27">
</dataflow>
<dataflow id="174" from="StgValue_137" to="specinterface_ln0" fromId="137" toId="27">
</dataflow>
<dataflow id="175" from="StgValue_118" to="specinterface_ln0" fromId="118" toId="27">
</dataflow>
<dataflow id="176" from="StgValue_118" to="specinterface_ln0" fromId="118" toId="27">
</dataflow>
<dataflow id="177" from="p_str" to="specinterface_ln0" fromId="109" toId="27">
</dataflow>
<dataflow id="178" from="p_str" to="specinterface_ln0" fromId="109" toId="27">
</dataflow>
<dataflow id="179" from="_ssdm_op_SpecInterface" to="specinterface_ln0" fromId="101" toId="28">
</dataflow>
<dataflow id="180" from="B_V" to="specinterface_ln0" fromId="65" toId="28">
</dataflow>
<dataflow id="181" from="p_str42" to="specinterface_ln0" fromId="104" toId="28">
</dataflow>
<dataflow id="182" from="StgValue_106" to="specinterface_ln0" fromId="106" toId="28">
</dataflow>
<dataflow id="183" from="StgValue_106" to="specinterface_ln0" fromId="106" toId="28">
</dataflow>
<dataflow id="184" from="p_str" to="specinterface_ln0" fromId="109" toId="28">
</dataflow>
<dataflow id="185" from="StgValue_106" to="specinterface_ln0" fromId="106" toId="28">
</dataflow>
<dataflow id="186" from="StgValue_106" to="specinterface_ln0" fromId="106" toId="28">
</dataflow>
<dataflow id="187" from="p_str45" to="specinterface_ln0" fromId="113" toId="28">
</dataflow>
<dataflow id="188" from="p_str44" to="specinterface_ln0" fromId="115" toId="28">
</dataflow>
<dataflow id="189" from="p_str" to="specinterface_ln0" fromId="109" toId="28">
</dataflow>
<dataflow id="190" from="StgValue_118" to="specinterface_ln0" fromId="118" toId="28">
</dataflow>
<dataflow id="191" from="StgValue_118" to="specinterface_ln0" fromId="118" toId="28">
</dataflow>
<dataflow id="192" from="StgValue_118" to="specinterface_ln0" fromId="118" toId="28">
</dataflow>
<dataflow id="193" from="StgValue_118" to="specinterface_ln0" fromId="118" toId="28">
</dataflow>
<dataflow id="194" from="p_str" to="specinterface_ln0" fromId="109" toId="28">
</dataflow>
<dataflow id="195" from="p_str" to="specinterface_ln0" fromId="109" toId="28">
</dataflow>
<dataflow id="196" from="_ssdm_op_ReadReq.m_axi.i512P" to="B_V_addr_i_rd_req" fromId="81" toId="29">
</dataflow>
<dataflow id="197" from="B_V_addr" to="B_V_addr_i_rd_req" fromId="17" toId="29">
</dataflow>
<dataflow id="198" from="StgValue_84" to="B_V_addr_i_rd_req" fromId="84" toId="29">
</dataflow>
<dataflow id="200" from="StgValue_199" to="t_V" fromId="199" toId="31">
<condition id="-1">
<or_exp><and_exp></and_exp></or_exp>
</condition>
</dataflow>
<dataflow id="201" from="br_ln398" to="t_V" fromId="30" toId="31">
</dataflow>
<dataflow id="202" from="i_V" to="t_V" fromId="34" toId="31">
<BackEdge/>
<condition id="-1">
<or_exp><and_exp><literal name="icmp_ln398" val="0"/>
</and_exp></or_exp>
</condition>
</dataflow>
<dataflow id="203" from="br_ln398" to="t_V" fromId="44" toId="31">
<BackEdge/>
</dataflow>
<dataflow id="204" from="t_V" to="icmp_ln398" fromId="31" toId="32">
</dataflow>
<dataflow id="206" from="StgValue_205" to="icmp_ln398" fromId="205" toId="32">
</dataflow>
<dataflow id="208" from="_ssdm_op_SpecLoopTripCount" to="empty" fromId="207" toId="33">
</dataflow>
<dataflow id="210" from="StgValue_209" to="empty" fromId="209" toId="33">
</dataflow>
<dataflow id="211" from="StgValue_209" to="empty" fromId="209" toId="33">
</dataflow>
<dataflow id="212" from="StgValue_209" to="empty" fromId="209" toId="33">
</dataflow>
<dataflow id="213" from="t_V" to="i_V" fromId="31" toId="34">
</dataflow>
<dataflow id="215" from="StgValue_214" to="i_V" fromId="214" toId="34">
</dataflow>
<dataflow id="216" from="icmp_ln398" to="br_ln398" fromId="32" toId="35">
</dataflow>
<dataflow id="218" from="_ssdm_op_Read.m_axi.i512P" to="mem_data_V" fromId="217" toId="36">
</dataflow>
<dataflow id="219" from="B_V_addr" to="mem_data_V" fromId="17" toId="36">
</dataflow>
<dataflow id="220" from="mem_data_V" to="tmp_V" fromId="36" toId="37">
</dataflow>
<dataflow id="222" from="_ssdm_op_PartSelect.i256.i512.i32.i32" to="tmp_V_38" fromId="221" toId="38">
</dataflow>
<dataflow id="223" from="mem_data_V" to="tmp_V_38" fromId="36" toId="38">
</dataflow>
<dataflow id="225" from="StgValue_224" to="tmp_V_38" fromId="224" toId="38">
</dataflow>
<dataflow id="227" from="StgValue_226" to="tmp_V_38" fromId="226" toId="38">
</dataflow>
<dataflow id="229" from="_ssdm_op_Write.ap_fifo.volatile.i256P" to="write_ln404" fromId="228" toId="39">
</dataflow>
<dataflow id="230" from="fifo_B_local_out_V_V" to="write_ln404" fromId="67" toId="39">
</dataflow>
<dataflow id="231" from="tmp_V" to="write_ln404" fromId="37" toId="39">
</dataflow>
<dataflow id="233" from="_ssdm_op_SpecRegionBegin" to="tmp_i" fromId="232" toId="40">
</dataflow>
<dataflow id="235" from="p_str11" to="tmp_i" fromId="234" toId="40">
</dataflow>
<dataflow id="237" from="_ssdm_op_SpecPipeline" to="specpipeline_ln399" fromId="236" toId="41">
</dataflow>
<dataflow id="239" from="StgValue_238" to="specpipeline_ln399" fromId="238" toId="41">
</dataflow>
<dataflow id="240" from="StgValue_238" to="specpipeline_ln399" fromId="238" toId="41">
</dataflow>
<dataflow id="241" from="StgValue_238" to="specpipeline_ln399" fromId="238" toId="41">
</dataflow>
<dataflow id="242" from="StgValue_106" to="specpipeline_ln399" fromId="106" toId="41">
</dataflow>
<dataflow id="243" from="p_str" to="specpipeline_ln399" fromId="109" toId="41">
</dataflow>
<dataflow id="244" from="_ssdm_op_Write.ap_fifo.volatile.i256P" to="write_ln404" fromId="228" toId="42">
</dataflow>
<dataflow id="245" from="fifo_B_local_out_V_V" to="write_ln404" fromId="67" toId="42">
</dataflow>
<dataflow id="246" from="tmp_V_38" to="write_ln404" fromId="38" toId="42">
</dataflow>
<dataflow id="248" from="_ssdm_op_SpecRegionEnd" to="empty_998" fromId="247" toId="43">
</dataflow>
<dataflow id="249" from="p_str11" to="empty_998" fromId="234" toId="43">
</dataflow>
<dataflow id="250" from="tmp_i" to="empty_998" fromId="40" toId="43">
</dataflow>
<dataflow id="251" from="icmp_ln398" to="StgValue_10" fromId="32" toId="10">
</dataflow>
<dataflow id="252" from="icmp_ln398" to="StgValue_11" fromId="32" toId="11">
</dataflow>
<dataflow id="253" from="icmp_ln398" to="StgValue_12" fromId="32" toId="12">
</dataflow>
<dataflow id="254" from="icmp_ln398" to="StgValue_9" fromId="32" toId="9">
</dataflow>
</dataflows>


</stg>
