<stg><name>B_PE_dummy_in340</name>


<trans_list>

<trans id="19" from="1" to="2">
<condition id="-1">
<or_exp><and_exp></and_exp></or_exp>
</condition>
</trans>

<trans id="25" from="2" to="4">
<condition id="-1">
<or_exp><and_exp><literal name="icmp_ln1211" val="1"/>
</and_exp></or_exp>
</condition>
</trans>

<trans id="26" from="2" to="3">
<condition id="-1">
<or_exp><and_exp><literal name="icmp_ln1211" val="0"/>
</and_exp></or_exp>
</condition>
</trans>

<trans id="24" from="3" to="2">
<condition id="-1">
<or_exp><and_exp></and_exp></or_exp>
</condition>
</trans>
</trans_list>



<state_list>

<state id="1" st_id="1">

<operation id="5" st_id="1" stage="1" lat="1">
<core>NULL</core>
<MemPortIdVec></MemPortIdVec>
<condition id="-1">
<or_exp><and_exp></and_exp></or_exp>
</condition>

<Node id="2" bw="0" op_0_bw="0" op_1_bw="32" op_2_bw="0" op_3_bw="32" op_4_bw="32" op_5_bw="0" op_6_bw="32" op_7_bw="32" op_8_bw="0" op_9_bw="0" op_10_bw="0" op_11_bw="32" op_12_bw="32" op_13_bw="32" op_14_bw="32" op_15_bw="0" op_16_bw="0">
<![CDATA[
:0  call void (...)* @_ssdm_op_SpecInterface(float* %fifo_B_in_V, [8 x i8]* @ap_fifo_str, i32 0, i32 0, [1 x i8]* @p_str, i32 0, i32 0, [1 x i8]* @p_str, [1 x i8]* @p_str, [1 x i8]* @p_str, i32 2, i32 2, i32 16, i32 16, [1 x i8]* @p_str, [1 x i8]* @p_str)

]]></Node>
<StgValue><ssdm name="specinterface_ln0"/></StgValue>
</operation>

<operation id="6" st_id="1" stage="1" lat="1">
<core>NULL</core>
<MemPortIdVec></MemPortIdVec>
<condition id="-1">
<or_exp><and_exp></and_exp></or_exp>
</condition>

<Node id="3" bw="0" op_0_bw="0" op_1_bw="32" op_2_bw="0" op_3_bw="0" op_4_bw="0" op_5_bw="32" op_6_bw="0" op_7_bw="0" op_8_bw="0" op_9_bw="0" op_10_bw="0">
<![CDATA[
:1  call void (...)* @_ssdm_op_SpecMemCore(float* %fifo_B_in_V, [1 x i8]* @p_str, [9 x i8]* @p_str50, [1 x i8]* @p_str, i32 -1, [1 x i8]* @p_str, [1 x i8]* @p_str, [1 x i8]* @p_str, [1 x i8]* @p_str, [1 x i8]* @p_str)

]]></Node>
<StgValue><ssdm name="specmemcore_ln0"/></StgValue>
</operation>

<operation id="7" st_id="1" stage="1" lat="1">
<core>NULL</core>
<MemPortIdVec></MemPortIdVec>
<condition id="-1">
<or_exp><and_exp></and_exp></or_exp>
</condition>

<Node id="4" bw="0" op_0_bw="0">
<![CDATA[
:2  br label %.preheader

]]></Node>
<StgValue><ssdm name="br_ln1211"/></StgValue>
</operation>
</state>

<state id="2" st_id="2">

<operation id="8" st_id="2" stage="1" lat="1">
<core>NULL</core>
<MemPortIdVec></MemPortIdVec>
<condition id="-1">
<or_exp><and_exp></and_exp></or_exp>
</condition>

<Node id="6" bw="23" op_0_bw="23" op_1_bw="0" op_2_bw="23" op_3_bw="0">
<![CDATA[
.preheader:0  %indvar_flatten139 = phi i23 [ 0, %0 ], [ %add_ln1211, %hls_label_27 ]

]]></Node>
<StgValue><ssdm name="indvar_flatten139"/></StgValue>
</operation>

<operation id="9" st_id="2" stage="1" lat="1">
<core>Cmp</core>
<MemPortIdVec></MemPortIdVec>
<condition id="-1">
<or_exp><and_exp></and_exp></or_exp>
</condition>

<Node id="7" bw="1" op_0_bw="23" op_1_bw="23">
<![CDATA[
.preheader:1  %icmp_ln1211 = icmp eq i23 %indvar_flatten139, -4194304

]]></Node>
<StgValue><ssdm name="icmp_ln1211"/></StgValue>
</operation>

<operation id="10" st_id="2" stage="1" lat="1">
<core>AddSub</core>
<MemPortIdVec></MemPortIdVec>
<condition id="-1">
<or_exp><and_exp></and_exp></or_exp>
</condition>

<Node id="8" bw="23" op_0_bw="23" op_1_bw="23">
<![CDATA[
.preheader:2  %add_ln1211 = add i23 %indvar_flatten139, 1

]]></Node>
<StgValue><ssdm name="add_ln1211"/></StgValue>
</operation>

<operation id="11" st_id="2" stage="1" lat="1">
<core>NULL</core>
<MemPortIdVec></MemPortIdVec>
<condition id="-1">
<or_exp><and_exp></and_exp></or_exp>
</condition>

<Node id="9" bw="0" op_0_bw="1" op_1_bw="0" op_2_bw="0">
<![CDATA[
.preheader:3  br i1 %icmp_ln1211, label %1, label %hls_label_27

]]></Node>
<StgValue><ssdm name="br_ln1211"/></StgValue>
</operation>
</state>

<state id="3" st_id="3">

<operation id="12" st_id="3" stage="1" lat="1">
<core>NULL</core>
<MemPortIdVec></MemPortIdVec>
<condition id="-1">
<or_exp><and_exp><literal name="icmp_ln1211" val="0"/>
</and_exp></or_exp>
</condition>

<Node id="11" bw="32" op_0_bw="32" op_1_bw="64" op_2_bw="64" op_3_bw="64">
<![CDATA[
hls_label_27:0  %empty = call i32 (...)* @_ssdm_op_SpecLoopTripCount(i64 4194304, i64 4194304, i64 4194304)

]]></Node>
<StgValue><ssdm name="empty"/></StgValue>
</operation>

<operation id="13" st_id="3" stage="1" lat="1">
<core>NULL</core>
<MemPortIdVec></MemPortIdVec>
<condition id="-1">
<or_exp><and_exp><literal name="icmp_ln1211" val="0"/>
</and_exp></or_exp>
</condition>

<Node id="12" bw="32" op_0_bw="32" op_1_bw="0">
<![CDATA[
hls_label_27:1  %tmp_s = call i32 (...)* @_ssdm_op_SpecRegionBegin([13 x i8]* @p_str30)

]]></Node>
<StgValue><ssdm name="tmp_s"/></StgValue>
</operation>

<operation id="14" st_id="3" stage="1" lat="1">
<core>NULL</core>
<MemPortIdVec></MemPortIdVec>
<condition id="-1">
<or_exp><and_exp><literal name="icmp_ln1211" val="0"/>
</and_exp></or_exp>
</condition>

<Node id="13" bw="0" op_0_bw="0" op_1_bw="32" op_2_bw="32" op_3_bw="32" op_4_bw="32" op_5_bw="0">
<![CDATA[
hls_label_27:2  call void (...)* @_ssdm_op_SpecPipeline(i32 1, i32 1, i32 1, i32 0, [1 x i8]* @p_str) nounwind

]]></Node>
<StgValue><ssdm name="specpipeline_ln1225"/></StgValue>
</operation>

<operation id="15" st_id="3" stage="1" lat="1">
<core>FIFO_SRL</core>
<MemPortIdVec></MemPortIdVec>
<condition id="-1">
<or_exp><and_exp><literal name="icmp_ln1211" val="0"/>
</and_exp></or_exp>
</condition>

<Node id="14" bw="32" op_0_bw="32" op_1_bw="32">
<![CDATA[
hls_label_27:3  %tmp_0 = call float @_ssdm_op_Read.ap_fifo.volatile.floatP(float* %fifo_B_in_V)

]]></Node>
<StgValue><ssdm name="tmp_0"/></StgValue>
</operation>

<operation id="16" st_id="3" stage="1" lat="1">
<core>NULL</core>
<MemPortIdVec></MemPortIdVec>
<condition id="-1">
<or_exp><and_exp><literal name="icmp_ln1211" val="0"/>
</and_exp></or_exp>
</condition>

<Node id="15" bw="32" op_0_bw="32" op_1_bw="0" op_2_bw="32">
<![CDATA[
hls_label_27:4  %empty_988 = call i32 (...)* @_ssdm_op_SpecRegionEnd([13 x i8]* @p_str30, i32 %tmp_s)

]]></Node>
<StgValue><ssdm name="empty_988"/></StgValue>
</operation>

<operation id="17" st_id="3" stage="1" lat="1">
<core>NULL</core>
<MemPortIdVec></MemPortIdVec>
<condition id="-1">
<or_exp><and_exp><literal name="icmp_ln1211" val="0"/>
</and_exp></or_exp>
</condition>

<Node id="16" bw="0" op_0_bw="0">
<![CDATA[
hls_label_27:5  br label %.preheader

]]></Node>
<StgValue><ssdm name="br_ln1224"/></StgValue>
</operation>
</state>

<state id="4" st_id="4">

<operation id="18" st_id="4" stage="1" lat="1">
<core>NULL</core>
<MemPortIdVec></MemPortIdVec>
<condition id="-1">
<or_exp><and_exp></and_exp></or_exp>
</condition>

<Node id="18" bw="0">
<![CDATA[
:0  ret void

]]></Node>
<StgValue><ssdm name="ret_ln1233"/></StgValue>
</operation>
</state>
</state_list>


<ports>
</ports>


<dataflows>
</dataflows>


</stg>
