<profile>

<section name = "Vivado HLS Report for 'C_IO_L2_in184'" level="0">
<item name = "Date">Thu Aug 26 21:47:23 2021
</item>
<item name = "Version">2020.1 (Build 2897737 on Wed May 27 20:21:37 MDT 2020)</item>
<item name = "Project">hls_prj</item>
<item name = "Solution">solution1</item>
<item name = "Product family">virtexuplus</item>
<item name = "Target device">xcu250-figd2104-2L-e</item>
</section>

<section name = "Performance Estimates" level="0">
<item name = "Timing">
<section name = "" level="1">
<item name = "Summary"><table name="" hasTotal="0">
<keys size="4">Clock, Target, Estimated, Uncertainty</keys>
<column name="ap_clk">3.33 ns, 2.914 ns, 0.42 ns</column>
</table>
</item>
</section>
</item>
<item name = "Latency">
<section name = "" level="1">
<item name = "Summary"><table name="" hasTotal="0">
<keys size="8">, min, max, min, max, min, max, Type</keys>
<column name="">?, ?, ?, ?, ?, ?, none</column>
</table>
</item>
<item name = "Detail">
<section name = "" level="1">
<item name = "Instance"><table name="" hasTotal="0">
<keys size="9">Instance, Module, min, max, min, max, min, max, Type</keys>
<column name="grp_C_IO_L2_in_intra_trans_fu_96">C_IO_L2_in_intra_trans, 1, 1048580, 3.330 ns, 3.492 ms, 1, 1048580, none</column>
<column name="grp_C_IO_L2_in_inter_trans_fu_104">C_IO_L2_in_inter_trans, ?, ?, ?, ?, ?, ?, none</column>
</table>
</item>
<item name = "Loop"><table name="" hasTotal="0">
<keys size="8">Loop Name, min, max, Latency, achieved, target, Count, Pipelined</keys>
<column name="- Loop 1">?, ?, ?, -, -, 2, no</column>
<column name=" + Loop 1.1">?, ?, 3 ~ 1048582, -, -, 2, no</column>
</table>
</item>
</section>
</item>
</section>
</item>
</section>

<section name = "Utilization Estimates" level="0">
<item name = "Summary"><table name="" hasTotal="1">
<keys size="6">Name, BRAM_18K, DSP48E, FF, LUT, URAM</keys>
<column name="DSP">-, -, -, -, -</column>
<column name="Expression">-, -, 0, 42, -</column>
<column name="FIFO">-, -, -, -, -</column>
<column name="Instance">0, -, 462, 983, -</column>
<column name="Memory">30, -, 0, 0, 0</column>
<column name="Multiplexer">-, -, -, 180, -</column>
<column name="Register">-, -, 20, -, -</column>
<specialColumn name="Available SLR">1344, 3072, 864000, 432000, 320</specialColumn>
<specialColumn name="Utilization SLR (%)">2, 0, ~0, ~0, 0</specialColumn>
<specialColumn name="Available">5376, 12288, 3456000, 1728000, 1280</specialColumn>
<specialColumn name="Utilization (%)">~0, 0, ~0, ~0, 0</specialColumn>
</table>
</item>
<item name = "Detail">
<section name = "" level="1">
<item name = "Instance"><table name="" hasTotal="1">
<keys size="7">Instance, Module, BRAM_18K, DSP48E, FF, LUT, URAM</keys>
<column name="grp_C_IO_L2_in_inter_trans_fu_104">C_IO_L2_in_inter_trans, 0, 0, 50, 296, 0</column>
<column name="grp_C_IO_L2_in_intra_trans_fu_96">C_IO_L2_in_intra_trans, 0, 0, 412, 687, 0</column>
</table>
</item>
<item name = "DSP48E"><table name="" hasTotal="0">
<keys size="3">Instance, Module, Expression</keys>
</table>
</item>
<item name = "Memory"><table name="" hasTotal="1">
<keys size="10">Memory, Module, BRAM_18K, FF, LUT, URAM, Words, Bits, Banks, W*Bits*Banks</keys>
<column name="local_C_ping_V_U">C_IO_L2_in183_local_C_ping_V, 15, 0, 0, 0, 128, 512, 1, 65536</column>
<column name="local_C_pong_V_U">C_IO_L2_in183_local_C_ping_V, 15, 0, 0, 0, 128, 512, 1, 65536</column>
</table>
</item>
<item name = "FIFO"><table name="" hasTotal="1">
<keys size="8">Name, BRAM_18K, FF, LUT, URAM, Depth, Bits, Size:D*B</keys>
</table>
</item>
<item name = "Expression"><table name="" hasTotal="1">
<keys size="7">Variable Name, Operation, DSP48E, FF, LUT, Bitwidth P0, Bitwidth P1</keys>
<column name="c0_V_fu_130_p2">+, 0, 0, 9, 2, 1</column>
<column name="c1_V_fu_142_p2">+, 0, 0, 9, 2, 1</column>
<column name="icmp_ln895_fu_124_p2">icmp, 0, 0, 9, 2, 3</column>
<column name="icmp_ln896_fu_136_p2">icmp, 0, 0, 9, 2, 3</column>
<column name="ap_block_state1">or, 0, 0, 2, 1, 1</column>
<column name="ap_block_state4_on_subcall_done">or, 0, 0, 2, 1, 1</column>
<column name="xor_ln938_fu_148_p2">xor, 0, 0, 2, 1, 2</column>
</table>
</item>
<item name = "Multiplexer"><table name="" hasTotal="1">
<keys size="5">Name, LUT, Input Size, Bits, Total Bits</keys>
<column name="ap_NS_fsm">33, 6, 1, 6</column>
<column name="ap_done">9, 2, 1, 2</column>
<column name="arb_1_reg_84">9, 2, 1, 2</column>
<column name="fifo_C_in_V_V_read">9, 2, 1, 2</column>
<column name="fifo_C_local_out_V_V_write">9, 2, 1, 2</column>
<column name="fifo_C_out_V_V_write">9, 2, 1, 2</column>
<column name="grp_C_IO_L2_in_intra_trans_fu_96_intra_trans_en">15, 3, 1, 3</column>
<column name="grp_C_IO_L2_in_intra_trans_fu_96_local_C_V_q0">15, 3, 512, 1536</column>
<column name="local_C_ping_V_ce0">9, 2, 1, 2</column>
<column name="local_C_ping_V_ce1">9, 2, 1, 2</column>
<column name="local_C_ping_V_we1">9, 2, 1, 2</column>
<column name="local_C_pong_V_ce0">9, 2, 1, 2</column>
<column name="local_C_pong_V_ce1">9, 2, 1, 2</column>
<column name="local_C_pong_V_we1">9, 2, 1, 2</column>
<column name="p_016_0_reg_62">9, 2, 2, 4</column>
<column name="p_040_0_reg_73">9, 2, 2, 4</column>
</table>
</item>
<item name = "Register"><table name="" hasTotal="1">
<keys size="5">Name, FF, LUT, Bits, Const Bits</keys>
<column name="ap_CS_fsm">5, 0, 5, 0</column>
<column name="ap_done_reg">1, 0, 1, 0</column>
<column name="arb_1_reg_84">1, 0, 1, 0</column>
<column name="c0_V_reg_169">2, 0, 2, 0</column>
<column name="c1_V_reg_182">2, 0, 2, 0</column>
<column name="grp_C_IO_L2_in_inter_trans_fu_104_ap_start_reg">1, 0, 1, 0</column>
<column name="grp_C_IO_L2_in_intra_trans_fu_96_ap_start_reg">1, 0, 1, 0</column>
<column name="intra_trans_en_0_fu_50">1, 0, 1, 0</column>
<column name="intra_trans_en_0_load_15_reg_187">1, 0, 1, 0</column>
<column name="intra_trans_en_0_load_reg_174">1, 0, 1, 0</column>
<column name="p_016_0_reg_62">2, 0, 2, 0</column>
<column name="p_040_0_reg_73">2, 0, 2, 0</column>
</table>
</item>
</section>
</item>
</section>

<section name = "Interface" level="0">
<item name = "Summary"><table name="" hasTotal="0">
<keys size="6">RTL Ports, Dir, Bits, Protocol, Source Object, C Type</keys>
<column name="ap_clk">in, 1, ap_ctrl_hs, C_IO_L2_in184, return value</column>
<column name="ap_rst">in, 1, ap_ctrl_hs, C_IO_L2_in184, return value</column>
<column name="ap_start">in, 1, ap_ctrl_hs, C_IO_L2_in184, return value</column>
<column name="ap_done">out, 1, ap_ctrl_hs, C_IO_L2_in184, return value</column>
<column name="ap_continue">in, 1, ap_ctrl_hs, C_IO_L2_in184, return value</column>
<column name="ap_idle">out, 1, ap_ctrl_hs, C_IO_L2_in184, return value</column>
<column name="ap_ready">out, 1, ap_ctrl_hs, C_IO_L2_in184, return value</column>
<column name="fifo_C_in_V_V_dout">in, 512, ap_fifo, fifo_C_in_V_V, pointer</column>
<column name="fifo_C_in_V_V_empty_n">in, 1, ap_fifo, fifo_C_in_V_V, pointer</column>
<column name="fifo_C_in_V_V_read">out, 1, ap_fifo, fifo_C_in_V_V, pointer</column>
<column name="fifo_C_out_V_V_din">out, 512, ap_fifo, fifo_C_out_V_V, pointer</column>
<column name="fifo_C_out_V_V_full_n">in, 1, ap_fifo, fifo_C_out_V_V, pointer</column>
<column name="fifo_C_out_V_V_write">out, 1, ap_fifo, fifo_C_out_V_V, pointer</column>
<column name="fifo_C_local_out_V_V_din">out, 256, ap_fifo, fifo_C_local_out_V_V, pointer</column>
<column name="fifo_C_local_out_V_V_full_n">in, 1, ap_fifo, fifo_C_local_out_V_V, pointer</column>
<column name="fifo_C_local_out_V_V_write">out, 1, ap_fifo, fifo_C_local_out_V_V, pointer</column>
</table>
</item>
</section>
</profile>
