<stg><name>C_IO_L2_in_boundary</name>


<trans_list>

<trans id="49" from="1" to="2">
<condition id="-1">
<or_exp><and_exp></and_exp></or_exp>
</condition>
</trans>

<trans id="50" from="2" to="5">
<condition id="-1">
<or_exp><and_exp><literal name="icmp_ln983" val="1"/>
</and_exp></or_exp>
</condition>
</trans>

<trans id="51" from="2" to="3">
<condition id="-1">
<or_exp><and_exp><literal name="icmp_ln983" val="0"/>
</and_exp></or_exp>
</condition>
</trans>

<trans id="52" from="3" to="4">
<condition id="-1">
<or_exp><and_exp><literal name="icmp_ln984" val="0"/>
</and_exp></or_exp>
</condition>
</trans>

<trans id="56" from="3" to="2">
<condition id="-1">
<or_exp><and_exp><literal name="icmp_ln984" val="1"/>
</and_exp></or_exp>
</condition>
</trans>

<trans id="55" from="4" to="3">
<condition id="-1">
<or_exp><and_exp></and_exp></or_exp>
</condition>
</trans>
</trans_list>



<state_list>

<state id="1" st_id="1">

<operation id="6" st_id="1" stage="1" lat="1">
<core>NULL</core>
<MemPortIdVec></MemPortIdVec>
<condition id="-1">
<or_exp><and_exp></and_exp></or_exp>
</condition>

<Node id="3" bw="1" op_0_bw="32">
<![CDATA[
:0  %intra_trans_en_0 = alloca i1

]]></Node>
<StgValue><ssdm name="intra_trans_en_0"/></StgValue>
</operation>

<operation id="7" st_id="1" stage="1" lat="1">
<core>NULL</core>
<MemPortIdVec></MemPortIdVec>
<condition id="-1">
<or_exp><and_exp></and_exp></or_exp>
</condition>

<Node id="4" bw="0" op_0_bw="0" op_1_bw="256" op_2_bw="0" op_3_bw="32" op_4_bw="32" op_5_bw="0" op_6_bw="32" op_7_bw="32" op_8_bw="0" op_9_bw="0" op_10_bw="0" op_11_bw="32" op_12_bw="32" op_13_bw="32" op_14_bw="32" op_15_bw="0" op_16_bw="0">
<![CDATA[
:1  call void (...)* @_ssdm_op_SpecInterface(i256* %fifo_C_local_out_V_V, [8 x i8]* @ap_fifo_str, i32 0, i32 0, [1 x i8]* @p_str, i32 0, i32 0, [1 x i8]* @p_str, [1 x i8]* @p_str, [1 x i8]* @p_str, i32 2, i32 2, i32 16, i32 16, [1 x i8]* @p_str, [1 x i8]* @p_str)

]]></Node>
<StgValue><ssdm name="specinterface_ln0"/></StgValue>
</operation>

<operation id="8" st_id="1" stage="1" lat="1">
<core>NULL</core>
<MemPortIdVec></MemPortIdVec>
<condition id="-1">
<or_exp><and_exp></and_exp></or_exp>
</condition>

<Node id="5" bw="0" op_0_bw="0" op_1_bw="512" op_2_bw="0" op_3_bw="32" op_4_bw="32" op_5_bw="0" op_6_bw="32" op_7_bw="32" op_8_bw="0" op_9_bw="0" op_10_bw="0" op_11_bw="32" op_12_bw="32" op_13_bw="32" op_14_bw="32" op_15_bw="0" op_16_bw="0">
<![CDATA[
:2  call void (...)* @_ssdm_op_SpecInterface(i512* %fifo_C_in_V_V, [8 x i8]* @ap_fifo_str, i32 0, i32 0, [1 x i8]* @p_str, i32 0, i32 0, [1 x i8]* @p_str, [1 x i8]* @p_str, [1 x i8]* @p_str, i32 2, i32 2, i32 16, i32 16, [1 x i8]* @p_str, [1 x i8]* @p_str)

]]></Node>
<StgValue><ssdm name="specinterface_ln0"/></StgValue>
</operation>

<operation id="9" st_id="1" stage="1" lat="1">
<core>NULL</core>
<MemPortIdVec></MemPortIdVec>
<condition id="-1">
<or_exp><and_exp></and_exp></or_exp>
</condition>

<Node id="6" bw="0" op_0_bw="0" op_1_bw="256" op_2_bw="0" op_3_bw="0" op_4_bw="0" op_5_bw="32" op_6_bw="0" op_7_bw="0" op_8_bw="0" op_9_bw="0" op_10_bw="0">
<![CDATA[
:3  call void (...)* @_ssdm_op_SpecMemCore(i256* %fifo_C_local_out_V_V, [1 x i8]* @p_str, [9 x i8]* @p_str50, [1 x i8]* @p_str, i32 -1, [1 x i8]* @p_str, [1 x i8]* @p_str, [1 x i8]* @p_str, [1 x i8]* @p_str, [1 x i8]* @p_str)

]]></Node>
<StgValue><ssdm name="specmemcore_ln0"/></StgValue>
</operation>

<operation id="10" st_id="1" stage="1" lat="1">
<core>NULL</core>
<MemPortIdVec></MemPortIdVec>
<condition id="-1">
<or_exp><and_exp></and_exp></or_exp>
</condition>

<Node id="7" bw="0" op_0_bw="0" op_1_bw="512" op_2_bw="0" op_3_bw="0" op_4_bw="0" op_5_bw="32" op_6_bw="0" op_7_bw="0" op_8_bw="0" op_9_bw="0" op_10_bw="0">
<![CDATA[
:4  call void (...)* @_ssdm_op_SpecMemCore(i512* %fifo_C_in_V_V, [1 x i8]* @p_str, [9 x i8]* @p_str50, [1 x i8]* @p_str, i32 -1, [1 x i8]* @p_str, [1 x i8]* @p_str, [1 x i8]* @p_str, [1 x i8]* @p_str, [1 x i8]* @p_str)

]]></Node>
<StgValue><ssdm name="specmemcore_ln0"/></StgValue>
</operation>

<operation id="11" st_id="1" stage="1" lat="1">
<core>RAM_2P_BRAM</core>
<MemPortIdVec></MemPortIdVec>
<condition id="-1">
<or_exp><and_exp></and_exp></or_exp>
</condition>

<Node id="8" bw="512" op_0_bw="64">
<![CDATA[
:5  %local_C_ping_V = alloca [128 x i512], align 8

]]></Node>
<StgValue><ssdm name="local_C_ping_V"/><MemPortTyVec>1 0 </MemPortTyVec>
</StgValue>
</operation>

<operation id="12" st_id="1" stage="1" lat="1">
<core>RAM_2P_BRAM</core>
<MemPortIdVec></MemPortIdVec>
<condition id="-1">
<or_exp><and_exp></and_exp></or_exp>
</condition>

<Node id="9" bw="512" op_0_bw="64">
<![CDATA[
:6  %local_C_pong_V = alloca [128 x i512], align 8

]]></Node>
<StgValue><ssdm name="local_C_pong_V"/><MemPortTyVec>1 0 </MemPortTyVec>
</StgValue>
</operation>

<operation id="13" st_id="1" stage="1" lat="1">
<core>NULL</core>
<MemPortIdVec></MemPortIdVec>
<condition id="-1">
<or_exp><and_exp></and_exp></or_exp>
</condition>

<Node id="10" bw="0" op_0_bw="0" op_1_bw="512" op_2_bw="0" op_3_bw="0" op_4_bw="0" op_5_bw="32" op_6_bw="0" op_7_bw="0" op_8_bw="0" op_9_bw="0" op_10_bw="0">
<![CDATA[
:7  call void (...)* @_ssdm_op_SpecMemCore([128 x i512]* %local_C_ping_V, [1 x i8]* @p_str, [12 x i8]* @p_str9, [1 x i8]* @p_str, i32 -1, [1 x i8]* @p_str, [1 x i8]* @p_str, [1 x i8]* @p_str, [1 x i8]* @p_str, [1 x i8]* @p_str)

]]></Node>
<StgValue><ssdm name="specmemcore_ln972"/></StgValue>
</operation>

<operation id="14" st_id="1" stage="1" lat="1">
<core>NULL</core>
<MemPortIdVec></MemPortIdVec>
<condition id="-1">
<or_exp><and_exp></and_exp></or_exp>
</condition>

<Node id="11" bw="0" op_0_bw="0" op_1_bw="512" op_2_bw="0" op_3_bw="0" op_4_bw="0" op_5_bw="32" op_6_bw="0" op_7_bw="0" op_8_bw="0" op_9_bw="0" op_10_bw="0">
<![CDATA[
:8  call void (...)* @_ssdm_op_SpecMemCore([128 x i512]* %local_C_pong_V, [1 x i8]* @p_str, [12 x i8]* @p_str9, [1 x i8]* @p_str, i32 -1, [1 x i8]* @p_str, [1 x i8]* @p_str, [1 x i8]* @p_str, [1 x i8]* @p_str, [1 x i8]* @p_str)

]]></Node>
<StgValue><ssdm name="specmemcore_ln974"/></StgValue>
</operation>

<operation id="15" st_id="1" stage="1" lat="1">
<core>NULL</core>
<MemPortIdVec></MemPortIdVec>
<condition id="-1">
<or_exp><and_exp></and_exp></or_exp>
</condition>

<Node id="12" bw="0" op_0_bw="1" op_1_bw="1">
<![CDATA[
:9  store i1 false, i1* %intra_trans_en_0

]]></Node>
<StgValue><ssdm name="store_ln983"/></StgValue>
</operation>

<operation id="16" st_id="1" stage="1" lat="1">
<core>NULL</core>
<MemPortIdVec></MemPortIdVec>
<condition id="-1">
<or_exp><and_exp></and_exp></or_exp>
</condition>

<Node id="13" bw="0" op_0_bw="0">
<![CDATA[
:10  br label %.loopexit

]]></Node>
<StgValue><ssdm name="br_ln983"/></StgValue>
</operation>
</state>

<state id="2" st_id="2">

<operation id="17" st_id="2" stage="1" lat="1">
<core>NULL</core>
<MemPortIdVec></MemPortIdVec>
<condition id="-1">
<or_exp><and_exp></and_exp></or_exp>
</condition>

<Node id="15" bw="2" op_0_bw="2" op_1_bw="0" op_2_bw="2" op_3_bw="0">
<![CDATA[
.loopexit:0  %p_016_0 = phi i2 [ 0, %0 ], [ %c0_V, %.loopexit.loopexit ]

]]></Node>
<StgValue><ssdm name="p_016_0"/></StgValue>
</operation>

<operation id="18" st_id="2" stage="1" lat="1">
<core>Cmp</core>
<MemPortIdVec></MemPortIdVec>
<condition id="-1">
<or_exp><and_exp></and_exp></or_exp>
</condition>

<Node id="16" bw="1" op_0_bw="2" op_1_bw="2">
<![CDATA[
.loopexit:1  %icmp_ln983 = icmp eq i2 %p_016_0, -2

]]></Node>
<StgValue><ssdm name="icmp_ln983"/></StgValue>
</operation>

<operation id="19" st_id="2" stage="1" lat="1">
<core>NULL</core>
<MemPortIdVec></MemPortIdVec>
<condition id="-1">
<or_exp><and_exp></and_exp></or_exp>
</condition>

<Node id="17" bw="32" op_0_bw="32" op_1_bw="64" op_2_bw="64" op_3_bw="64">
<![CDATA[
.loopexit:2  %empty = call i32 (...)* @_ssdm_op_SpecLoopTripCount(i64 2, i64 2, i64 2)

]]></Node>
<StgValue><ssdm name="empty"/></StgValue>
</operation>

<operation id="20" st_id="2" stage="1" lat="1">
<core>AddSub</core>
<MemPortIdVec></MemPortIdVec>
<condition id="-1">
<or_exp><and_exp></and_exp></or_exp>
</condition>

<Node id="18" bw="2" op_0_bw="2" op_1_bw="2">
<![CDATA[
.loopexit:3  %c0_V = add i2 %p_016_0, 1

]]></Node>
<StgValue><ssdm name="c0_V"/></StgValue>
</operation>

<operation id="21" st_id="2" stage="1" lat="1">
<core>NULL</core>
<MemPortIdVec></MemPortIdVec>
<condition id="-1">
<or_exp><and_exp></and_exp></or_exp>
</condition>

<Node id="19" bw="0" op_0_bw="1" op_1_bw="0" op_2_bw="0">
<![CDATA[
.loopexit:4  br i1 %icmp_ln983, label %5, label %.preheader.preheader

]]></Node>
<StgValue><ssdm name="br_ln983"/></StgValue>
</operation>

<operation id="22" st_id="2" stage="1" lat="1">
<core>NULL</core>
<MemPortIdVec></MemPortIdVec>
<condition id="-1">
<or_exp><and_exp><literal name="icmp_ln983" val="0"/>
</and_exp></or_exp>
</condition>

<Node id="21" bw="0" op_0_bw="0">
<![CDATA[
.preheader.preheader:0  br label %.preheader

]]></Node>
<StgValue><ssdm name="br_ln984"/></StgValue>
</operation>

<operation id="23" st_id="2" stage="1" lat="1">
<core>NULL</core>
<MemPortIdVec></MemPortIdVec>
<condition id="-1">
<or_exp><and_exp><literal name="icmp_ln983" val="1"/>
</and_exp></or_exp>
</condition>

<Node id="47" bw="1" op_0_bw="1" op_1_bw="0">
<![CDATA[
:0  %intra_trans_en_0_load = load i1* %intra_trans_en_0

]]></Node>
<StgValue><ssdm name="intra_trans_en_0_load"/></StgValue>
</operation>

<operation id="24" st_id="2" stage="2" lat="2">
<core></core>
<MemPortIdVec></MemPortIdVec>
<condition id="-1">
<or_exp><and_exp><literal name="icmp_ln983" val="1"/>
</and_exp></or_exp>
</condition>

<Node id="48" bw="0" op_0_bw="0" op_1_bw="512" op_2_bw="256" op_3_bw="1">
<![CDATA[
:1  call fastcc void @C_IO_L2_in_intra_trans([128 x i512]* %local_C_ping_V, i256* %fifo_C_local_out_V_V, i1 %intra_trans_en_0_load)

]]></Node>
<StgValue><ssdm name="call_ln1030"/></StgValue>
</operation>
</state>

<state id="3" st_id="3">

<operation id="25" st_id="3" stage="1" lat="1">
<core>NULL</core>
<MemPortIdVec></MemPortIdVec>
<condition id="-1">
<or_exp><and_exp></and_exp></or_exp>
</condition>

<Node id="23" bw="2" op_0_bw="2" op_1_bw="0" op_2_bw="2" op_3_bw="0">
<![CDATA[
.preheader:0  %p_040_0 = phi i2 [ %c1_V, %4 ], [ 0, %.preheader.preheader ]

]]></Node>
<StgValue><ssdm name="p_040_0"/></StgValue>
</operation>

<operation id="26" st_id="3" stage="1" lat="1">
<core>NULL</core>
<MemPortIdVec></MemPortIdVec>
<condition id="-1">
<or_exp><and_exp></and_exp></or_exp>
</condition>

<Node id="24" bw="1" op_0_bw="1" op_1_bw="0" op_2_bw="1" op_3_bw="0">
<![CDATA[
.preheader:1  %arb_1 = phi i1 [ %xor_ln1024, %4 ], [ false, %.preheader.preheader ]

]]></Node>
<StgValue><ssdm name="arb_1"/></StgValue>
</operation>

<operation id="27" st_id="3" stage="1" lat="1">
<core>Cmp</core>
<MemPortIdVec></MemPortIdVec>
<condition id="-1">
<or_exp><and_exp></and_exp></or_exp>
</condition>

<Node id="25" bw="1" op_0_bw="2" op_1_bw="2">
<![CDATA[
.preheader:2  %icmp_ln984 = icmp eq i2 %p_040_0, -2

]]></Node>
<StgValue><ssdm name="icmp_ln984"/></StgValue>
</operation>

<operation id="28" st_id="3" stage="1" lat="1">
<core>NULL</core>
<MemPortIdVec></MemPortIdVec>
<condition id="-1">
<or_exp><and_exp></and_exp></or_exp>
</condition>

<Node id="26" bw="32" op_0_bw="32" op_1_bw="64" op_2_bw="64" op_3_bw="64">
<![CDATA[
.preheader:3  %empty_966 = call i32 (...)* @_ssdm_op_SpecLoopTripCount(i64 2, i64 2, i64 2)

]]></Node>
<StgValue><ssdm name="empty_966"/></StgValue>
</operation>

<operation id="29" st_id="3" stage="1" lat="1">
<core>AddSub</core>
<MemPortIdVec></MemPortIdVec>
<condition id="-1">
<or_exp><and_exp></and_exp></or_exp>
</condition>

<Node id="27" bw="2" op_0_bw="2" op_1_bw="2">
<![CDATA[
.preheader:4  %c1_V = add i2 %p_040_0, 1

]]></Node>
<StgValue><ssdm name="c1_V"/></StgValue>
</operation>

<operation id="30" st_id="3" stage="1" lat="1">
<core>NULL</core>
<MemPortIdVec></MemPortIdVec>
<condition id="-1">
<or_exp><and_exp></and_exp></or_exp>
</condition>

<Node id="28" bw="0" op_0_bw="1" op_1_bw="0" op_2_bw="0">
<![CDATA[
.preheader:5  br i1 %icmp_ln984, label %.loopexit.loopexit, label %1

]]></Node>
<StgValue><ssdm name="br_ln984"/></StgValue>
</operation>

<operation id="31" st_id="3" stage="1" lat="1">
<core>NULL</core>
<MemPortIdVec></MemPortIdVec>
<condition id="-1">
<or_exp><and_exp><literal name="icmp_ln984" val="0"/>
</and_exp></or_exp>
</condition>

<Node id="30" bw="1" op_0_bw="1" op_1_bw="0">
<![CDATA[
:0  %intra_trans_en_0_load_1 = load i1* %intra_trans_en_0

]]></Node>
<StgValue><ssdm name="intra_trans_en_0_load_1"/></StgValue>
</operation>

<operation id="32" st_id="3" stage="1" lat="1">
<core>NULL</core>
<MemPortIdVec></MemPortIdVec>
<condition id="-1">
<or_exp><and_exp><literal name="icmp_ln984" val="0"/>
</and_exp></or_exp>
</condition>

<Node id="31" bw="0" op_0_bw="1" op_1_bw="0" op_2_bw="0">
<![CDATA[
:1  br i1 %arb_1, label %3, label %2

]]></Node>
<StgValue><ssdm name="br_ln988"/></StgValue>
</operation>

<operation id="33" st_id="3" stage="2" lat="2">
<core></core>
<MemPortIdVec></MemPortIdVec>
<condition id="-1">
<or_exp><and_exp><literal name="icmp_ln984" val="0"/>
<literal name="arb_1" val="0"/>
</and_exp></or_exp>
</condition>

<Node id="33" bw="0" op_0_bw="0" op_1_bw="512" op_2_bw="512">
<![CDATA[
:0  call fastcc void @C_IO_L2_in_inter_trans_boundary([128 x i512]* %local_C_pong_V, i512* %fifo_C_in_V_V)

]]></Node>
<StgValue><ssdm name="call_ln992"/></StgValue>
</operation>

<operation id="34" st_id="3" stage="2" lat="2">
<core></core>
<MemPortIdVec></MemPortIdVec>
<condition id="-1">
<or_exp><and_exp><literal name="icmp_ln984" val="0"/>
<literal name="arb_1" val="0"/>
</and_exp></or_exp>
</condition>

<Node id="34" bw="0" op_0_bw="0" op_1_bw="512" op_2_bw="256" op_3_bw="1">
<![CDATA[
:1  call fastcc void @C_IO_L2_in_intra_trans([128 x i512]* %local_C_ping_V, i256* %fifo_C_local_out_V_V, i1 %intra_trans_en_0_load_1)

]]></Node>
<StgValue><ssdm name="call_ln997"/></StgValue>
</operation>

<operation id="35" st_id="3" stage="2" lat="2">
<core></core>
<MemPortIdVec></MemPortIdVec>
<condition id="-1">
<or_exp><and_exp><literal name="icmp_ln984" val="0"/>
<literal name="arb_1" val="1"/>
</and_exp></or_exp>
</condition>

<Node id="37" bw="0" op_0_bw="0" op_1_bw="512" op_2_bw="512">
<![CDATA[
:0  call fastcc void @C_IO_L2_in_inter_trans_boundary([128 x i512]* %local_C_ping_V, i512* %fifo_C_in_V_V)

]]></Node>
<StgValue><ssdm name="call_ln1009"/></StgValue>
</operation>

<operation id="36" st_id="3" stage="2" lat="2">
<core></core>
<MemPortIdVec></MemPortIdVec>
<condition id="-1">
<or_exp><and_exp><literal name="icmp_ln984" val="0"/>
<literal name="arb_1" val="1"/>
</and_exp></or_exp>
</condition>

<Node id="38" bw="0" op_0_bw="0" op_1_bw="512" op_2_bw="256" op_3_bw="1">
<![CDATA[
:1  call fastcc void @C_IO_L2_in_intra_trans([128 x i512]* %local_C_pong_V, i256* %fifo_C_local_out_V_V, i1 %intra_trans_en_0_load_1)

]]></Node>
<StgValue><ssdm name="call_ln1014"/></StgValue>
</operation>

<operation id="37" st_id="3" stage="1" lat="1">
<core>NULL</core>
<MemPortIdVec></MemPortIdVec>
<condition id="-1">
<or_exp><and_exp><literal name="icmp_ln984" val="1"/>
</and_exp></or_exp>
</condition>

<Node id="45" bw="0" op_0_bw="0">
<![CDATA[
.loopexit.loopexit:0  br label %.loopexit

]]></Node>
<StgValue><ssdm name="br_ln0"/></StgValue>
</operation>
</state>

<state id="4" st_id="4">

<operation id="38" st_id="4" stage="1" lat="2">
<core></core>
<MemPortIdVec></MemPortIdVec>
<condition id="-1">
<or_exp><and_exp><literal name="arb_1" val="0"/>
</and_exp></or_exp>
</condition>

<Node id="33" bw="0" op_0_bw="0" op_1_bw="512" op_2_bw="512">
<![CDATA[
:0  call fastcc void @C_IO_L2_in_inter_trans_boundary([128 x i512]* %local_C_pong_V, i512* %fifo_C_in_V_V)

]]></Node>
<StgValue><ssdm name="call_ln992"/></StgValue>
</operation>

<operation id="39" st_id="4" stage="1" lat="2">
<core></core>
<MemPortIdVec></MemPortIdVec>
<condition id="-1">
<or_exp><and_exp><literal name="arb_1" val="0"/>
</and_exp></or_exp>
</condition>

<Node id="34" bw="0" op_0_bw="0" op_1_bw="512" op_2_bw="256" op_3_bw="1">
<![CDATA[
:1  call fastcc void @C_IO_L2_in_intra_trans([128 x i512]* %local_C_ping_V, i256* %fifo_C_local_out_V_V, i1 %intra_trans_en_0_load_1)

]]></Node>
<StgValue><ssdm name="call_ln997"/></StgValue>
</operation>

<operation id="40" st_id="4" stage="1" lat="1">
<core>NULL</core>
<MemPortIdVec></MemPortIdVec>
<condition id="-1">
<or_exp><and_exp><literal name="arb_1" val="0"/>
</and_exp></or_exp>
</condition>

<Node id="35" bw="0" op_0_bw="0">
<![CDATA[
:2  br label %4

]]></Node>
<StgValue><ssdm name="br_ln1005"/></StgValue>
</operation>

<operation id="41" st_id="4" stage="1" lat="2">
<core></core>
<MemPortIdVec></MemPortIdVec>
<condition id="-1">
<or_exp><and_exp><literal name="arb_1" val="1"/>
</and_exp></or_exp>
</condition>

<Node id="37" bw="0" op_0_bw="0" op_1_bw="512" op_2_bw="512">
<![CDATA[
:0  call fastcc void @C_IO_L2_in_inter_trans_boundary([128 x i512]* %local_C_ping_V, i512* %fifo_C_in_V_V)

]]></Node>
<StgValue><ssdm name="call_ln1009"/></StgValue>
</operation>

<operation id="42" st_id="4" stage="1" lat="2">
<core></core>
<MemPortIdVec></MemPortIdVec>
<condition id="-1">
<or_exp><and_exp><literal name="arb_1" val="1"/>
</and_exp></or_exp>
</condition>

<Node id="38" bw="0" op_0_bw="0" op_1_bw="512" op_2_bw="256" op_3_bw="1">
<![CDATA[
:1  call fastcc void @C_IO_L2_in_intra_trans([128 x i512]* %local_C_pong_V, i256* %fifo_C_local_out_V_V, i1 %intra_trans_en_0_load_1)

]]></Node>
<StgValue><ssdm name="call_ln1014"/></StgValue>
</operation>

<operation id="43" st_id="4" stage="1" lat="1">
<core>NULL</core>
<MemPortIdVec></MemPortIdVec>
<condition id="-1">
<or_exp><and_exp><literal name="arb_1" val="1"/>
</and_exp></or_exp>
</condition>

<Node id="39" bw="0" op_0_bw="0">
<![CDATA[
:2  br label %4

]]></Node>
<StgValue><ssdm name="br_ln0"/></StgValue>
</operation>

<operation id="44" st_id="4" stage="1" lat="1">
<core>LogicGate</core>
<MemPortIdVec></MemPortIdVec>
<condition id="-1">
<or_exp><and_exp></and_exp></or_exp>
</condition>

<Node id="41" bw="1" op_0_bw="1" op_1_bw="1">
<![CDATA[
:0  %xor_ln1024 = xor i1 %arb_1, true

]]></Node>
<StgValue><ssdm name="xor_ln1024"/></StgValue>
</operation>

<operation id="45" st_id="4" stage="1" lat="1">
<core>NULL</core>
<MemPortIdVec></MemPortIdVec>
<condition id="-1">
<or_exp><and_exp></and_exp></or_exp>
</condition>

<Node id="42" bw="0" op_0_bw="1" op_1_bw="1" op_2_bw="0" op_3_bw="1">
<![CDATA[
:1  store i1 true, i1* %intra_trans_en_0

]]></Node>
<StgValue><ssdm name="store_ln984"/></StgValue>
</operation>

<operation id="46" st_id="4" stage="1" lat="1">
<core>NULL</core>
<MemPortIdVec></MemPortIdVec>
<condition id="-1">
<or_exp><and_exp></and_exp></or_exp>
</condition>

<Node id="43" bw="0" op_0_bw="0">
<![CDATA[
:2  br label %.preheader

]]></Node>
<StgValue><ssdm name="br_ln984"/></StgValue>
</operation>
</state>

<state id="5" st_id="5">

<operation id="47" st_id="5" stage="1" lat="2">
<core></core>
<MemPortIdVec></MemPortIdVec>
<condition id="-1">
<or_exp><and_exp></and_exp></or_exp>
</condition>

<Node id="48" bw="0" op_0_bw="0" op_1_bw="512" op_2_bw="256" op_3_bw="1">
<![CDATA[
:1  call fastcc void @C_IO_L2_in_intra_trans([128 x i512]* %local_C_ping_V, i256* %fifo_C_local_out_V_V, i1 %intra_trans_en_0_load)

]]></Node>
<StgValue><ssdm name="call_ln1030"/></StgValue>
</operation>

<operation id="48" st_id="5" stage="1" lat="1">
<core>NULL</core>
<MemPortIdVec></MemPortIdVec>
<condition id="-1">
<or_exp><and_exp></and_exp></or_exp>
</condition>

<Node id="49" bw="0">
<![CDATA[
:2  ret void

]]></Node>
<StgValue><ssdm name="ret_ln1049"/></StgValue>
</operation>
</state>
</state_list>


<ports>
<port id="58" name="fifo_C_in_V_V" dir="0" iftype="3">
<core>FIFO_SRL</core><StgValue><ssdm name="fifo_C_in_V_V"/></StgValue>
</port>
<port id="59" name="fifo_C_local_out_V_V" dir="1" iftype="3">
<core>FIFO_SRL</core><StgValue><ssdm name="fifo_C_local_out_V_V"/></StgValue>
</port>
</ports>


<dataflows>
<dataflow id="61" from="StgValue_60" to="intra_trans_en_0" fromId="60" toId="6">
</dataflow>
<dataflow id="63" from="_ssdm_op_SpecInterface" to="specinterface_ln0" fromId="62" toId="7">
</dataflow>
<dataflow id="64" from="fifo_C_local_out_V_V" to="specinterface_ln0" fromId="59" toId="7">
</dataflow>
<dataflow id="66" from="ap_fifo_str" to="specinterface_ln0" fromId="65" toId="7">
</dataflow>
<dataflow id="68" from="StgValue_67" to="specinterface_ln0" fromId="67" toId="7">
</dataflow>
<dataflow id="69" from="StgValue_67" to="specinterface_ln0" fromId="67" toId="7">
</dataflow>
<dataflow id="71" from="p_str" to="specinterface_ln0" fromId="70" toId="7">
</dataflow>
<dataflow id="72" from="StgValue_67" to="specinterface_ln0" fromId="67" toId="7">
</dataflow>
<dataflow id="73" from="StgValue_67" to="specinterface_ln0" fromId="67" toId="7">
</dataflow>
<dataflow id="74" from="p_str" to="specinterface_ln0" fromId="70" toId="7">
</dataflow>
<dataflow id="75" from="p_str" to="specinterface_ln0" fromId="70" toId="7">
</dataflow>
<dataflow id="76" from="p_str" to="specinterface_ln0" fromId="70" toId="7">
</dataflow>
<dataflow id="78" from="StgValue_77" to="specinterface_ln0" fromId="77" toId="7">
</dataflow>
<dataflow id="79" from="StgValue_77" to="specinterface_ln0" fromId="77" toId="7">
</dataflow>
<dataflow id="81" from="StgValue_80" to="specinterface_ln0" fromId="80" toId="7">
</dataflow>
<dataflow id="82" from="StgValue_80" to="specinterface_ln0" fromId="80" toId="7">
</dataflow>
<dataflow id="83" from="p_str" to="specinterface_ln0" fromId="70" toId="7">
</dataflow>
<dataflow id="84" from="p_str" to="specinterface_ln0" fromId="70" toId="7">
</dataflow>
<dataflow id="85" from="_ssdm_op_SpecInterface" to="specinterface_ln0" fromId="62" toId="8">
</dataflow>
<dataflow id="86" from="fifo_C_in_V_V" to="specinterface_ln0" fromId="58" toId="8">
</dataflow>
<dataflow id="87" from="ap_fifo_str" to="specinterface_ln0" fromId="65" toId="8">
</dataflow>
<dataflow id="88" from="StgValue_67" to="specinterface_ln0" fromId="67" toId="8">
</dataflow>
<dataflow id="89" from="StgValue_67" to="specinterface_ln0" fromId="67" toId="8">
</dataflow>
<dataflow id="90" from="p_str" to="specinterface_ln0" fromId="70" toId="8">
</dataflow>
<dataflow id="91" from="StgValue_67" to="specinterface_ln0" fromId="67" toId="8">
</dataflow>
<dataflow id="92" from="StgValue_67" to="specinterface_ln0" fromId="67" toId="8">
</dataflow>
<dataflow id="93" from="p_str" to="specinterface_ln0" fromId="70" toId="8">
</dataflow>
<dataflow id="94" from="p_str" to="specinterface_ln0" fromId="70" toId="8">
</dataflow>
<dataflow id="95" from="p_str" to="specinterface_ln0" fromId="70" toId="8">
</dataflow>
<dataflow id="96" from="StgValue_77" to="specinterface_ln0" fromId="77" toId="8">
</dataflow>
<dataflow id="97" from="StgValue_77" to="specinterface_ln0" fromId="77" toId="8">
</dataflow>
<dataflow id="98" from="StgValue_80" to="specinterface_ln0" fromId="80" toId="8">
</dataflow>
<dataflow id="99" from="StgValue_80" to="specinterface_ln0" fromId="80" toId="8">
</dataflow>
<dataflow id="100" from="p_str" to="specinterface_ln0" fromId="70" toId="8">
</dataflow>
<dataflow id="101" from="p_str" to="specinterface_ln0" fromId="70" toId="8">
</dataflow>
<dataflow id="103" from="_ssdm_op_SpecMemCore" to="specmemcore_ln0" fromId="102" toId="9">
</dataflow>
<dataflow id="104" from="fifo_C_local_out_V_V" to="specmemcore_ln0" fromId="59" toId="9">
</dataflow>
<dataflow id="105" from="p_str" to="specmemcore_ln0" fromId="70" toId="9">
</dataflow>
<dataflow id="107" from="p_str50" to="specmemcore_ln0" fromId="106" toId="9">
</dataflow>
<dataflow id="108" from="p_str" to="specmemcore_ln0" fromId="70" toId="9">
</dataflow>
<dataflow id="110" from="StgValue_109" to="specmemcore_ln0" fromId="109" toId="9">
</dataflow>
<dataflow id="111" from="p_str" to="specmemcore_ln0" fromId="70" toId="9">
</dataflow>
<dataflow id="112" from="p_str" to="specmemcore_ln0" fromId="70" toId="9">
</dataflow>
<dataflow id="113" from="p_str" to="specmemcore_ln0" fromId="70" toId="9">
</dataflow>
<dataflow id="114" from="p_str" to="specmemcore_ln0" fromId="70" toId="9">
</dataflow>
<dataflow id="115" from="p_str" to="specmemcore_ln0" fromId="70" toId="9">
</dataflow>
<dataflow id="116" from="_ssdm_op_SpecMemCore" to="specmemcore_ln0" fromId="102" toId="10">
</dataflow>
<dataflow id="117" from="fifo_C_in_V_V" to="specmemcore_ln0" fromId="58" toId="10">
</dataflow>
<dataflow id="118" from="p_str" to="specmemcore_ln0" fromId="70" toId="10">
</dataflow>
<dataflow id="119" from="p_str50" to="specmemcore_ln0" fromId="106" toId="10">
</dataflow>
<dataflow id="120" from="p_str" to="specmemcore_ln0" fromId="70" toId="10">
</dataflow>
<dataflow id="121" from="StgValue_109" to="specmemcore_ln0" fromId="109" toId="10">
</dataflow>
<dataflow id="122" from="p_str" to="specmemcore_ln0" fromId="70" toId="10">
</dataflow>
<dataflow id="123" from="p_str" to="specmemcore_ln0" fromId="70" toId="10">
</dataflow>
<dataflow id="124" from="p_str" to="specmemcore_ln0" fromId="70" toId="10">
</dataflow>
<dataflow id="125" from="p_str" to="specmemcore_ln0" fromId="70" toId="10">
</dataflow>
<dataflow id="126" from="p_str" to="specmemcore_ln0" fromId="70" toId="10">
</dataflow>
<dataflow id="128" from="StgValue_127" to="local_C_ping_V" fromId="127" toId="11">
</dataflow>
<dataflow id="129" from="StgValue_127" to="local_C_pong_V" fromId="127" toId="12">
</dataflow>
<dataflow id="130" from="_ssdm_op_SpecMemCore" to="specmemcore_ln972" fromId="102" toId="13">
</dataflow>
<dataflow id="131" from="local_C_ping_V" to="specmemcore_ln972" fromId="11" toId="13">
</dataflow>
<dataflow id="132" from="p_str" to="specmemcore_ln972" fromId="70" toId="13">
</dataflow>
<dataflow id="134" from="p_str9" to="specmemcore_ln972" fromId="133" toId="13">
</dataflow>
<dataflow id="135" from="p_str" to="specmemcore_ln972" fromId="70" toId="13">
</dataflow>
<dataflow id="136" from="StgValue_109" to="specmemcore_ln972" fromId="109" toId="13">
</dataflow>
<dataflow id="137" from="p_str" to="specmemcore_ln972" fromId="70" toId="13">
</dataflow>
<dataflow id="138" from="p_str" to="specmemcore_ln972" fromId="70" toId="13">
</dataflow>
<dataflow id="139" from="p_str" to="specmemcore_ln972" fromId="70" toId="13">
</dataflow>
<dataflow id="140" from="p_str" to="specmemcore_ln972" fromId="70" toId="13">
</dataflow>
<dataflow id="141" from="p_str" to="specmemcore_ln972" fromId="70" toId="13">
</dataflow>
<dataflow id="142" from="_ssdm_op_SpecMemCore" to="specmemcore_ln974" fromId="102" toId="14">
</dataflow>
<dataflow id="143" from="local_C_pong_V" to="specmemcore_ln974" fromId="12" toId="14">
</dataflow>
<dataflow id="144" from="p_str" to="specmemcore_ln974" fromId="70" toId="14">
</dataflow>
<dataflow id="145" from="p_str9" to="specmemcore_ln974" fromId="133" toId="14">
</dataflow>
<dataflow id="146" from="p_str" to="specmemcore_ln974" fromId="70" toId="14">
</dataflow>
<dataflow id="147" from="StgValue_109" to="specmemcore_ln974" fromId="109" toId="14">
</dataflow>
<dataflow id="148" from="p_str" to="specmemcore_ln974" fromId="70" toId="14">
</dataflow>
<dataflow id="149" from="p_str" to="specmemcore_ln974" fromId="70" toId="14">
</dataflow>
<dataflow id="150" from="p_str" to="specmemcore_ln974" fromId="70" toId="14">
</dataflow>
<dataflow id="151" from="p_str" to="specmemcore_ln974" fromId="70" toId="14">
</dataflow>
<dataflow id="152" from="p_str" to="specmemcore_ln974" fromId="70" toId="14">
</dataflow>
<dataflow id="154" from="StgValue_153" to="store_ln983" fromId="153" toId="15">
</dataflow>
<dataflow id="155" from="intra_trans_en_0" to="store_ln983" fromId="6" toId="15">
</dataflow>
<dataflow id="157" from="StgValue_156" to="p_016_0" fromId="156" toId="17">
<condition id="-1">
<or_exp><and_exp></and_exp></or_exp>
</condition>
</dataflow>
<dataflow id="158" from="br_ln983" to="p_016_0" fromId="16" toId="17">
</dataflow>
<dataflow id="159" from="c0_V" to="p_016_0" fromId="20" toId="17">
<BackEdge/>
<condition id="-1">
<or_exp><and_exp><literal name="icmp_ln984" val="1"/>
</and_exp></or_exp>
</condition>
</dataflow>
<dataflow id="160" from="br_ln0" to="p_016_0" fromId="37" toId="17">
<BackEdge/>
</dataflow>
<dataflow id="161" from="p_016_0" to="icmp_ln983" fromId="17" toId="18">
</dataflow>
<dataflow id="163" from="StgValue_162" to="icmp_ln983" fromId="162" toId="18">
</dataflow>
<dataflow id="165" from="_ssdm_op_SpecLoopTripCount" to="empty" fromId="164" toId="19">
</dataflow>
<dataflow id="167" from="StgValue_166" to="empty" fromId="166" toId="19">
</dataflow>
<dataflow id="168" from="StgValue_166" to="empty" fromId="166" toId="19">
</dataflow>
<dataflow id="169" from="StgValue_166" to="empty" fromId="166" toId="19">
</dataflow>
<dataflow id="170" from="p_016_0" to="c0_V" fromId="17" toId="20">
</dataflow>
<dataflow id="172" from="StgValue_171" to="c0_V" fromId="171" toId="20">
</dataflow>
<dataflow id="173" from="icmp_ln983" to="br_ln983" fromId="18" toId="21">
</dataflow>
<dataflow id="174" from="intra_trans_en_0" to="intra_trans_en_0_load" fromId="6" toId="23">
</dataflow>
<dataflow id="176" from="C_IO_L2_in_intra_trans" to="call_ln1030" fromId="175" toId="24">
</dataflow>
<dataflow id="177" from="local_C_ping_V" to="call_ln1030" fromId="11" toId="24">
</dataflow>
<dataflow id="178" from="fifo_C_local_out_V_V" to="call_ln1030" fromId="59" toId="24">
</dataflow>
<dataflow id="179" from="intra_trans_en_0_load" to="call_ln1030" fromId="23" toId="24">
</dataflow>
<dataflow id="180" from="c1_V" to="p_040_0" fromId="29" toId="25">
<BackEdge/>
<condition id="-1">
<or_exp><and_exp></and_exp></or_exp>
</condition>
</dataflow>
<dataflow id="181" from="br_ln984" to="p_040_0" fromId="46" toId="25">
<BackEdge/>
</dataflow>
<dataflow id="182" from="StgValue_156" to="p_040_0" fromId="156" toId="25">
<condition id="-1">
<or_exp><and_exp><literal name="icmp_ln983" val="0"/>
</and_exp></or_exp>
</condition>
</dataflow>
<dataflow id="183" from="br_ln984" to="p_040_0" fromId="22" toId="25">
</dataflow>
<dataflow id="184" from="xor_ln1024" to="arb_1" fromId="44" toId="26">
<BackEdge/>
<condition id="-1">
<or_exp><and_exp></and_exp></or_exp>
</condition>
</dataflow>
<dataflow id="185" from="br_ln984" to="arb_1" fromId="46" toId="26">
<BackEdge/>
</dataflow>
<dataflow id="186" from="StgValue_153" to="arb_1" fromId="153" toId="26">
<condition id="-1">
<or_exp><and_exp><literal name="icmp_ln983" val="0"/>
</and_exp></or_exp>
</condition>
</dataflow>
<dataflow id="187" from="br_ln984" to="arb_1" fromId="22" toId="26">
</dataflow>
<dataflow id="188" from="p_040_0" to="icmp_ln984" fromId="25" toId="27">
</dataflow>
<dataflow id="189" from="StgValue_162" to="icmp_ln984" fromId="162" toId="27">
</dataflow>
<dataflow id="190" from="_ssdm_op_SpecLoopTripCount" to="empty_966" fromId="164" toId="28">
</dataflow>
<dataflow id="191" from="StgValue_166" to="empty_966" fromId="166" toId="28">
</dataflow>
<dataflow id="192" from="StgValue_166" to="empty_966" fromId="166" toId="28">
</dataflow>
<dataflow id="193" from="StgValue_166" to="empty_966" fromId="166" toId="28">
</dataflow>
<dataflow id="194" from="p_040_0" to="c1_V" fromId="25" toId="29">
</dataflow>
<dataflow id="195" from="StgValue_171" to="c1_V" fromId="171" toId="29">
</dataflow>
<dataflow id="196" from="icmp_ln984" to="br_ln984" fromId="27" toId="30">
</dataflow>
<dataflow id="197" from="intra_trans_en_0" to="intra_trans_en_0_load_1" fromId="6" toId="31">
</dataflow>
<dataflow id="198" from="arb_1" to="br_ln988" fromId="26" toId="32">
</dataflow>
<dataflow id="200" from="C_IO_L2_in_inter_trans_boundary" to="call_ln992" fromId="199" toId="33">
</dataflow>
<dataflow id="201" from="local_C_pong_V" to="call_ln992" fromId="12" toId="33">
</dataflow>
<dataflow id="202" from="fifo_C_in_V_V" to="call_ln992" fromId="58" toId="33">
</dataflow>
<dataflow id="203" from="C_IO_L2_in_intra_trans" to="call_ln997" fromId="175" toId="34">
</dataflow>
<dataflow id="204" from="local_C_ping_V" to="call_ln997" fromId="11" toId="34">
</dataflow>
<dataflow id="205" from="fifo_C_local_out_V_V" to="call_ln997" fromId="59" toId="34">
</dataflow>
<dataflow id="206" from="intra_trans_en_0_load_1" to="call_ln997" fromId="31" toId="34">
</dataflow>
<dataflow id="207" from="C_IO_L2_in_inter_trans_boundary" to="call_ln1009" fromId="199" toId="35">
</dataflow>
<dataflow id="208" from="local_C_ping_V" to="call_ln1009" fromId="11" toId="35">
</dataflow>
<dataflow id="209" from="fifo_C_in_V_V" to="call_ln1009" fromId="58" toId="35">
</dataflow>
<dataflow id="210" from="C_IO_L2_in_intra_trans" to="call_ln1014" fromId="175" toId="36">
</dataflow>
<dataflow id="211" from="local_C_pong_V" to="call_ln1014" fromId="12" toId="36">
</dataflow>
<dataflow id="212" from="fifo_C_local_out_V_V" to="call_ln1014" fromId="59" toId="36">
</dataflow>
<dataflow id="213" from="intra_trans_en_0_load_1" to="call_ln1014" fromId="31" toId="36">
</dataflow>
<dataflow id="214" from="C_IO_L2_in_inter_trans_boundary" to="call_ln992" fromId="199" toId="38">
</dataflow>
<dataflow id="215" from="local_C_pong_V" to="call_ln992" fromId="12" toId="38">
</dataflow>
<dataflow id="216" from="fifo_C_in_V_V" to="call_ln992" fromId="58" toId="38">
</dataflow>
<dataflow id="217" from="C_IO_L2_in_intra_trans" to="call_ln997" fromId="175" toId="39">
</dataflow>
<dataflow id="218" from="local_C_ping_V" to="call_ln997" fromId="11" toId="39">
</dataflow>
<dataflow id="219" from="fifo_C_local_out_V_V" to="call_ln997" fromId="59" toId="39">
</dataflow>
<dataflow id="220" from="intra_trans_en_0_load_1" to="call_ln997" fromId="31" toId="39">
</dataflow>
<dataflow id="221" from="C_IO_L2_in_inter_trans_boundary" to="call_ln1009" fromId="199" toId="41">
</dataflow>
<dataflow id="222" from="local_C_ping_V" to="call_ln1009" fromId="11" toId="41">
</dataflow>
<dataflow id="223" from="fifo_C_in_V_V" to="call_ln1009" fromId="58" toId="41">
</dataflow>
<dataflow id="224" from="C_IO_L2_in_intra_trans" to="call_ln1014" fromId="175" toId="42">
</dataflow>
<dataflow id="225" from="local_C_pong_V" to="call_ln1014" fromId="12" toId="42">
</dataflow>
<dataflow id="226" from="fifo_C_local_out_V_V" to="call_ln1014" fromId="59" toId="42">
</dataflow>
<dataflow id="227" from="intra_trans_en_0_load_1" to="call_ln1014" fromId="31" toId="42">
</dataflow>
<dataflow id="228" from="arb_1" to="xor_ln1024" fromId="26" toId="44">
</dataflow>
<dataflow id="230" from="StgValue_229" to="xor_ln1024" fromId="229" toId="44">
</dataflow>
<dataflow id="231" from="StgValue_229" to="store_ln984" fromId="229" toId="45">
</dataflow>
<dataflow id="232" from="intra_trans_en_0" to="store_ln984" fromId="6" toId="45">
</dataflow>
<dataflow id="233" from="C_IO_L2_in_intra_trans" to="call_ln1030" fromId="175" toId="47">
</dataflow>
<dataflow id="234" from="local_C_ping_V" to="call_ln1030" fromId="11" toId="47">
</dataflow>
<dataflow id="235" from="fifo_C_local_out_V_V" to="call_ln1030" fromId="59" toId="47">
</dataflow>
<dataflow id="236" from="intra_trans_en_0_load" to="call_ln1030" fromId="23" toId="47">
</dataflow>
<dataflow id="237" from="icmp_ln983" to="StgValue_2" fromId="18" toId="2">
</dataflow>
<dataflow id="238" from="icmp_ln984" to="StgValue_3" fromId="27" toId="3">
</dataflow>
<dataflow id="239" from="arb_1" to="StgValue_3" fromId="26" toId="3">
</dataflow>
<dataflow id="240" from="arb_1" to="StgValue_4" fromId="26" toId="4">
</dataflow>
</dataflows>


</stg>
