<stg><name>C_IO_L2_in194</name>


<trans_list>

<trans id="51" from="1" to="2">
<condition id="-1">
<or_exp><and_exp></and_exp></or_exp>
</condition>
</trans>

<trans id="52" from="2" to="5">
<condition id="-1">
<or_exp><and_exp><literal name="icmp_ln895" val="1"/>
</and_exp></or_exp>
</condition>
</trans>

<trans id="53" from="2" to="3">
<condition id="-1">
<or_exp><and_exp><literal name="icmp_ln895" val="0"/>
</and_exp></or_exp>
</condition>
</trans>

<trans id="54" from="3" to="4">
<condition id="-1">
<or_exp><and_exp><literal name="icmp_ln896" val="0"/>
</and_exp></or_exp>
</condition>
</trans>

<trans id="58" from="3" to="2">
<condition id="-1">
<or_exp><and_exp><literal name="icmp_ln896" val="1"/>
</and_exp></or_exp>
</condition>
</trans>

<trans id="57" from="4" to="3">
<condition id="-1">
<or_exp><and_exp></and_exp></or_exp>
</condition>
</trans>
</trans_list>



<state_list>

<state id="1" st_id="1">

<operation id="6" st_id="1" stage="1" lat="1">
<core>NULL</core>
<MemPortIdVec></MemPortIdVec>
<condition id="-1">
<or_exp><and_exp></and_exp></or_exp>
</condition>

<Node id="4" bw="1" op_0_bw="32">
<![CDATA[
:0  %intra_trans_en_0 = alloca i1

]]></Node>
<StgValue><ssdm name="intra_trans_en_0"/></StgValue>
</operation>

<operation id="7" st_id="1" stage="1" lat="1">
<core>NULL</core>
<MemPortIdVec></MemPortIdVec>
<condition id="-1">
<or_exp><and_exp></and_exp></or_exp>
</condition>

<Node id="5" bw="0" op_0_bw="0" op_1_bw="256" op_2_bw="0" op_3_bw="32" op_4_bw="32" op_5_bw="0" op_6_bw="32" op_7_bw="32" op_8_bw="0" op_9_bw="0" op_10_bw="0" op_11_bw="32" op_12_bw="32" op_13_bw="32" op_14_bw="32" op_15_bw="0" op_16_bw="0">
<![CDATA[
:1  call void (...)* @_ssdm_op_SpecInterface(i256* %fifo_C_local_out_V_V, [8 x i8]* @ap_fifo_str, i32 0, i32 0, [1 x i8]* @p_str, i32 0, i32 0, [1 x i8]* @p_str, [1 x i8]* @p_str, [1 x i8]* @p_str, i32 2, i32 2, i32 16, i32 16, [1 x i8]* @p_str, [1 x i8]* @p_str)

]]></Node>
<StgValue><ssdm name="specinterface_ln0"/></StgValue>
</operation>

<operation id="8" st_id="1" stage="1" lat="1">
<core>NULL</core>
<MemPortIdVec></MemPortIdVec>
<condition id="-1">
<or_exp><and_exp></and_exp></or_exp>
</condition>

<Node id="6" bw="0" op_0_bw="0" op_1_bw="512" op_2_bw="0" op_3_bw="32" op_4_bw="32" op_5_bw="0" op_6_bw="32" op_7_bw="32" op_8_bw="0" op_9_bw="0" op_10_bw="0" op_11_bw="32" op_12_bw="32" op_13_bw="32" op_14_bw="32" op_15_bw="0" op_16_bw="0">
<![CDATA[
:2  call void (...)* @_ssdm_op_SpecInterface(i512* %fifo_C_out_V_V, [8 x i8]* @ap_fifo_str, i32 0, i32 0, [1 x i8]* @p_str, i32 0, i32 0, [1 x i8]* @p_str, [1 x i8]* @p_str, [1 x i8]* @p_str, i32 2, i32 2, i32 16, i32 16, [1 x i8]* @p_str, [1 x i8]* @p_str)

]]></Node>
<StgValue><ssdm name="specinterface_ln0"/></StgValue>
</operation>

<operation id="9" st_id="1" stage="1" lat="1">
<core>NULL</core>
<MemPortIdVec></MemPortIdVec>
<condition id="-1">
<or_exp><and_exp></and_exp></or_exp>
</condition>

<Node id="7" bw="0" op_0_bw="0" op_1_bw="512" op_2_bw="0" op_3_bw="32" op_4_bw="32" op_5_bw="0" op_6_bw="32" op_7_bw="32" op_8_bw="0" op_9_bw="0" op_10_bw="0" op_11_bw="32" op_12_bw="32" op_13_bw="32" op_14_bw="32" op_15_bw="0" op_16_bw="0">
<![CDATA[
:3  call void (...)* @_ssdm_op_SpecInterface(i512* %fifo_C_in_V_V, [8 x i8]* @ap_fifo_str, i32 0, i32 0, [1 x i8]* @p_str, i32 0, i32 0, [1 x i8]* @p_str, [1 x i8]* @p_str, [1 x i8]* @p_str, i32 2, i32 2, i32 16, i32 16, [1 x i8]* @p_str, [1 x i8]* @p_str)

]]></Node>
<StgValue><ssdm name="specinterface_ln0"/></StgValue>
</operation>

<operation id="10" st_id="1" stage="1" lat="1">
<core>NULL</core>
<MemPortIdVec></MemPortIdVec>
<condition id="-1">
<or_exp><and_exp></and_exp></or_exp>
</condition>

<Node id="8" bw="0" op_0_bw="0" op_1_bw="256" op_2_bw="0" op_3_bw="0" op_4_bw="0" op_5_bw="32" op_6_bw="0" op_7_bw="0" op_8_bw="0" op_9_bw="0" op_10_bw="0">
<![CDATA[
:4  call void (...)* @_ssdm_op_SpecMemCore(i256* %fifo_C_local_out_V_V, [1 x i8]* @p_str, [9 x i8]* @p_str50, [1 x i8]* @p_str, i32 -1, [1 x i8]* @p_str, [1 x i8]* @p_str, [1 x i8]* @p_str, [1 x i8]* @p_str, [1 x i8]* @p_str)

]]></Node>
<StgValue><ssdm name="specmemcore_ln0"/></StgValue>
</operation>

<operation id="11" st_id="1" stage="1" lat="1">
<core>NULL</core>
<MemPortIdVec></MemPortIdVec>
<condition id="-1">
<or_exp><and_exp></and_exp></or_exp>
</condition>

<Node id="9" bw="0" op_0_bw="0" op_1_bw="512" op_2_bw="0" op_3_bw="0" op_4_bw="0" op_5_bw="32" op_6_bw="0" op_7_bw="0" op_8_bw="0" op_9_bw="0" op_10_bw="0">
<![CDATA[
:5  call void (...)* @_ssdm_op_SpecMemCore(i512* %fifo_C_out_V_V, [1 x i8]* @p_str, [9 x i8]* @p_str50, [1 x i8]* @p_str, i32 -1, [1 x i8]* @p_str, [1 x i8]* @p_str, [1 x i8]* @p_str, [1 x i8]* @p_str, [1 x i8]* @p_str)

]]></Node>
<StgValue><ssdm name="specmemcore_ln0"/></StgValue>
</operation>

<operation id="12" st_id="1" stage="1" lat="1">
<core>NULL</core>
<MemPortIdVec></MemPortIdVec>
<condition id="-1">
<or_exp><and_exp></and_exp></or_exp>
</condition>

<Node id="10" bw="0" op_0_bw="0" op_1_bw="512" op_2_bw="0" op_3_bw="0" op_4_bw="0" op_5_bw="32" op_6_bw="0" op_7_bw="0" op_8_bw="0" op_9_bw="0" op_10_bw="0">
<![CDATA[
:6  call void (...)* @_ssdm_op_SpecMemCore(i512* %fifo_C_in_V_V, [1 x i8]* @p_str, [9 x i8]* @p_str50, [1 x i8]* @p_str, i32 -1, [1 x i8]* @p_str, [1 x i8]* @p_str, [1 x i8]* @p_str, [1 x i8]* @p_str, [1 x i8]* @p_str)

]]></Node>
<StgValue><ssdm name="specmemcore_ln0"/></StgValue>
</operation>

<operation id="13" st_id="1" stage="1" lat="1">
<core>RAM_2P_BRAM</core>
<MemPortIdVec></MemPortIdVec>
<condition id="-1">
<or_exp><and_exp></and_exp></or_exp>
</condition>

<Node id="11" bw="512" op_0_bw="64">
<![CDATA[
:7  %local_C_ping_V = alloca [128 x i512], align 8

]]></Node>
<StgValue><ssdm name="local_C_ping_V"/><MemPortTyVec>1 0 </MemPortTyVec>
</StgValue>
</operation>

<operation id="14" st_id="1" stage="1" lat="1">
<core>RAM_2P_BRAM</core>
<MemPortIdVec></MemPortIdVec>
<condition id="-1">
<or_exp><and_exp></and_exp></or_exp>
</condition>

<Node id="12" bw="512" op_0_bw="64">
<![CDATA[
:8  %local_C_pong_V = alloca [128 x i512], align 8

]]></Node>
<StgValue><ssdm name="local_C_pong_V"/><MemPortTyVec>1 0 </MemPortTyVec>
</StgValue>
</operation>

<operation id="15" st_id="1" stage="1" lat="1">
<core>NULL</core>
<MemPortIdVec></MemPortIdVec>
<condition id="-1">
<or_exp><and_exp></and_exp></or_exp>
</condition>

<Node id="13" bw="0" op_0_bw="0" op_1_bw="512" op_2_bw="0" op_3_bw="0" op_4_bw="0" op_5_bw="32" op_6_bw="0" op_7_bw="0" op_8_bw="0" op_9_bw="0" op_10_bw="0">
<![CDATA[
:9  call void (...)* @_ssdm_op_SpecMemCore([128 x i512]* %local_C_ping_V, [1 x i8]* @p_str, [12 x i8]* @p_str9, [1 x i8]* @p_str, i32 -1, [1 x i8]* @p_str, [1 x i8]* @p_str, [1 x i8]* @p_str, [1 x i8]* @p_str, [1 x i8]* @p_str)

]]></Node>
<StgValue><ssdm name="specmemcore_ln884"/></StgValue>
</operation>

<operation id="16" st_id="1" stage="1" lat="1">
<core>NULL</core>
<MemPortIdVec></MemPortIdVec>
<condition id="-1">
<or_exp><and_exp></and_exp></or_exp>
</condition>

<Node id="14" bw="0" op_0_bw="0" op_1_bw="512" op_2_bw="0" op_3_bw="0" op_4_bw="0" op_5_bw="32" op_6_bw="0" op_7_bw="0" op_8_bw="0" op_9_bw="0" op_10_bw="0">
<![CDATA[
:10  call void (...)* @_ssdm_op_SpecMemCore([128 x i512]* %local_C_pong_V, [1 x i8]* @p_str, [12 x i8]* @p_str9, [1 x i8]* @p_str, i32 -1, [1 x i8]* @p_str, [1 x i8]* @p_str, [1 x i8]* @p_str, [1 x i8]* @p_str, [1 x i8]* @p_str)

]]></Node>
<StgValue><ssdm name="specmemcore_ln886"/></StgValue>
</operation>

<operation id="17" st_id="1" stage="1" lat="1">
<core>NULL</core>
<MemPortIdVec></MemPortIdVec>
<condition id="-1">
<or_exp><and_exp></and_exp></or_exp>
</condition>

<Node id="15" bw="0" op_0_bw="1" op_1_bw="1">
<![CDATA[
:11  store i1 false, i1* %intra_trans_en_0

]]></Node>
<StgValue><ssdm name="store_ln895"/></StgValue>
</operation>

<operation id="18" st_id="1" stage="1" lat="1">
<core>NULL</core>
<MemPortIdVec></MemPortIdVec>
<condition id="-1">
<or_exp><and_exp></and_exp></or_exp>
</condition>

<Node id="16" bw="0" op_0_bw="0">
<![CDATA[
:12  br label %.loopexit

]]></Node>
<StgValue><ssdm name="br_ln895"/></StgValue>
</operation>
</state>

<state id="2" st_id="2">

<operation id="19" st_id="2" stage="1" lat="1">
<core>NULL</core>
<MemPortIdVec></MemPortIdVec>
<condition id="-1">
<or_exp><and_exp></and_exp></or_exp>
</condition>

<Node id="18" bw="2" op_0_bw="2" op_1_bw="0" op_2_bw="2" op_3_bw="0">
<![CDATA[
.loopexit:0  %p_016_0 = phi i2 [ 0, %0 ], [ %c0_V, %.loopexit.loopexit ]

]]></Node>
<StgValue><ssdm name="p_016_0"/></StgValue>
</operation>

<operation id="20" st_id="2" stage="1" lat="1">
<core>Cmp</core>
<MemPortIdVec></MemPortIdVec>
<condition id="-1">
<or_exp><and_exp></and_exp></or_exp>
</condition>

<Node id="19" bw="1" op_0_bw="2" op_1_bw="2">
<![CDATA[
.loopexit:1  %icmp_ln895 = icmp eq i2 %p_016_0, -2

]]></Node>
<StgValue><ssdm name="icmp_ln895"/></StgValue>
</operation>

<operation id="21" st_id="2" stage="1" lat="1">
<core>NULL</core>
<MemPortIdVec></MemPortIdVec>
<condition id="-1">
<or_exp><and_exp></and_exp></or_exp>
</condition>

<Node id="20" bw="32" op_0_bw="32" op_1_bw="64" op_2_bw="64" op_3_bw="64">
<![CDATA[
.loopexit:2  %empty = call i32 (...)* @_ssdm_op_SpecLoopTripCount(i64 2, i64 2, i64 2)

]]></Node>
<StgValue><ssdm name="empty"/></StgValue>
</operation>

<operation id="22" st_id="2" stage="1" lat="1">
<core>AddSub</core>
<MemPortIdVec></MemPortIdVec>
<condition id="-1">
<or_exp><and_exp></and_exp></or_exp>
</condition>

<Node id="21" bw="2" op_0_bw="2" op_1_bw="2">
<![CDATA[
.loopexit:3  %c0_V = add i2 %p_016_0, 1

]]></Node>
<StgValue><ssdm name="c0_V"/></StgValue>
</operation>

<operation id="23" st_id="2" stage="1" lat="1">
<core>NULL</core>
<MemPortIdVec></MemPortIdVec>
<condition id="-1">
<or_exp><and_exp></and_exp></or_exp>
</condition>

<Node id="22" bw="0" op_0_bw="1" op_1_bw="0" op_2_bw="0">
<![CDATA[
.loopexit:4  br i1 %icmp_ln895, label %5, label %.preheader.preheader

]]></Node>
<StgValue><ssdm name="br_ln895"/></StgValue>
</operation>

<operation id="24" st_id="2" stage="1" lat="1">
<core>NULL</core>
<MemPortIdVec></MemPortIdVec>
<condition id="-1">
<or_exp><and_exp><literal name="icmp_ln895" val="0"/>
</and_exp></or_exp>
</condition>

<Node id="24" bw="0" op_0_bw="0">
<![CDATA[
.preheader.preheader:0  br label %.preheader

]]></Node>
<StgValue><ssdm name="br_ln896"/></StgValue>
</operation>

<operation id="25" st_id="2" stage="1" lat="1">
<core>NULL</core>
<MemPortIdVec></MemPortIdVec>
<condition id="-1">
<or_exp><and_exp><literal name="icmp_ln895" val="1"/>
</and_exp></or_exp>
</condition>

<Node id="50" bw="1" op_0_bw="1" op_1_bw="0">
<![CDATA[
:0  %intra_trans_en_0_load = load i1* %intra_trans_en_0

]]></Node>
<StgValue><ssdm name="intra_trans_en_0_load"/></StgValue>
</operation>

<operation id="26" st_id="2" stage="2" lat="2">
<core></core>
<MemPortIdVec></MemPortIdVec>
<condition id="-1">
<or_exp><and_exp><literal name="icmp_ln895" val="1"/>
</and_exp></or_exp>
</condition>

<Node id="51" bw="0" op_0_bw="0" op_1_bw="512" op_2_bw="256" op_3_bw="1">
<![CDATA[
:1  call fastcc void @C_IO_L2_in_intra_trans([128 x i512]* %local_C_ping_V, i256* %fifo_C_local_out_V_V, i1 %intra_trans_en_0_load)

]]></Node>
<StgValue><ssdm name="call_ln944"/></StgValue>
</operation>
</state>

<state id="3" st_id="3">

<operation id="27" st_id="3" stage="1" lat="1">
<core>NULL</core>
<MemPortIdVec></MemPortIdVec>
<condition id="-1">
<or_exp><and_exp></and_exp></or_exp>
</condition>

<Node id="26" bw="2" op_0_bw="2" op_1_bw="0" op_2_bw="2" op_3_bw="0">
<![CDATA[
.preheader:0  %p_040_0 = phi i2 [ %c1_V, %4 ], [ 0, %.preheader.preheader ]

]]></Node>
<StgValue><ssdm name="p_040_0"/></StgValue>
</operation>

<operation id="28" st_id="3" stage="1" lat="1">
<core>NULL</core>
<MemPortIdVec></MemPortIdVec>
<condition id="-1">
<or_exp><and_exp></and_exp></or_exp>
</condition>

<Node id="27" bw="1" op_0_bw="1" op_1_bw="0" op_2_bw="1" op_3_bw="0">
<![CDATA[
.preheader:1  %arb_1 = phi i1 [ %xor_ln938, %4 ], [ false, %.preheader.preheader ]

]]></Node>
<StgValue><ssdm name="arb_1"/></StgValue>
</operation>

<operation id="29" st_id="3" stage="1" lat="1">
<core>Cmp</core>
<MemPortIdVec></MemPortIdVec>
<condition id="-1">
<or_exp><and_exp></and_exp></or_exp>
</condition>

<Node id="28" bw="1" op_0_bw="2" op_1_bw="2">
<![CDATA[
.preheader:2  %icmp_ln896 = icmp eq i2 %p_040_0, -2

]]></Node>
<StgValue><ssdm name="icmp_ln896"/></StgValue>
</operation>

<operation id="30" st_id="3" stage="1" lat="1">
<core>NULL</core>
<MemPortIdVec></MemPortIdVec>
<condition id="-1">
<or_exp><and_exp></and_exp></or_exp>
</condition>

<Node id="29" bw="32" op_0_bw="32" op_1_bw="64" op_2_bw="64" op_3_bw="64">
<![CDATA[
.preheader:3  %empty_970 = call i32 (...)* @_ssdm_op_SpecLoopTripCount(i64 2, i64 2, i64 2)

]]></Node>
<StgValue><ssdm name="empty_970"/></StgValue>
</operation>

<operation id="31" st_id="3" stage="1" lat="1">
<core>AddSub</core>
<MemPortIdVec></MemPortIdVec>
<condition id="-1">
<or_exp><and_exp></and_exp></or_exp>
</condition>

<Node id="30" bw="2" op_0_bw="2" op_1_bw="2">
<![CDATA[
.preheader:4  %c1_V = add i2 %p_040_0, 1

]]></Node>
<StgValue><ssdm name="c1_V"/></StgValue>
</operation>

<operation id="32" st_id="3" stage="1" lat="1">
<core>NULL</core>
<MemPortIdVec></MemPortIdVec>
<condition id="-1">
<or_exp><and_exp></and_exp></or_exp>
</condition>

<Node id="31" bw="0" op_0_bw="1" op_1_bw="0" op_2_bw="0">
<![CDATA[
.preheader:5  br i1 %icmp_ln896, label %.loopexit.loopexit, label %1

]]></Node>
<StgValue><ssdm name="br_ln896"/></StgValue>
</operation>

<operation id="33" st_id="3" stage="1" lat="1">
<core>NULL</core>
<MemPortIdVec></MemPortIdVec>
<condition id="-1">
<or_exp><and_exp><literal name="icmp_ln896" val="0"/>
</and_exp></or_exp>
</condition>

<Node id="33" bw="1" op_0_bw="1" op_1_bw="0">
<![CDATA[
:0  %intra_trans_en_0_load_5 = load i1* %intra_trans_en_0

]]></Node>
<StgValue><ssdm name="intra_trans_en_0_load_5"/></StgValue>
</operation>

<operation id="34" st_id="3" stage="1" lat="1">
<core>NULL</core>
<MemPortIdVec></MemPortIdVec>
<condition id="-1">
<or_exp><and_exp><literal name="icmp_ln896" val="0"/>
</and_exp></or_exp>
</condition>

<Node id="34" bw="0" op_0_bw="1" op_1_bw="0" op_2_bw="0">
<![CDATA[
:1  br i1 %arb_1, label %3, label %2

]]></Node>
<StgValue><ssdm name="br_ln900"/></StgValue>
</operation>

<operation id="35" st_id="3" stage="2" lat="2">
<core></core>
<MemPortIdVec></MemPortIdVec>
<condition id="-1">
<or_exp><and_exp><literal name="icmp_ln896" val="0"/>
<literal name="arb_1" val="0"/>
</and_exp></or_exp>
</condition>

<Node id="36" bw="0" op_0_bw="0" op_1_bw="5" op_2_bw="512" op_3_bw="512" op_4_bw="512">
<![CDATA[
:0  call fastcc void @C_IO_L2_in_inter_trans(i5 11, [128 x i512]* %local_C_pong_V, i512* %fifo_C_in_V_V, i512* %fifo_C_out_V_V)

]]></Node>
<StgValue><ssdm name="call_ln904"/></StgValue>
</operation>

<operation id="36" st_id="3" stage="2" lat="2">
<core></core>
<MemPortIdVec></MemPortIdVec>
<condition id="-1">
<or_exp><and_exp><literal name="icmp_ln896" val="0"/>
<literal name="arb_1" val="0"/>
</and_exp></or_exp>
</condition>

<Node id="37" bw="0" op_0_bw="0" op_1_bw="512" op_2_bw="256" op_3_bw="1">
<![CDATA[
:1  call fastcc void @C_IO_L2_in_intra_trans([128 x i512]* %local_C_ping_V, i256* %fifo_C_local_out_V_V, i1 %intra_trans_en_0_load_5)

]]></Node>
<StgValue><ssdm name="call_ln910"/></StgValue>
</operation>

<operation id="37" st_id="3" stage="2" lat="2">
<core></core>
<MemPortIdVec></MemPortIdVec>
<condition id="-1">
<or_exp><and_exp><literal name="icmp_ln896" val="0"/>
<literal name="arb_1" val="1"/>
</and_exp></or_exp>
</condition>

<Node id="40" bw="0" op_0_bw="0" op_1_bw="5" op_2_bw="512" op_3_bw="512" op_4_bw="512">
<![CDATA[
:0  call fastcc void @C_IO_L2_in_inter_trans(i5 11, [128 x i512]* %local_C_ping_V, i512* %fifo_C_in_V_V, i512* %fifo_C_out_V_V)

]]></Node>
<StgValue><ssdm name="call_ln922"/></StgValue>
</operation>

<operation id="38" st_id="3" stage="2" lat="2">
<core></core>
<MemPortIdVec></MemPortIdVec>
<condition id="-1">
<or_exp><and_exp><literal name="icmp_ln896" val="0"/>
<literal name="arb_1" val="1"/>
</and_exp></or_exp>
</condition>

<Node id="41" bw="0" op_0_bw="0" op_1_bw="512" op_2_bw="256" op_3_bw="1">
<![CDATA[
:1  call fastcc void @C_IO_L2_in_intra_trans([128 x i512]* %local_C_pong_V, i256* %fifo_C_local_out_V_V, i1 %intra_trans_en_0_load_5)

]]></Node>
<StgValue><ssdm name="call_ln928"/></StgValue>
</operation>

<operation id="39" st_id="3" stage="1" lat="1">
<core>NULL</core>
<MemPortIdVec></MemPortIdVec>
<condition id="-1">
<or_exp><and_exp><literal name="icmp_ln896" val="1"/>
</and_exp></or_exp>
</condition>

<Node id="48" bw="0" op_0_bw="0">
<![CDATA[
.loopexit.loopexit:0  br label %.loopexit

]]></Node>
<StgValue><ssdm name="br_ln0"/></StgValue>
</operation>
</state>

<state id="4" st_id="4">

<operation id="40" st_id="4" stage="1" lat="2">
<core></core>
<MemPortIdVec></MemPortIdVec>
<condition id="-1">
<or_exp><and_exp><literal name="arb_1" val="0"/>
</and_exp></or_exp>
</condition>

<Node id="36" bw="0" op_0_bw="0" op_1_bw="5" op_2_bw="512" op_3_bw="512" op_4_bw="512">
<![CDATA[
:0  call fastcc void @C_IO_L2_in_inter_trans(i5 11, [128 x i512]* %local_C_pong_V, i512* %fifo_C_in_V_V, i512* %fifo_C_out_V_V)

]]></Node>
<StgValue><ssdm name="call_ln904"/></StgValue>
</operation>

<operation id="41" st_id="4" stage="1" lat="2">
<core></core>
<MemPortIdVec></MemPortIdVec>
<condition id="-1">
<or_exp><and_exp><literal name="arb_1" val="0"/>
</and_exp></or_exp>
</condition>

<Node id="37" bw="0" op_0_bw="0" op_1_bw="512" op_2_bw="256" op_3_bw="1">
<![CDATA[
:1  call fastcc void @C_IO_L2_in_intra_trans([128 x i512]* %local_C_ping_V, i256* %fifo_C_local_out_V_V, i1 %intra_trans_en_0_load_5)

]]></Node>
<StgValue><ssdm name="call_ln910"/></StgValue>
</operation>

<operation id="42" st_id="4" stage="1" lat="1">
<core>NULL</core>
<MemPortIdVec></MemPortIdVec>
<condition id="-1">
<or_exp><and_exp><literal name="arb_1" val="0"/>
</and_exp></or_exp>
</condition>

<Node id="38" bw="0" op_0_bw="0">
<![CDATA[
:2  br label %4

]]></Node>
<StgValue><ssdm name="br_ln918"/></StgValue>
</operation>

<operation id="43" st_id="4" stage="1" lat="2">
<core></core>
<MemPortIdVec></MemPortIdVec>
<condition id="-1">
<or_exp><and_exp><literal name="arb_1" val="1"/>
</and_exp></or_exp>
</condition>

<Node id="40" bw="0" op_0_bw="0" op_1_bw="5" op_2_bw="512" op_3_bw="512" op_4_bw="512">
<![CDATA[
:0  call fastcc void @C_IO_L2_in_inter_trans(i5 11, [128 x i512]* %local_C_ping_V, i512* %fifo_C_in_V_V, i512* %fifo_C_out_V_V)

]]></Node>
<StgValue><ssdm name="call_ln922"/></StgValue>
</operation>

<operation id="44" st_id="4" stage="1" lat="2">
<core></core>
<MemPortIdVec></MemPortIdVec>
<condition id="-1">
<or_exp><and_exp><literal name="arb_1" val="1"/>
</and_exp></or_exp>
</condition>

<Node id="41" bw="0" op_0_bw="0" op_1_bw="512" op_2_bw="256" op_3_bw="1">
<![CDATA[
:1  call fastcc void @C_IO_L2_in_intra_trans([128 x i512]* %local_C_pong_V, i256* %fifo_C_local_out_V_V, i1 %intra_trans_en_0_load_5)

]]></Node>
<StgValue><ssdm name="call_ln928"/></StgValue>
</operation>

<operation id="45" st_id="4" stage="1" lat="1">
<core>NULL</core>
<MemPortIdVec></MemPortIdVec>
<condition id="-1">
<or_exp><and_exp><literal name="arb_1" val="1"/>
</and_exp></or_exp>
</condition>

<Node id="42" bw="0" op_0_bw="0">
<![CDATA[
:2  br label %4

]]></Node>
<StgValue><ssdm name="br_ln0"/></StgValue>
</operation>

<operation id="46" st_id="4" stage="1" lat="1">
<core>LogicGate</core>
<MemPortIdVec></MemPortIdVec>
<condition id="-1">
<or_exp><and_exp></and_exp></or_exp>
</condition>

<Node id="44" bw="1" op_0_bw="1" op_1_bw="1">
<![CDATA[
:0  %xor_ln938 = xor i1 %arb_1, true

]]></Node>
<StgValue><ssdm name="xor_ln938"/></StgValue>
</operation>

<operation id="47" st_id="4" stage="1" lat="1">
<core>NULL</core>
<MemPortIdVec></MemPortIdVec>
<condition id="-1">
<or_exp><and_exp></and_exp></or_exp>
</condition>

<Node id="45" bw="0" op_0_bw="1" op_1_bw="1" op_2_bw="0" op_3_bw="1">
<![CDATA[
:1  store i1 true, i1* %intra_trans_en_0

]]></Node>
<StgValue><ssdm name="store_ln896"/></StgValue>
</operation>

<operation id="48" st_id="4" stage="1" lat="1">
<core>NULL</core>
<MemPortIdVec></MemPortIdVec>
<condition id="-1">
<or_exp><and_exp></and_exp></or_exp>
</condition>

<Node id="46" bw="0" op_0_bw="0">
<![CDATA[
:2  br label %.preheader

]]></Node>
<StgValue><ssdm name="br_ln896"/></StgValue>
</operation>
</state>

<state id="5" st_id="5">

<operation id="49" st_id="5" stage="1" lat="2">
<core></core>
<MemPortIdVec></MemPortIdVec>
<condition id="-1">
<or_exp><and_exp></and_exp></or_exp>
</condition>

<Node id="51" bw="0" op_0_bw="0" op_1_bw="512" op_2_bw="256" op_3_bw="1">
<![CDATA[
:1  call fastcc void @C_IO_L2_in_intra_trans([128 x i512]* %local_C_ping_V, i256* %fifo_C_local_out_V_V, i1 %intra_trans_en_0_load)

]]></Node>
<StgValue><ssdm name="call_ln944"/></StgValue>
</operation>

<operation id="50" st_id="5" stage="1" lat="1">
<core>NULL</core>
<MemPortIdVec></MemPortIdVec>
<condition id="-1">
<or_exp><and_exp></and_exp></or_exp>
</condition>

<Node id="52" bw="0">
<![CDATA[
:2  ret void

]]></Node>
<StgValue><ssdm name="ret_ln963"/></StgValue>
</operation>
</state>
</state_list>


<ports>
<port id="60" name="fifo_C_in_V_V" dir="0" iftype="3">
<core>FIFO_SRL</core><StgValue><ssdm name="fifo_C_in_V_V"/></StgValue>
</port>
<port id="61" name="fifo_C_out_V_V" dir="1" iftype="3">
<core>FIFO_SRL</core><StgValue><ssdm name="fifo_C_out_V_V"/></StgValue>
</port>
<port id="62" name="fifo_C_local_out_V_V" dir="1" iftype="3">
<core>FIFO_SRL</core><StgValue><ssdm name="fifo_C_local_out_V_V"/></StgValue>
</port>
</ports>


<dataflows>
<dataflow id="64" from="StgValue_63" to="intra_trans_en_0" fromId="63" toId="6">
</dataflow>
<dataflow id="66" from="_ssdm_op_SpecInterface" to="specinterface_ln0" fromId="65" toId="7">
</dataflow>
<dataflow id="67" from="fifo_C_local_out_V_V" to="specinterface_ln0" fromId="62" toId="7">
</dataflow>
<dataflow id="69" from="ap_fifo_str" to="specinterface_ln0" fromId="68" toId="7">
</dataflow>
<dataflow id="71" from="StgValue_70" to="specinterface_ln0" fromId="70" toId="7">
</dataflow>
<dataflow id="72" from="StgValue_70" to="specinterface_ln0" fromId="70" toId="7">
</dataflow>
<dataflow id="74" from="p_str" to="specinterface_ln0" fromId="73" toId="7">
</dataflow>
<dataflow id="75" from="StgValue_70" to="specinterface_ln0" fromId="70" toId="7">
</dataflow>
<dataflow id="76" from="StgValue_70" to="specinterface_ln0" fromId="70" toId="7">
</dataflow>
<dataflow id="77" from="p_str" to="specinterface_ln0" fromId="73" toId="7">
</dataflow>
<dataflow id="78" from="p_str" to="specinterface_ln0" fromId="73" toId="7">
</dataflow>
<dataflow id="79" from="p_str" to="specinterface_ln0" fromId="73" toId="7">
</dataflow>
<dataflow id="81" from="StgValue_80" to="specinterface_ln0" fromId="80" toId="7">
</dataflow>
<dataflow id="82" from="StgValue_80" to="specinterface_ln0" fromId="80" toId="7">
</dataflow>
<dataflow id="84" from="StgValue_83" to="specinterface_ln0" fromId="83" toId="7">
</dataflow>
<dataflow id="85" from="StgValue_83" to="specinterface_ln0" fromId="83" toId="7">
</dataflow>
<dataflow id="86" from="p_str" to="specinterface_ln0" fromId="73" toId="7">
</dataflow>
<dataflow id="87" from="p_str" to="specinterface_ln0" fromId="73" toId="7">
</dataflow>
<dataflow id="88" from="_ssdm_op_SpecInterface" to="specinterface_ln0" fromId="65" toId="8">
</dataflow>
<dataflow id="89" from="fifo_C_out_V_V" to="specinterface_ln0" fromId="61" toId="8">
</dataflow>
<dataflow id="90" from="ap_fifo_str" to="specinterface_ln0" fromId="68" toId="8">
</dataflow>
<dataflow id="91" from="StgValue_70" to="specinterface_ln0" fromId="70" toId="8">
</dataflow>
<dataflow id="92" from="StgValue_70" to="specinterface_ln0" fromId="70" toId="8">
</dataflow>
<dataflow id="93" from="p_str" to="specinterface_ln0" fromId="73" toId="8">
</dataflow>
<dataflow id="94" from="StgValue_70" to="specinterface_ln0" fromId="70" toId="8">
</dataflow>
<dataflow id="95" from="StgValue_70" to="specinterface_ln0" fromId="70" toId="8">
</dataflow>
<dataflow id="96" from="p_str" to="specinterface_ln0" fromId="73" toId="8">
</dataflow>
<dataflow id="97" from="p_str" to="specinterface_ln0" fromId="73" toId="8">
</dataflow>
<dataflow id="98" from="p_str" to="specinterface_ln0" fromId="73" toId="8">
</dataflow>
<dataflow id="99" from="StgValue_80" to="specinterface_ln0" fromId="80" toId="8">
</dataflow>
<dataflow id="100" from="StgValue_80" to="specinterface_ln0" fromId="80" toId="8">
</dataflow>
<dataflow id="101" from="StgValue_83" to="specinterface_ln0" fromId="83" toId="8">
</dataflow>
<dataflow id="102" from="StgValue_83" to="specinterface_ln0" fromId="83" toId="8">
</dataflow>
<dataflow id="103" from="p_str" to="specinterface_ln0" fromId="73" toId="8">
</dataflow>
<dataflow id="104" from="p_str" to="specinterface_ln0" fromId="73" toId="8">
</dataflow>
<dataflow id="105" from="_ssdm_op_SpecInterface" to="specinterface_ln0" fromId="65" toId="9">
</dataflow>
<dataflow id="106" from="fifo_C_in_V_V" to="specinterface_ln0" fromId="60" toId="9">
</dataflow>
<dataflow id="107" from="ap_fifo_str" to="specinterface_ln0" fromId="68" toId="9">
</dataflow>
<dataflow id="108" from="StgValue_70" to="specinterface_ln0" fromId="70" toId="9">
</dataflow>
<dataflow id="109" from="StgValue_70" to="specinterface_ln0" fromId="70" toId="9">
</dataflow>
<dataflow id="110" from="p_str" to="specinterface_ln0" fromId="73" toId="9">
</dataflow>
<dataflow id="111" from="StgValue_70" to="specinterface_ln0" fromId="70" toId="9">
</dataflow>
<dataflow id="112" from="StgValue_70" to="specinterface_ln0" fromId="70" toId="9">
</dataflow>
<dataflow id="113" from="p_str" to="specinterface_ln0" fromId="73" toId="9">
</dataflow>
<dataflow id="114" from="p_str" to="specinterface_ln0" fromId="73" toId="9">
</dataflow>
<dataflow id="115" from="p_str" to="specinterface_ln0" fromId="73" toId="9">
</dataflow>
<dataflow id="116" from="StgValue_80" to="specinterface_ln0" fromId="80" toId="9">
</dataflow>
<dataflow id="117" from="StgValue_80" to="specinterface_ln0" fromId="80" toId="9">
</dataflow>
<dataflow id="118" from="StgValue_83" to="specinterface_ln0" fromId="83" toId="9">
</dataflow>
<dataflow id="119" from="StgValue_83" to="specinterface_ln0" fromId="83" toId="9">
</dataflow>
<dataflow id="120" from="p_str" to="specinterface_ln0" fromId="73" toId="9">
</dataflow>
<dataflow id="121" from="p_str" to="specinterface_ln0" fromId="73" toId="9">
</dataflow>
<dataflow id="123" from="_ssdm_op_SpecMemCore" to="specmemcore_ln0" fromId="122" toId="10">
</dataflow>
<dataflow id="124" from="fifo_C_local_out_V_V" to="specmemcore_ln0" fromId="62" toId="10">
</dataflow>
<dataflow id="125" from="p_str" to="specmemcore_ln0" fromId="73" toId="10">
</dataflow>
<dataflow id="127" from="p_str50" to="specmemcore_ln0" fromId="126" toId="10">
</dataflow>
<dataflow id="128" from="p_str" to="specmemcore_ln0" fromId="73" toId="10">
</dataflow>
<dataflow id="130" from="StgValue_129" to="specmemcore_ln0" fromId="129" toId="10">
</dataflow>
<dataflow id="131" from="p_str" to="specmemcore_ln0" fromId="73" toId="10">
</dataflow>
<dataflow id="132" from="p_str" to="specmemcore_ln0" fromId="73" toId="10">
</dataflow>
<dataflow id="133" from="p_str" to="specmemcore_ln0" fromId="73" toId="10">
</dataflow>
<dataflow id="134" from="p_str" to="specmemcore_ln0" fromId="73" toId="10">
</dataflow>
<dataflow id="135" from="p_str" to="specmemcore_ln0" fromId="73" toId="10">
</dataflow>
<dataflow id="136" from="_ssdm_op_SpecMemCore" to="specmemcore_ln0" fromId="122" toId="11">
</dataflow>
<dataflow id="137" from="fifo_C_out_V_V" to="specmemcore_ln0" fromId="61" toId="11">
</dataflow>
<dataflow id="138" from="p_str" to="specmemcore_ln0" fromId="73" toId="11">
</dataflow>
<dataflow id="139" from="p_str50" to="specmemcore_ln0" fromId="126" toId="11">
</dataflow>
<dataflow id="140" from="p_str" to="specmemcore_ln0" fromId="73" toId="11">
</dataflow>
<dataflow id="141" from="StgValue_129" to="specmemcore_ln0" fromId="129" toId="11">
</dataflow>
<dataflow id="142" from="p_str" to="specmemcore_ln0" fromId="73" toId="11">
</dataflow>
<dataflow id="143" from="p_str" to="specmemcore_ln0" fromId="73" toId="11">
</dataflow>
<dataflow id="144" from="p_str" to="specmemcore_ln0" fromId="73" toId="11">
</dataflow>
<dataflow id="145" from="p_str" to="specmemcore_ln0" fromId="73" toId="11">
</dataflow>
<dataflow id="146" from="p_str" to="specmemcore_ln0" fromId="73" toId="11">
</dataflow>
<dataflow id="147" from="_ssdm_op_SpecMemCore" to="specmemcore_ln0" fromId="122" toId="12">
</dataflow>
<dataflow id="148" from="fifo_C_in_V_V" to="specmemcore_ln0" fromId="60" toId="12">
</dataflow>
<dataflow id="149" from="p_str" to="specmemcore_ln0" fromId="73" toId="12">
</dataflow>
<dataflow id="150" from="p_str50" to="specmemcore_ln0" fromId="126" toId="12">
</dataflow>
<dataflow id="151" from="p_str" to="specmemcore_ln0" fromId="73" toId="12">
</dataflow>
<dataflow id="152" from="StgValue_129" to="specmemcore_ln0" fromId="129" toId="12">
</dataflow>
<dataflow id="153" from="p_str" to="specmemcore_ln0" fromId="73" toId="12">
</dataflow>
<dataflow id="154" from="p_str" to="specmemcore_ln0" fromId="73" toId="12">
</dataflow>
<dataflow id="155" from="p_str" to="specmemcore_ln0" fromId="73" toId="12">
</dataflow>
<dataflow id="156" from="p_str" to="specmemcore_ln0" fromId="73" toId="12">
</dataflow>
<dataflow id="157" from="p_str" to="specmemcore_ln0" fromId="73" toId="12">
</dataflow>
<dataflow id="159" from="StgValue_158" to="local_C_ping_V" fromId="158" toId="13">
</dataflow>
<dataflow id="160" from="StgValue_158" to="local_C_pong_V" fromId="158" toId="14">
</dataflow>
<dataflow id="161" from="_ssdm_op_SpecMemCore" to="specmemcore_ln884" fromId="122" toId="15">
</dataflow>
<dataflow id="162" from="local_C_ping_V" to="specmemcore_ln884" fromId="13" toId="15">
</dataflow>
<dataflow id="163" from="p_str" to="specmemcore_ln884" fromId="73" toId="15">
</dataflow>
<dataflow id="165" from="p_str9" to="specmemcore_ln884" fromId="164" toId="15">
</dataflow>
<dataflow id="166" from="p_str" to="specmemcore_ln884" fromId="73" toId="15">
</dataflow>
<dataflow id="167" from="StgValue_129" to="specmemcore_ln884" fromId="129" toId="15">
</dataflow>
<dataflow id="168" from="p_str" to="specmemcore_ln884" fromId="73" toId="15">
</dataflow>
<dataflow id="169" from="p_str" to="specmemcore_ln884" fromId="73" toId="15">
</dataflow>
<dataflow id="170" from="p_str" to="specmemcore_ln884" fromId="73" toId="15">
</dataflow>
<dataflow id="171" from="p_str" to="specmemcore_ln884" fromId="73" toId="15">
</dataflow>
<dataflow id="172" from="p_str" to="specmemcore_ln884" fromId="73" toId="15">
</dataflow>
<dataflow id="173" from="_ssdm_op_SpecMemCore" to="specmemcore_ln886" fromId="122" toId="16">
</dataflow>
<dataflow id="174" from="local_C_pong_V" to="specmemcore_ln886" fromId="14" toId="16">
</dataflow>
<dataflow id="175" from="p_str" to="specmemcore_ln886" fromId="73" toId="16">
</dataflow>
<dataflow id="176" from="p_str9" to="specmemcore_ln886" fromId="164" toId="16">
</dataflow>
<dataflow id="177" from="p_str" to="specmemcore_ln886" fromId="73" toId="16">
</dataflow>
<dataflow id="178" from="StgValue_129" to="specmemcore_ln886" fromId="129" toId="16">
</dataflow>
<dataflow id="179" from="p_str" to="specmemcore_ln886" fromId="73" toId="16">
</dataflow>
<dataflow id="180" from="p_str" to="specmemcore_ln886" fromId="73" toId="16">
</dataflow>
<dataflow id="181" from="p_str" to="specmemcore_ln886" fromId="73" toId="16">
</dataflow>
<dataflow id="182" from="p_str" to="specmemcore_ln886" fromId="73" toId="16">
</dataflow>
<dataflow id="183" from="p_str" to="specmemcore_ln886" fromId="73" toId="16">
</dataflow>
<dataflow id="185" from="StgValue_184" to="store_ln895" fromId="184" toId="17">
</dataflow>
<dataflow id="186" from="intra_trans_en_0" to="store_ln895" fromId="6" toId="17">
</dataflow>
<dataflow id="188" from="StgValue_187" to="p_016_0" fromId="187" toId="19">
<condition id="-1">
<or_exp><and_exp></and_exp></or_exp>
</condition>
</dataflow>
<dataflow id="189" from="br_ln895" to="p_016_0" fromId="18" toId="19">
</dataflow>
<dataflow id="190" from="c0_V" to="p_016_0" fromId="22" toId="19">
<BackEdge/>
<condition id="-1">
<or_exp><and_exp><literal name="icmp_ln896" val="1"/>
</and_exp></or_exp>
</condition>
</dataflow>
<dataflow id="191" from="br_ln0" to="p_016_0" fromId="39" toId="19">
<BackEdge/>
</dataflow>
<dataflow id="192" from="p_016_0" to="icmp_ln895" fromId="19" toId="20">
</dataflow>
<dataflow id="194" from="StgValue_193" to="icmp_ln895" fromId="193" toId="20">
</dataflow>
<dataflow id="196" from="_ssdm_op_SpecLoopTripCount" to="empty" fromId="195" toId="21">
</dataflow>
<dataflow id="198" from="StgValue_197" to="empty" fromId="197" toId="21">
</dataflow>
<dataflow id="199" from="StgValue_197" to="empty" fromId="197" toId="21">
</dataflow>
<dataflow id="200" from="StgValue_197" to="empty" fromId="197" toId="21">
</dataflow>
<dataflow id="201" from="p_016_0" to="c0_V" fromId="19" toId="22">
</dataflow>
<dataflow id="203" from="StgValue_202" to="c0_V" fromId="202" toId="22">
</dataflow>
<dataflow id="204" from="icmp_ln895" to="br_ln895" fromId="20" toId="23">
</dataflow>
<dataflow id="205" from="intra_trans_en_0" to="intra_trans_en_0_load" fromId="6" toId="25">
</dataflow>
<dataflow id="207" from="C_IO_L2_in_intra_trans" to="call_ln944" fromId="206" toId="26">
</dataflow>
<dataflow id="208" from="local_C_ping_V" to="call_ln944" fromId="13" toId="26">
</dataflow>
<dataflow id="209" from="fifo_C_local_out_V_V" to="call_ln944" fromId="62" toId="26">
</dataflow>
<dataflow id="210" from="intra_trans_en_0_load" to="call_ln944" fromId="25" toId="26">
</dataflow>
<dataflow id="211" from="c1_V" to="p_040_0" fromId="31" toId="27">
<BackEdge/>
<condition id="-1">
<or_exp><and_exp></and_exp></or_exp>
</condition>
</dataflow>
<dataflow id="212" from="br_ln896" to="p_040_0" fromId="48" toId="27">
<BackEdge/>
</dataflow>
<dataflow id="213" from="StgValue_187" to="p_040_0" fromId="187" toId="27">
<condition id="-1">
<or_exp><and_exp><literal name="icmp_ln895" val="0"/>
</and_exp></or_exp>
</condition>
</dataflow>
<dataflow id="214" from="br_ln896" to="p_040_0" fromId="24" toId="27">
</dataflow>
<dataflow id="215" from="xor_ln938" to="arb_1" fromId="46" toId="28">
<BackEdge/>
<condition id="-1">
<or_exp><and_exp></and_exp></or_exp>
</condition>
</dataflow>
<dataflow id="216" from="br_ln896" to="arb_1" fromId="48" toId="28">
<BackEdge/>
</dataflow>
<dataflow id="217" from="StgValue_184" to="arb_1" fromId="184" toId="28">
<condition id="-1">
<or_exp><and_exp><literal name="icmp_ln895" val="0"/>
</and_exp></or_exp>
</condition>
</dataflow>
<dataflow id="218" from="br_ln896" to="arb_1" fromId="24" toId="28">
</dataflow>
<dataflow id="219" from="p_040_0" to="icmp_ln896" fromId="27" toId="29">
</dataflow>
<dataflow id="220" from="StgValue_193" to="icmp_ln896" fromId="193" toId="29">
</dataflow>
<dataflow id="221" from="_ssdm_op_SpecLoopTripCount" to="empty_970" fromId="195" toId="30">
</dataflow>
<dataflow id="222" from="StgValue_197" to="empty_970" fromId="197" toId="30">
</dataflow>
<dataflow id="223" from="StgValue_197" to="empty_970" fromId="197" toId="30">
</dataflow>
<dataflow id="224" from="StgValue_197" to="empty_970" fromId="197" toId="30">
</dataflow>
<dataflow id="225" from="p_040_0" to="c1_V" fromId="27" toId="31">
</dataflow>
<dataflow id="226" from="StgValue_202" to="c1_V" fromId="202" toId="31">
</dataflow>
<dataflow id="227" from="icmp_ln896" to="br_ln896" fromId="29" toId="32">
</dataflow>
<dataflow id="228" from="intra_trans_en_0" to="intra_trans_en_0_load_5" fromId="6" toId="33">
</dataflow>
<dataflow id="229" from="arb_1" to="br_ln900" fromId="28" toId="34">
</dataflow>
<dataflow id="231" from="C_IO_L2_in_inter_trans" to="call_ln904" fromId="230" toId="35">
</dataflow>
<dataflow id="233" from="StgValue_232" to="call_ln904" fromId="232" toId="35">
</dataflow>
<dataflow id="234" from="local_C_pong_V" to="call_ln904" fromId="14" toId="35">
</dataflow>
<dataflow id="235" from="fifo_C_in_V_V" to="call_ln904" fromId="60" toId="35">
</dataflow>
<dataflow id="236" from="fifo_C_out_V_V" to="call_ln904" fromId="61" toId="35">
</dataflow>
<dataflow id="237" from="C_IO_L2_in_intra_trans" to="call_ln910" fromId="206" toId="36">
</dataflow>
<dataflow id="238" from="local_C_ping_V" to="call_ln910" fromId="13" toId="36">
</dataflow>
<dataflow id="239" from="fifo_C_local_out_V_V" to="call_ln910" fromId="62" toId="36">
</dataflow>
<dataflow id="240" from="intra_trans_en_0_load_5" to="call_ln910" fromId="33" toId="36">
</dataflow>
<dataflow id="241" from="C_IO_L2_in_inter_trans" to="call_ln922" fromId="230" toId="37">
</dataflow>
<dataflow id="242" from="StgValue_232" to="call_ln922" fromId="232" toId="37">
</dataflow>
<dataflow id="243" from="local_C_ping_V" to="call_ln922" fromId="13" toId="37">
</dataflow>
<dataflow id="244" from="fifo_C_in_V_V" to="call_ln922" fromId="60" toId="37">
</dataflow>
<dataflow id="245" from="fifo_C_out_V_V" to="call_ln922" fromId="61" toId="37">
</dataflow>
<dataflow id="246" from="C_IO_L2_in_intra_trans" to="call_ln928" fromId="206" toId="38">
</dataflow>
<dataflow id="247" from="local_C_pong_V" to="call_ln928" fromId="14" toId="38">
</dataflow>
<dataflow id="248" from="fifo_C_local_out_V_V" to="call_ln928" fromId="62" toId="38">
</dataflow>
<dataflow id="249" from="intra_trans_en_0_load_5" to="call_ln928" fromId="33" toId="38">
</dataflow>
<dataflow id="250" from="C_IO_L2_in_inter_trans" to="call_ln904" fromId="230" toId="40">
</dataflow>
<dataflow id="251" from="StgValue_232" to="call_ln904" fromId="232" toId="40">
</dataflow>
<dataflow id="252" from="local_C_pong_V" to="call_ln904" fromId="14" toId="40">
</dataflow>
<dataflow id="253" from="fifo_C_in_V_V" to="call_ln904" fromId="60" toId="40">
</dataflow>
<dataflow id="254" from="fifo_C_out_V_V" to="call_ln904" fromId="61" toId="40">
</dataflow>
<dataflow id="255" from="C_IO_L2_in_intra_trans" to="call_ln910" fromId="206" toId="41">
</dataflow>
<dataflow id="256" from="local_C_ping_V" to="call_ln910" fromId="13" toId="41">
</dataflow>
<dataflow id="257" from="fifo_C_local_out_V_V" to="call_ln910" fromId="62" toId="41">
</dataflow>
<dataflow id="258" from="intra_trans_en_0_load_5" to="call_ln910" fromId="33" toId="41">
</dataflow>
<dataflow id="259" from="C_IO_L2_in_inter_trans" to="call_ln922" fromId="230" toId="43">
</dataflow>
<dataflow id="260" from="StgValue_232" to="call_ln922" fromId="232" toId="43">
</dataflow>
<dataflow id="261" from="local_C_ping_V" to="call_ln922" fromId="13" toId="43">
</dataflow>
<dataflow id="262" from="fifo_C_in_V_V" to="call_ln922" fromId="60" toId="43">
</dataflow>
<dataflow id="263" from="fifo_C_out_V_V" to="call_ln922" fromId="61" toId="43">
</dataflow>
<dataflow id="264" from="C_IO_L2_in_intra_trans" to="call_ln928" fromId="206" toId="44">
</dataflow>
<dataflow id="265" from="local_C_pong_V" to="call_ln928" fromId="14" toId="44">
</dataflow>
<dataflow id="266" from="fifo_C_local_out_V_V" to="call_ln928" fromId="62" toId="44">
</dataflow>
<dataflow id="267" from="intra_trans_en_0_load_5" to="call_ln928" fromId="33" toId="44">
</dataflow>
<dataflow id="268" from="arb_1" to="xor_ln938" fromId="28" toId="46">
</dataflow>
<dataflow id="270" from="StgValue_269" to="xor_ln938" fromId="269" toId="46">
</dataflow>
<dataflow id="271" from="StgValue_269" to="store_ln896" fromId="269" toId="47">
</dataflow>
<dataflow id="272" from="intra_trans_en_0" to="store_ln896" fromId="6" toId="47">
</dataflow>
<dataflow id="273" from="C_IO_L2_in_intra_trans" to="call_ln944" fromId="206" toId="49">
</dataflow>
<dataflow id="274" from="local_C_ping_V" to="call_ln944" fromId="13" toId="49">
</dataflow>
<dataflow id="275" from="fifo_C_local_out_V_V" to="call_ln944" fromId="62" toId="49">
</dataflow>
<dataflow id="276" from="intra_trans_en_0_load" to="call_ln944" fromId="25" toId="49">
</dataflow>
<dataflow id="277" from="icmp_ln895" to="StgValue_2" fromId="20" toId="2">
</dataflow>
<dataflow id="278" from="icmp_ln896" to="StgValue_3" fromId="29" toId="3">
</dataflow>
<dataflow id="279" from="arb_1" to="StgValue_3" fromId="28" toId="3">
</dataflow>
<dataflow id="280" from="arb_1" to="StgValue_4" fromId="28" toId="4">
</dataflow>
</dataflows>


</stg>
