<profile>

<section name = "Vivado HLS Report for 'C_IO_L2_in_inter_trans_boundary'" level="0">
<item name = "Date">Thu Aug 26 21:47:36 2021
</item>
<item name = "Version">2020.1 (Build 2897737 on Wed May 27 20:21:37 MDT 2020)</item>
<item name = "Project">hls_prj</item>
<item name = "Solution">solution1</item>
<item name = "Product family">virtexuplus</item>
<item name = "Target device">xcu250-figd2104-2L-e</item>
</section>

<section name = "Performance Estimates" level="0">
<item name = "Timing">
<section name = "" level="1">
<item name = "Summary"><table name="" hasTotal="0">
<keys size="4">Clock, Target, Estimated, Uncertainty</keys>
<column name="ap_clk">3.33 ns, 2.615 ns, 0.42 ns</column>
</table>
</item>
</section>
</item>
<item name = "Latency">
<section name = "" level="1">
<item name = "Summary"><table name="" hasTotal="0">
<keys size="8">, min, max, min, max, min, max, Type</keys>
<column name="">130, 130, 0.433 us, 0.433 us, 130, 130, none</column>
</table>
</item>
<item name = "Detail">
<section name = "" level="1">
<item name = "Instance"><table name="" hasTotal="0">
<keys size="9">Instance, Module, min, max, min, max, min, max, Type</keys>
</table>
</item>
<item name = "Loop"><table name="" hasTotal="0">
<keys size="8">Loop Name, min, max, Latency, achieved, target, Count, Pipelined</keys>
<column name="- Loop 1">128, 128, 2, 1, 1, 128, yes</column>
</table>
</item>
</section>
</item>
</section>
</item>
</section>

<section name = "Utilization Estimates" level="0">
<item name = "Summary"><table name="" hasTotal="1">
<keys size="6">Name, BRAM_18K, DSP48E, FF, LUT, URAM</keys>
<column name="DSP">-, -, -, -, -</column>
<column name="Expression">-, -, 0, 99, -</column>
<column name="FIFO">-, -, -, -, -</column>
<column name="Instance">-, -, -, -, -</column>
<column name="Memory">-, -, -, -, -</column>
<column name="Multiplexer">-, -, -, 81, -</column>
<column name="Register">-, -, 32, -, -</column>
<specialColumn name="Available SLR">1344, 3072, 864000, 432000, 320</specialColumn>
<specialColumn name="Utilization SLR (%)">0, 0, ~0, ~0, 0</specialColumn>
<specialColumn name="Available">5376, 12288, 3456000, 1728000, 1280</specialColumn>
<specialColumn name="Utilization (%)">0, 0, ~0, ~0, 0</specialColumn>
</table>
</item>
<item name = "Detail">
<section name = "" level="1">
<item name = "Instance"><table name="" hasTotal="1">
<keys size="7">Instance, Module, BRAM_18K, DSP48E, FF, LUT, URAM</keys>
</table>
</item>
<item name = "DSP48E"><table name="" hasTotal="0">
<keys size="3">Instance, Module, Expression</keys>
</table>
</item>
<item name = "Memory"><table name="" hasTotal="1">
<keys size="10">Memory, Module, BRAM_18K, FF, LUT, URAM, Words, Bits, Banks, W*Bits*Banks</keys>
</table>
</item>
<item name = "FIFO"><table name="" hasTotal="1">
<keys size="8">Name, BRAM_18K, FF, LUT, URAM, Depth, Bits, Size:D*B</keys>
</table>
</item>
<item name = "Expression"><table name="" hasTotal="1">
<keys size="7">Variable Name, Operation, DSP48E, FF, LUT, Bitwidth P0, Bitwidth P1</keys>
<column name="add_ln321_fu_177_p2">+, 0, 0, 16, 9, 9</column>
<column name="add_ln700_35_fu_157_p2">+, 0, 0, 15, 5, 1</column>
<column name="add_ln700_fu_129_p2">+, 0, 0, 12, 4, 1</column>
<column name="add_ln861_fu_123_p2">+, 0, 0, 15, 8, 1</column>
<column name="ap_block_pp0_stage0_11001">and, 0, 0, 2, 1, 1</column>
<column name="ap_block_state3_pp0_stage0_iter1">and, 0, 0, 2, 1, 1</column>
<column name="icmp_ln861_fu_117_p2">icmp, 0, 0, 13, 8, 9</column>
<column name="icmp_ln863_fu_135_p2">icmp, 0, 0, 11, 5, 6</column>
<column name="select_ln544_21_fu_149_p3">select, 0, 0, 4, 1, 4</column>
<column name="select_ln544_fu_141_p3">select, 0, 0, 5, 1, 1</column>
<column name="ap_enable_pp0">xor, 0, 0, 2, 1, 2</column>
<column name="ap_enable_reg_pp0_iter1">xor, 0, 0, 2, 2, 1</column>
</table>
</item>
<item name = "Multiplexer"><table name="" hasTotal="1">
<keys size="5">Name, LUT, Input Size, Bits, Total Bits</keys>
<column name="ap_NS_fsm">21, 4, 1, 4</column>
<column name="ap_enable_reg_pp0_iter1">15, 3, 1, 3</column>
<column name="ap_phi_mux_p_068_0_0_phi_fu_99_p4">9, 2, 4, 8</column>
<column name="fifo_C_in_V_V_blk_n">9, 2, 1, 2</column>
<column name="indvar_flatten_reg_84">9, 2, 8, 16</column>
<column name="p_058_0_0_reg_106">9, 2, 5, 10</column>
<column name="p_068_0_0_reg_95">9, 2, 4, 8</column>
</table>
</item>
<item name = "Register"><table name="" hasTotal="1">
<keys size="5">Name, FF, LUT, Bits, Const Bits</keys>
<column name="ap_CS_fsm">3, 0, 3, 0</column>
<column name="ap_enable_reg_pp0_iter0">1, 0, 1, 0</column>
<column name="ap_enable_reg_pp0_iter1">1, 0, 1, 0</column>
<column name="icmp_ln861_reg_188">1, 0, 1, 0</column>
<column name="indvar_flatten_reg_84">8, 0, 8, 0</column>
<column name="p_058_0_0_reg_106">5, 0, 5, 0</column>
<column name="p_068_0_0_reg_95">4, 0, 4, 0</column>
<column name="select_ln544_21_reg_202">4, 0, 4, 0</column>
<column name="select_ln544_reg_197">5, 0, 5, 0</column>
</table>
</item>
</section>
</item>
</section>

<section name = "Interface" level="0">
<item name = "Summary"><table name="" hasTotal="0">
<keys size="6">RTL Ports, Dir, Bits, Protocol, Source Object, C Type</keys>
<column name="ap_clk">in, 1, ap_ctrl_hs, C_IO_L2_in_inter_trans_boundary, return value</column>
<column name="ap_rst">in, 1, ap_ctrl_hs, C_IO_L2_in_inter_trans_boundary, return value</column>
<column name="ap_start">in, 1, ap_ctrl_hs, C_IO_L2_in_inter_trans_boundary, return value</column>
<column name="ap_done">out, 1, ap_ctrl_hs, C_IO_L2_in_inter_trans_boundary, return value</column>
<column name="ap_idle">out, 1, ap_ctrl_hs, C_IO_L2_in_inter_trans_boundary, return value</column>
<column name="ap_ready">out, 1, ap_ctrl_hs, C_IO_L2_in_inter_trans_boundary, return value</column>
<column name="local_C_V_address1">out, 7, ap_memory, local_C_V, array</column>
<column name="local_C_V_ce1">out, 1, ap_memory, local_C_V, array</column>
<column name="local_C_V_we1">out, 1, ap_memory, local_C_V, array</column>
<column name="local_C_V_d1">out, 512, ap_memory, local_C_V, array</column>
<column name="fifo_C_in_V_V_dout">in, 512, ap_fifo, fifo_C_in_V_V, pointer</column>
<column name="fifo_C_in_V_V_empty_n">in, 1, ap_fifo, fifo_C_in_V_V, pointer</column>
<column name="fifo_C_in_V_V_read">out, 1, ap_fifo, fifo_C_in_V_V, pointer</column>
</table>
</item>
</section>
</profile>
