<stg><name>D_drain_IO_L2_out493</name>


<trans_list>

<trans id="61" from="1" to="2">
<condition id="-1">
<or_exp><and_exp></and_exp></or_exp>
</condition>
</trans>

<trans id="62" from="2" to="3">
<condition id="-1">
<or_exp><and_exp><literal name="icmp_ln1475" val="0"/>
<literal name="icmp_ln879" val="0"/>
</and_exp></or_exp>
</condition>
</trans>

<trans id="66" from="2" to="6">
<condition id="-1">
<or_exp><and_exp><literal name="icmp_ln1475" val="0"/>
<literal name="icmp_ln879" val="1"/>
</and_exp></or_exp>
</condition>
</trans>

<trans id="73" from="3" to="5">
<condition id="-1">
<or_exp><and_exp><literal name="icmp_ln1499" val="1"/>
</and_exp></or_exp>
</condition>
</trans>

<trans id="74" from="3" to="4">
<condition id="-1">
<or_exp><and_exp><literal name="icmp_ln1499" val="0"/>
</and_exp></or_exp>
</condition>
</trans>

<trans id="72" from="4" to="3">
<condition id="-1">
<or_exp><and_exp></and_exp></or_exp>
</condition>
</trans>

<trans id="70" from="5" to="2">
<condition id="-1">
<or_exp><and_exp></and_exp></or_exp>
</condition>
</trans>

<trans id="77" from="6" to="5">
<condition id="-1">
<or_exp><and_exp><literal name="icmp_ln1482" val="1"/>
</and_exp></or_exp>
</condition>
</trans>

<trans id="78" from="6" to="7">
<condition id="-1">
<or_exp><and_exp><literal name="icmp_ln1482" val="0"/>
</and_exp></or_exp>
</condition>
</trans>

<trans id="76" from="7" to="6">
<condition id="-1">
<or_exp><and_exp></and_exp></or_exp>
</condition>
</trans>
</trans_list>



<state_list>

<state id="1" st_id="1">

<operation id="8" st_id="1" stage="1" lat="1">
<core>NULL</core>
<MemPortIdVec></MemPortIdVec>
<condition id="-1">
<or_exp><and_exp></and_exp></or_exp>
</condition>

<Node id="4" bw="0" op_0_bw="0" op_1_bw="128" op_2_bw="0" op_3_bw="32" op_4_bw="32" op_5_bw="0" op_6_bw="32" op_7_bw="32" op_8_bw="0" op_9_bw="0" op_10_bw="0" op_11_bw="32" op_12_bw="32" op_13_bw="32" op_14_bw="32" op_15_bw="0" op_16_bw="0">
<![CDATA[
:0  call void (...)* @_ssdm_op_SpecInterface(i128* %fifo_D_drain_in_V_V, [8 x i8]* @ap_fifo_str, i32 0, i32 0, [1 x i8]* @p_str, i32 0, i32 0, [1 x i8]* @p_str, [1 x i8]* @p_str, [1 x i8]* @p_str, i32 2, i32 2, i32 16, i32 16, [1 x i8]* @p_str, [1 x i8]* @p_str)

]]></Node>
<StgValue><ssdm name="specinterface_ln0"/></StgValue>
</operation>

<operation id="9" st_id="1" stage="1" lat="1">
<core>NULL</core>
<MemPortIdVec></MemPortIdVec>
<condition id="-1">
<or_exp><and_exp></and_exp></or_exp>
</condition>

<Node id="5" bw="0" op_0_bw="0" op_1_bw="128" op_2_bw="0" op_3_bw="32" op_4_bw="32" op_5_bw="0" op_6_bw="32" op_7_bw="32" op_8_bw="0" op_9_bw="0" op_10_bw="0" op_11_bw="32" op_12_bw="32" op_13_bw="32" op_14_bw="32" op_15_bw="0" op_16_bw="0">
<![CDATA[
:1  call void (...)* @_ssdm_op_SpecInterface(i128* %fifo_D_drain_out_V_V, [8 x i8]* @ap_fifo_str, i32 0, i32 0, [1 x i8]* @p_str, i32 0, i32 0, [1 x i8]* @p_str, [1 x i8]* @p_str, [1 x i8]* @p_str, i32 2, i32 2, i32 16, i32 16, [1 x i8]* @p_str, [1 x i8]* @p_str)

]]></Node>
<StgValue><ssdm name="specinterface_ln0"/></StgValue>
</operation>

<operation id="10" st_id="1" stage="1" lat="1">
<core>NULL</core>
<MemPortIdVec></MemPortIdVec>
<condition id="-1">
<or_exp><and_exp></and_exp></or_exp>
</condition>

<Node id="6" bw="0" op_0_bw="0" op_1_bw="128" op_2_bw="0" op_3_bw="32" op_4_bw="32" op_5_bw="0" op_6_bw="32" op_7_bw="32" op_8_bw="0" op_9_bw="0" op_10_bw="0" op_11_bw="32" op_12_bw="32" op_13_bw="32" op_14_bw="32" op_15_bw="0" op_16_bw="0">
<![CDATA[
:2  call void (...)* @_ssdm_op_SpecInterface(i128* %fifo_D_drain_local_in_V_V, [8 x i8]* @ap_fifo_str, i32 0, i32 0, [1 x i8]* @p_str, i32 0, i32 0, [1 x i8]* @p_str, [1 x i8]* @p_str, [1 x i8]* @p_str, i32 2, i32 2, i32 16, i32 16, [1 x i8]* @p_str, [1 x i8]* @p_str)

]]></Node>
<StgValue><ssdm name="specinterface_ln0"/></StgValue>
</operation>

<operation id="11" st_id="1" stage="1" lat="1">
<core>NULL</core>
<MemPortIdVec></MemPortIdVec>
<condition id="-1">
<or_exp><and_exp></and_exp></or_exp>
</condition>

<Node id="7" bw="0" op_0_bw="0" op_1_bw="128" op_2_bw="0" op_3_bw="0" op_4_bw="0" op_5_bw="32" op_6_bw="0" op_7_bw="0" op_8_bw="0" op_9_bw="0" op_10_bw="0">
<![CDATA[
:3  call void (...)* @_ssdm_op_SpecMemCore(i128* %fifo_D_drain_in_V_V, [1 x i8]* @p_str, [9 x i8]* @p_str50, [1 x i8]* @p_str, i32 -1, [1 x i8]* @p_str, [1 x i8]* @p_str, [1 x i8]* @p_str, [1 x i8]* @p_str, [1 x i8]* @p_str)

]]></Node>
<StgValue><ssdm name="specmemcore_ln0"/></StgValue>
</operation>

<operation id="12" st_id="1" stage="1" lat="1">
<core>NULL</core>
<MemPortIdVec></MemPortIdVec>
<condition id="-1">
<or_exp><and_exp></and_exp></or_exp>
</condition>

<Node id="8" bw="0" op_0_bw="0" op_1_bw="128" op_2_bw="0" op_3_bw="0" op_4_bw="0" op_5_bw="32" op_6_bw="0" op_7_bw="0" op_8_bw="0" op_9_bw="0" op_10_bw="0">
<![CDATA[
:4  call void (...)* @_ssdm_op_SpecMemCore(i128* %fifo_D_drain_out_V_V, [1 x i8]* @p_str, [9 x i8]* @p_str50, [1 x i8]* @p_str, i32 -1, [1 x i8]* @p_str, [1 x i8]* @p_str, [1 x i8]* @p_str, [1 x i8]* @p_str, [1 x i8]* @p_str)

]]></Node>
<StgValue><ssdm name="specmemcore_ln0"/></StgValue>
</operation>

<operation id="13" st_id="1" stage="1" lat="1">
<core>NULL</core>
<MemPortIdVec></MemPortIdVec>
<condition id="-1">
<or_exp><and_exp></and_exp></or_exp>
</condition>

<Node id="9" bw="0" op_0_bw="0" op_1_bw="128" op_2_bw="0" op_3_bw="0" op_4_bw="0" op_5_bw="32" op_6_bw="0" op_7_bw="0" op_8_bw="0" op_9_bw="0" op_10_bw="0">
<![CDATA[
:5  call void (...)* @_ssdm_op_SpecMemCore(i128* %fifo_D_drain_local_in_V_V, [1 x i8]* @p_str, [9 x i8]* @p_str50, [1 x i8]* @p_str, i32 -1, [1 x i8]* @p_str, [1 x i8]* @p_str, [1 x i8]* @p_str, [1 x i8]* @p_str, [1 x i8]* @p_str)

]]></Node>
<StgValue><ssdm name="specmemcore_ln0"/></StgValue>
</operation>

<operation id="14" st_id="1" stage="1" lat="1">
<core>NULL</core>
<MemPortIdVec></MemPortIdVec>
<condition id="-1">
<or_exp><and_exp></and_exp></or_exp>
</condition>

<Node id="10" bw="0" op_0_bw="0">
<![CDATA[
:6  br label %.preheader313

]]></Node>
<StgValue><ssdm name="br_ln1475"/></StgValue>
</operation>
</state>

<state id="2" st_id="2">

<operation id="15" st_id="2" stage="1" lat="1">
<core>NULL</core>
<MemPortIdVec></MemPortIdVec>
<condition id="-1">
<or_exp><and_exp></and_exp></or_exp>
</condition>

<Node id="12" bw="5" op_0_bw="5" op_1_bw="0" op_2_bw="5" op_3_bw="0">
<![CDATA[
.preheader313:0  %indvar_flatten49 = phi i5 [ 0, %0 ], [ %add_ln1475, %.loopexit ]

]]></Node>
<StgValue><ssdm name="indvar_flatten49"/></StgValue>
</operation>

<operation id="16" st_id="2" stage="1" lat="1">
<core>NULL</core>
<MemPortIdVec></MemPortIdVec>
<condition id="-1">
<or_exp><and_exp></and_exp></or_exp>
</condition>

<Node id="13" bw="5" op_0_bw="5" op_1_bw="0" op_2_bw="5" op_3_bw="0">
<![CDATA[
.preheader313:1  %indvar_flatten37 = phi i5 [ 0, %0 ], [ %select_ln1476, %.loopexit ]

]]></Node>
<StgValue><ssdm name="indvar_flatten37"/></StgValue>
</operation>

<operation id="17" st_id="2" stage="1" lat="1">
<core>NULL</core>
<MemPortIdVec></MemPortIdVec>
<condition id="-1">
<or_exp><and_exp></and_exp></or_exp>
</condition>

<Node id="14" bw="5" op_0_bw="5" op_1_bw="0" op_2_bw="5" op_3_bw="0">
<![CDATA[
.preheader313:2  %p_026_0 = phi i5 [ 10, %0 ], [ %c3_V, %.loopexit ]

]]></Node>
<StgValue><ssdm name="p_026_0"/></StgValue>
</operation>

<operation id="18" st_id="2" stage="1" lat="1">
<core>Cmp</core>
<MemPortIdVec></MemPortIdVec>
<condition id="-1">
<or_exp><and_exp></and_exp></or_exp>
</condition>

<Node id="15" bw="1" op_0_bw="5" op_1_bw="5">
<![CDATA[
.preheader313:3  %icmp_ln1475 = icmp eq i5 %indvar_flatten49, -8

]]></Node>
<StgValue><ssdm name="icmp_ln1475"/></StgValue>
</operation>

<operation id="19" st_id="2" stage="1" lat="1">
<core>AddSub</core>
<MemPortIdVec></MemPortIdVec>
<condition id="-1">
<or_exp><and_exp></and_exp></or_exp>
</condition>

<Node id="16" bw="5" op_0_bw="5" op_1_bw="5">
<![CDATA[
.preheader313:4  %add_ln1475 = add i5 %indvar_flatten49, 1

]]></Node>
<StgValue><ssdm name="add_ln1475"/></StgValue>
</operation>

<operation id="20" st_id="2" stage="1" lat="1">
<core>NULL</core>
<MemPortIdVec></MemPortIdVec>
<condition id="-1">
<or_exp><and_exp></and_exp></or_exp>
</condition>

<Node id="17" bw="0" op_0_bw="1" op_1_bw="0" op_2_bw="0">
<![CDATA[
.preheader313:5  br i1 %icmp_ln1475, label %1, label %.preheader310.preheader

]]></Node>
<StgValue><ssdm name="br_ln1475"/></StgValue>
</operation>

<operation id="21" st_id="2" stage="1" lat="1">
<core>NULL</core>
<MemPortIdVec></MemPortIdVec>
<condition id="-1">
<or_exp><and_exp><literal name="icmp_ln1475" val="0"/>
</and_exp></or_exp>
</condition>

<Node id="19" bw="32" op_0_bw="32" op_1_bw="64" op_2_bw="64" op_3_bw="64">
<![CDATA[
.preheader310.preheader:0  %empty_856 = call i32 (...)* @_ssdm_op_SpecLoopTripCount(i64 24, i64 24, i64 24)

]]></Node>
<StgValue><ssdm name="empty_856"/></StgValue>
</operation>

<operation id="22" st_id="2" stage="1" lat="1">
<core>Cmp</core>
<MemPortIdVec></MemPortIdVec>
<condition id="-1">
<or_exp><and_exp><literal name="icmp_ln1475" val="0"/>
</and_exp></or_exp>
</condition>

<Node id="20" bw="1" op_0_bw="5" op_1_bw="5">
<![CDATA[
.preheader310.preheader:1  %icmp_ln1476 = icmp eq i5 %indvar_flatten37, 12

]]></Node>
<StgValue><ssdm name="icmp_ln1476"/></StgValue>
</operation>

<operation id="23" st_id="2" stage="1" lat="1">
<core>LogicGate</core>
<MemPortIdVec></MemPortIdVec>
<condition id="-1">
<or_exp><and_exp><literal name="icmp_ln1475" val="0"/>
</and_exp></or_exp>
</condition>

<Node id="21" bw="1" op_0_bw="1" op_1_bw="1">
<![CDATA[
.preheader310.preheader:2  %xor_ln1476 = xor i1 %icmp_ln1476, true

]]></Node>
<StgValue><ssdm name="xor_ln1476"/></StgValue>
</operation>

<operation id="24" st_id="2" stage="1" lat="1">
<core>Cmp</core>
<MemPortIdVec></MemPortIdVec>
<condition id="-1">
<or_exp><and_exp><literal name="icmp_ln1475" val="0"/>
</and_exp></or_exp>
</condition>

<Node id="22" bw="1" op_0_bw="5" op_1_bw="5">
<![CDATA[
.preheader310.preheader:3  %icmp_ln1479 = icmp eq i5 %p_026_0, -16

]]></Node>
<StgValue><ssdm name="icmp_ln1479"/></StgValue>
</operation>

<operation id="25" st_id="2" stage="1" lat="1">
<core>LogicGate</core>
<MemPortIdVec></MemPortIdVec>
<condition id="-1">
<or_exp><and_exp><literal name="icmp_ln1475" val="0"/>
</and_exp></or_exp>
</condition>

<Node id="23" bw="1" op_0_bw="1" op_1_bw="1">
<![CDATA[
.preheader310.preheader:4  %and_ln1476 = and i1 %icmp_ln1479, %xor_ln1476

]]></Node>
<StgValue><ssdm name="and_ln1476"/></StgValue>
</operation>

<operation id="26" st_id="2" stage="1" lat="1">
<core>LogicGate</core>
<MemPortIdVec></MemPortIdVec>
<condition id="-1">
<or_exp><and_exp><literal name="icmp_ln1475" val="0"/>
</and_exp></or_exp>
</condition>

<Node id="24" bw="1" op_0_bw="1" op_1_bw="1">
<![CDATA[
.preheader310.preheader:5  %or_ln1479 = or i1 %and_ln1476, %icmp_ln1476

]]></Node>
<StgValue><ssdm name="or_ln1479"/></StgValue>
</operation>

<operation id="27" st_id="2" stage="1" lat="1">
<core>Sel</core>
<MemPortIdVec></MemPortIdVec>
<condition id="-1">
<or_exp><and_exp><literal name="icmp_ln1475" val="0"/>
</and_exp></or_exp>
</condition>

<Node id="25" bw="5" op_0_bw="1" op_1_bw="5" op_2_bw="5">
<![CDATA[
.preheader310.preheader:6  %select_ln1479 = select i1 %or_ln1479, i5 10, i5 %p_026_0

]]></Node>
<StgValue><ssdm name="select_ln1479"/></StgValue>
</operation>

<operation id="28" st_id="2" stage="1" lat="1">
<core>Cmp</core>
<MemPortIdVec></MemPortIdVec>
<condition id="-1">
<or_exp><and_exp><literal name="icmp_ln1475" val="0"/>
</and_exp></or_exp>
</condition>

<Node id="26" bw="1" op_0_bw="5" op_1_bw="5">
<![CDATA[
.preheader310.preheader:7  %icmp_ln879 = icmp eq i5 %select_ln1479, 10

]]></Node>
<StgValue><ssdm name="icmp_ln879"/></StgValue>
</operation>

<operation id="29" st_id="2" stage="1" lat="1">
<core>NULL</core>
<MemPortIdVec></MemPortIdVec>
<condition id="-1">
<or_exp><and_exp><literal name="icmp_ln1475" val="0"/>
</and_exp></or_exp>
</condition>

<Node id="27" bw="0" op_0_bw="1" op_1_bw="0" op_2_bw="0">
<![CDATA[
.preheader310.preheader:8  br i1 %icmp_ln879, label %.preheader306.preheader, label %.preheader.preheader

]]></Node>
<StgValue><ssdm name="br_ln1481"/></StgValue>
</operation>

<operation id="30" st_id="2" stage="1" lat="1">
<core>NULL</core>
<MemPortIdVec></MemPortIdVec>
<condition id="-1">
<or_exp><and_exp><literal name="icmp_ln1475" val="0"/>
<literal name="icmp_ln879" val="0"/>
</and_exp></or_exp>
</condition>

<Node id="29" bw="0" op_0_bw="0">
<![CDATA[
.preheader.preheader:0  br label %.preheader

]]></Node>
<StgValue><ssdm name="br_ln1499"/></StgValue>
</operation>

<operation id="31" st_id="2" stage="1" lat="1">
<core>NULL</core>
<MemPortIdVec></MemPortIdVec>
<condition id="-1">
<or_exp><and_exp><literal name="icmp_ln1475" val="0"/>
<literal name="icmp_ln879" val="1"/>
</and_exp></or_exp>
</condition>

<Node id="46" bw="0" op_0_bw="0">
<![CDATA[
.preheader306.preheader:0  br label %.preheader306

]]></Node>
<StgValue><ssdm name="br_ln1482"/></StgValue>
</operation>

<operation id="32" st_id="2" stage="1" lat="1">
<core>NULL</core>
<MemPortIdVec></MemPortIdVec>
<condition id="-1">
<or_exp><and_exp><literal name="icmp_ln1475" val="1"/>
</and_exp></or_exp>
</condition>

<Node id="68" bw="0">
<![CDATA[
:0  ret void

]]></Node>
<StgValue><ssdm name="ret_ln1518"/></StgValue>
</operation>
</state>

<state id="3" st_id="3">

<operation id="33" st_id="3" stage="1" lat="1">
<core>NULL</core>
<MemPortIdVec></MemPortIdVec>
<condition id="-1">
<or_exp><and_exp></and_exp></or_exp>
</condition>

<Node id="31" bw="9" op_0_bw="9" op_1_bw="0" op_2_bw="9" op_3_bw="0">
<![CDATA[
.preheader:0  %indvar_flatten30 = phi i9 [ %add_ln1499, %hls_label_35 ], [ 0, %.preheader.preheader ]

]]></Node>
<StgValue><ssdm name="indvar_flatten30"/></StgValue>
</operation>

<operation id="34" st_id="3" stage="1" lat="1">
<core>Cmp</core>
<MemPortIdVec></MemPortIdVec>
<condition id="-1">
<or_exp><and_exp></and_exp></or_exp>
</condition>

<Node id="32" bw="1" op_0_bw="9" op_1_bw="9">
<![CDATA[
.preheader:1  %icmp_ln1499 = icmp eq i9 %indvar_flatten30, -256

]]></Node>
<StgValue><ssdm name="icmp_ln1499"/></StgValue>
</operation>

<operation id="35" st_id="3" stage="1" lat="1">
<core>AddSub</core>
<MemPortIdVec></MemPortIdVec>
<condition id="-1">
<or_exp><and_exp></and_exp></or_exp>
</condition>

<Node id="33" bw="9" op_0_bw="9" op_1_bw="9">
<![CDATA[
.preheader:2  %add_ln1499 = add i9 %indvar_flatten30, 1

]]></Node>
<StgValue><ssdm name="add_ln1499"/></StgValue>
</operation>

<operation id="36" st_id="3" stage="1" lat="1">
<core>NULL</core>
<MemPortIdVec></MemPortIdVec>
<condition id="-1">
<or_exp><and_exp></and_exp></or_exp>
</condition>

<Node id="34" bw="0" op_0_bw="1" op_1_bw="0" op_2_bw="0">
<![CDATA[
.preheader:3  br i1 %icmp_ln1499, label %.loopexit.loopexit, label %hls_label_35

]]></Node>
<StgValue><ssdm name="br_ln1499"/></StgValue>
</operation>
</state>

<state id="4" st_id="4">

<operation id="37" st_id="4" stage="1" lat="1">
<core>NULL</core>
<MemPortIdVec></MemPortIdVec>
<condition id="-1">
<or_exp><and_exp><literal name="icmp_ln1499" val="0"/>
</and_exp></or_exp>
</condition>

<Node id="36" bw="32" op_0_bw="32" op_1_bw="64" op_2_bw="64" op_3_bw="64">
<![CDATA[
hls_label_35:0  %empty_854 = call i32 (...)* @_ssdm_op_SpecLoopTripCount(i64 256, i64 256, i64 256)

]]></Node>
<StgValue><ssdm name="empty_854"/></StgValue>
</operation>

<operation id="38" st_id="4" stage="1" lat="1">
<core>NULL</core>
<MemPortIdVec></MemPortIdVec>
<condition id="-1">
<or_exp><and_exp><literal name="icmp_ln1499" val="0"/>
</and_exp></or_exp>
</condition>

<Node id="37" bw="32" op_0_bw="32" op_1_bw="0">
<![CDATA[
hls_label_35:1  %tmp_s = call i32 (...)* @_ssdm_op_SpecRegionBegin([13 x i8]* @p_str38)

]]></Node>
<StgValue><ssdm name="tmp_s"/></StgValue>
</operation>

<operation id="39" st_id="4" stage="1" lat="1">
<core>NULL</core>
<MemPortIdVec></MemPortIdVec>
<condition id="-1">
<or_exp><and_exp><literal name="icmp_ln1499" val="0"/>
</and_exp></or_exp>
</condition>

<Node id="38" bw="0" op_0_bw="0" op_1_bw="32" op_2_bw="32" op_3_bw="32" op_4_bw="32" op_5_bw="0">
<![CDATA[
hls_label_35:2  call void (...)* @_ssdm_op_SpecPipeline(i32 1, i32 1, i32 1, i32 0, [1 x i8]* @p_str) nounwind

]]></Node>
<StgValue><ssdm name="specpipeline_ln1504"/></StgValue>
</operation>

<operation id="40" st_id="4" stage="1" lat="1">
<core>FIFO_SRL</core>
<MemPortIdVec></MemPortIdVec>
<condition id="-1">
<or_exp><and_exp><literal name="icmp_ln1499" val="0"/>
</and_exp></or_exp>
</condition>

<Node id="39" bw="128" op_0_bw="128" op_1_bw="128">
<![CDATA[
hls_label_35:3  %tmp_V_26 = call i128 @_ssdm_op_Read.ap_fifo.volatile.i128P(i128* %fifo_D_drain_in_V_V)

]]></Node>
<StgValue><ssdm name="tmp_V_26"/></StgValue>
</operation>

<operation id="41" st_id="4" stage="1" lat="1">
<core>FIFO_SRL</core>
<MemPortIdVec></MemPortIdVec>
<condition id="-1">
<or_exp><and_exp><literal name="icmp_ln1499" val="0"/>
</and_exp></or_exp>
</condition>

<Node id="40" bw="0" op_0_bw="0" op_1_bw="128" op_2_bw="128">
<![CDATA[
hls_label_35:4  call void @_ssdm_op_Write.ap_fifo.volatile.i128P(i128* %fifo_D_drain_out_V_V, i128 %tmp_V_26)

]]></Node>
<StgValue><ssdm name="write_ln1510"/></StgValue>
</operation>

<operation id="42" st_id="4" stage="1" lat="1">
<core>NULL</core>
<MemPortIdVec></MemPortIdVec>
<condition id="-1">
<or_exp><and_exp><literal name="icmp_ln1499" val="0"/>
</and_exp></or_exp>
</condition>

<Node id="41" bw="32" op_0_bw="32" op_1_bw="0" op_2_bw="32">
<![CDATA[
hls_label_35:5  %empty_855 = call i32 (...)* @_ssdm_op_SpecRegionEnd([13 x i8]* @p_str38, i32 %tmp_s)

]]></Node>
<StgValue><ssdm name="empty_855"/></StgValue>
</operation>

<operation id="43" st_id="4" stage="1" lat="1">
<core>NULL</core>
<MemPortIdVec></MemPortIdVec>
<condition id="-1">
<or_exp><and_exp><literal name="icmp_ln1499" val="0"/>
</and_exp></or_exp>
</condition>

<Node id="42" bw="0" op_0_bw="0">
<![CDATA[
hls_label_35:6  br label %.preheader

]]></Node>
<StgValue><ssdm name="br_ln1503"/></StgValue>
</operation>
</state>

<state id="5" st_id="5">

<operation id="44" st_id="5" stage="1" lat="1">
<core>NULL</core>
<MemPortIdVec></MemPortIdVec>
<condition id="-1">
<or_exp><and_exp><literal name="icmp_ln879" val="0"/>
</and_exp></or_exp>
</condition>

<Node id="44" bw="0" op_0_bw="0">
<![CDATA[
.loopexit.loopexit:0  br label %.loopexit

]]></Node>
<StgValue><ssdm name="br_ln0"/></StgValue>
</operation>

<operation id="45" st_id="5" stage="1" lat="1">
<core>NULL</core>
<MemPortIdVec></MemPortIdVec>
<condition id="-1">
<or_exp><and_exp><literal name="icmp_ln879" val="1"/>
</and_exp></or_exp>
</condition>

<Node id="61" bw="0" op_0_bw="0">
<![CDATA[
.loopexit.loopexit59:0  br label %.loopexit

]]></Node>
<StgValue><ssdm name="br_ln0"/></StgValue>
</operation>

<operation id="46" st_id="5" stage="1" lat="1">
<core>AddSub</core>
<MemPortIdVec></MemPortIdVec>
<condition id="-1">
<or_exp><and_exp></and_exp></or_exp>
</condition>

<Node id="63" bw="5" op_0_bw="5" op_1_bw="5">
<![CDATA[
.loopexit:0  %c3_V = add i5 %select_ln1479, 1

]]></Node>
<StgValue><ssdm name="c3_V"/></StgValue>
</operation>

<operation id="47" st_id="5" stage="1" lat="1">
<core>AddSub</core>
<MemPortIdVec></MemPortIdVec>
<condition id="-1">
<or_exp><and_exp><literal name="icmp_ln1476" val="0"/>
</and_exp></or_exp>
</condition>

<Node id="64" bw="5" op_0_bw="5" op_1_bw="5">
<![CDATA[
.loopexit:1  %add_ln1476 = add i5 %indvar_flatten37, 1

]]></Node>
<StgValue><ssdm name="add_ln1476"/></StgValue>
</operation>

<operation id="48" st_id="5" stage="1" lat="1">
<core>Sel</core>
<MemPortIdVec></MemPortIdVec>
<condition id="-1">
<or_exp><and_exp></and_exp></or_exp>
</condition>

<Node id="65" bw="5" op_0_bw="1" op_1_bw="5" op_2_bw="5">
<![CDATA[
.loopexit:2  %select_ln1476 = select i1 %icmp_ln1476, i5 1, i5 %add_ln1476

]]></Node>
<StgValue><ssdm name="select_ln1476"/></StgValue>
</operation>

<operation id="49" st_id="5" stage="1" lat="1">
<core>NULL</core>
<MemPortIdVec></MemPortIdVec>
<condition id="-1">
<or_exp><and_exp></and_exp></or_exp>
</condition>

<Node id="66" bw="0" op_0_bw="0">
<![CDATA[
.loopexit:3  br label %.preheader313

]]></Node>
<StgValue><ssdm name="br_ln1479"/></StgValue>
</operation>
</state>

<state id="6" st_id="6">

<operation id="50" st_id="6" stage="1" lat="1">
<core>NULL</core>
<MemPortIdVec></MemPortIdVec>
<condition id="-1">
<or_exp><and_exp></and_exp></or_exp>
</condition>

<Node id="48" bw="9" op_0_bw="9" op_1_bw="0" op_2_bw="9" op_3_bw="0">
<![CDATA[
.preheader306:0  %indvar_flatten11 = phi i9 [ %add_ln1482, %hls_label_34 ], [ 0, %.preheader306.preheader ]

]]></Node>
<StgValue><ssdm name="indvar_flatten11"/></StgValue>
</operation>

<operation id="51" st_id="6" stage="1" lat="1">
<core>Cmp</core>
<MemPortIdVec></MemPortIdVec>
<condition id="-1">
<or_exp><and_exp></and_exp></or_exp>
</condition>

<Node id="49" bw="1" op_0_bw="9" op_1_bw="9">
<![CDATA[
.preheader306:1  %icmp_ln1482 = icmp eq i9 %indvar_flatten11, -256

]]></Node>
<StgValue><ssdm name="icmp_ln1482"/></StgValue>
</operation>

<operation id="52" st_id="6" stage="1" lat="1">
<core>AddSub</core>
<MemPortIdVec></MemPortIdVec>
<condition id="-1">
<or_exp><and_exp></and_exp></or_exp>
</condition>

<Node id="50" bw="9" op_0_bw="9" op_1_bw="9">
<![CDATA[
.preheader306:2  %add_ln1482 = add i9 %indvar_flatten11, 1

]]></Node>
<StgValue><ssdm name="add_ln1482"/></StgValue>
</operation>

<operation id="53" st_id="6" stage="1" lat="1">
<core>NULL</core>
<MemPortIdVec></MemPortIdVec>
<condition id="-1">
<or_exp><and_exp></and_exp></or_exp>
</condition>

<Node id="51" bw="0" op_0_bw="1" op_1_bw="0" op_2_bw="0">
<![CDATA[
.preheader306:3  br i1 %icmp_ln1482, label %.loopexit.loopexit59, label %hls_label_34

]]></Node>
<StgValue><ssdm name="br_ln1482"/></StgValue>
</operation>
</state>

<state id="7" st_id="7">

<operation id="54" st_id="7" stage="1" lat="1">
<core>NULL</core>
<MemPortIdVec></MemPortIdVec>
<condition id="-1">
<or_exp><and_exp><literal name="icmp_ln1482" val="0"/>
</and_exp></or_exp>
</condition>

<Node id="53" bw="32" op_0_bw="32" op_1_bw="64" op_2_bw="64" op_3_bw="64">
<![CDATA[
hls_label_34:0  %empty = call i32 (...)* @_ssdm_op_SpecLoopTripCount(i64 256, i64 256, i64 256)

]]></Node>
<StgValue><ssdm name="empty"/></StgValue>
</operation>

<operation id="55" st_id="7" stage="1" lat="1">
<core>NULL</core>
<MemPortIdVec></MemPortIdVec>
<condition id="-1">
<or_exp><and_exp><literal name="icmp_ln1482" val="0"/>
</and_exp></or_exp>
</condition>

<Node id="54" bw="32" op_0_bw="32" op_1_bw="0">
<![CDATA[
hls_label_34:1  %tmp = call i32 (...)* @_ssdm_op_SpecRegionBegin([13 x i8]* @p_str37)

]]></Node>
<StgValue><ssdm name="tmp"/></StgValue>
</operation>

<operation id="56" st_id="7" stage="1" lat="1">
<core>NULL</core>
<MemPortIdVec></MemPortIdVec>
<condition id="-1">
<or_exp><and_exp><literal name="icmp_ln1482" val="0"/>
</and_exp></or_exp>
</condition>

<Node id="55" bw="0" op_0_bw="0" op_1_bw="32" op_2_bw="32" op_3_bw="32" op_4_bw="32" op_5_bw="0">
<![CDATA[
hls_label_34:2  call void (...)* @_ssdm_op_SpecPipeline(i32 1, i32 1, i32 1, i32 0, [1 x i8]* @p_str) nounwind

]]></Node>
<StgValue><ssdm name="specpipeline_ln1487"/></StgValue>
</operation>

<operation id="57" st_id="7" stage="1" lat="1">
<core>FIFO_SRL</core>
<MemPortIdVec></MemPortIdVec>
<condition id="-1">
<or_exp><and_exp><literal name="icmp_ln1482" val="0"/>
</and_exp></or_exp>
</condition>

<Node id="56" bw="128" op_0_bw="128" op_1_bw="128">
<![CDATA[
hls_label_34:3  %tmp_V = call i128 @_ssdm_op_Read.ap_fifo.volatile.i128P(i128* %fifo_D_drain_local_in_V_V)

]]></Node>
<StgValue><ssdm name="tmp_V"/></StgValue>
</operation>

<operation id="58" st_id="7" stage="1" lat="1">
<core>FIFO_SRL</core>
<MemPortIdVec></MemPortIdVec>
<condition id="-1">
<or_exp><and_exp><literal name="icmp_ln1482" val="0"/>
</and_exp></or_exp>
</condition>

<Node id="57" bw="0" op_0_bw="0" op_1_bw="128" op_2_bw="128">
<![CDATA[
hls_label_34:4  call void @_ssdm_op_Write.ap_fifo.volatile.i128P(i128* %fifo_D_drain_out_V_V, i128 %tmp_V)

]]></Node>
<StgValue><ssdm name="write_ln1493"/></StgValue>
</operation>

<operation id="59" st_id="7" stage="1" lat="1">
<core>NULL</core>
<MemPortIdVec></MemPortIdVec>
<condition id="-1">
<or_exp><and_exp><literal name="icmp_ln1482" val="0"/>
</and_exp></or_exp>
</condition>

<Node id="58" bw="32" op_0_bw="32" op_1_bw="0" op_2_bw="32">
<![CDATA[
hls_label_34:5  %empty_853 = call i32 (...)* @_ssdm_op_SpecRegionEnd([13 x i8]* @p_str37, i32 %tmp)

]]></Node>
<StgValue><ssdm name="empty_853"/></StgValue>
</operation>

<operation id="60" st_id="7" stage="1" lat="1">
<core>NULL</core>
<MemPortIdVec></MemPortIdVec>
<condition id="-1">
<or_exp><and_exp><literal name="icmp_ln1482" val="0"/>
</and_exp></or_exp>
</condition>

<Node id="59" bw="0" op_0_bw="0">
<![CDATA[
hls_label_34:6  br label %.preheader306

]]></Node>
<StgValue><ssdm name="br_ln1486"/></StgValue>
</operation>
</state>
</state_list>


<ports>
</ports>


<dataflows>
</dataflows>


</stg>
