<stg><name>D_drain_IO_L1_out_boundary_wrapper362</name>


<trans_list>

<trans id="90" from="1" to="2">
<condition id="-1">
<or_exp><and_exp></and_exp></or_exp>
</condition>
</trans>

<trans id="91" from="2" to="3">
<condition id="-1">
<or_exp><and_exp><literal name="icmp_ln1432" val="0"/>
</and_exp></or_exp>
</condition>
</trans>

<trans id="111" from="3" to="6">
<condition id="-1">
<or_exp><and_exp><literal name="icmp_ln1280" val="1"/>
</and_exp></or_exp>
</condition>
</trans>

<trans id="112" from="3" to="4">
<condition id="-1">
<or_exp><and_exp><literal name="icmp_ln1280" val="0"/>
</and_exp></or_exp>
</condition>
</trans>

<trans id="109" from="4" to="5">
<condition id="-1">
<or_exp><and_exp></and_exp></or_exp>
</condition>
</trans>

<trans id="110" from="5" to="3">
<condition id="-1">
<or_exp><and_exp></and_exp></or_exp>
</condition>
</trans>

<trans id="102" from="6" to="7">
<condition id="-1">
<or_exp><and_exp></and_exp></or_exp>
</condition>
</trans>

<trans id="115" from="7" to="9">
<condition id="-1">
<or_exp><and_exp><literal name="icmp_ln1359" val="1"/>
</and_exp></or_exp>
</condition>
</trans>

<trans id="116" from="7" to="8">
<condition id="-1">
<or_exp><and_exp><literal name="icmp_ln1359" val="0"/>
</and_exp></or_exp>
</condition>
</trans>

<trans id="114" from="8" to="7">
<condition id="-1">
<or_exp><and_exp></and_exp></or_exp>
</condition>
</trans>

<trans id="107" from="9" to="2">
<condition id="-1">
<or_exp><and_exp></and_exp></or_exp>
</condition>
</trans>
</trans_list>



<state_list>

<state id="1" st_id="1">

<operation id="10" st_id="1" stage="1" lat="1">
<core>NULL</core>
<MemPortIdVec></MemPortIdVec>
<condition id="-1">
<or_exp><and_exp></and_exp></or_exp>
</condition>

<Node id="3" bw="0" op_0_bw="0" op_1_bw="128" op_2_bw="0" op_3_bw="32" op_4_bw="32" op_5_bw="0" op_6_bw="32" op_7_bw="32" op_8_bw="0" op_9_bw="0" op_10_bw="0" op_11_bw="32" op_12_bw="32" op_13_bw="32" op_14_bw="32" op_15_bw="0" op_16_bw="0">
<![CDATA[
:0  call void (...)* @_ssdm_op_SpecInterface(i128* %fifo_D_drain_out_V_V, [8 x i8]* @ap_fifo_str, i32 0, i32 0, [1 x i8]* @p_str, i32 0, i32 0, [1 x i8]* @p_str, [1 x i8]* @p_str, [1 x i8]* @p_str, i32 2, i32 2, i32 16, i32 16, [1 x i8]* @p_str, [1 x i8]* @p_str)

]]></Node>
<StgValue><ssdm name="specinterface_ln0"/></StgValue>
</operation>

<operation id="11" st_id="1" stage="1" lat="1">
<core>NULL</core>
<MemPortIdVec></MemPortIdVec>
<condition id="-1">
<or_exp><and_exp></and_exp></or_exp>
</condition>

<Node id="4" bw="0" op_0_bw="0" op_1_bw="32" op_2_bw="0" op_3_bw="32" op_4_bw="32" op_5_bw="0" op_6_bw="32" op_7_bw="32" op_8_bw="0" op_9_bw="0" op_10_bw="0" op_11_bw="32" op_12_bw="32" op_13_bw="32" op_14_bw="32" op_15_bw="0" op_16_bw="0">
<![CDATA[
:1  call void (...)* @_ssdm_op_SpecInterface(float* %fifo_D_drain_local_in_V, [8 x i8]* @ap_fifo_str, i32 0, i32 0, [1 x i8]* @p_str, i32 0, i32 0, [1 x i8]* @p_str, [1 x i8]* @p_str, [1 x i8]* @p_str, i32 2, i32 2, i32 16, i32 16, [1 x i8]* @p_str, [1 x i8]* @p_str)

]]></Node>
<StgValue><ssdm name="specinterface_ln0"/></StgValue>
</operation>

<operation id="12" st_id="1" stage="1" lat="1">
<core>NULL</core>
<MemPortIdVec></MemPortIdVec>
<condition id="-1">
<or_exp><and_exp></and_exp></or_exp>
</condition>

<Node id="5" bw="0" op_0_bw="0" op_1_bw="128" op_2_bw="0" op_3_bw="0" op_4_bw="0" op_5_bw="32" op_6_bw="0" op_7_bw="0" op_8_bw="0" op_9_bw="0" op_10_bw="0">
<![CDATA[
:2  call void (...)* @_ssdm_op_SpecMemCore(i128* %fifo_D_drain_out_V_V, [1 x i8]* @p_str, [9 x i8]* @p_str50, [1 x i8]* @p_str, i32 -1, [1 x i8]* @p_str, [1 x i8]* @p_str, [1 x i8]* @p_str, [1 x i8]* @p_str, [1 x i8]* @p_str)

]]></Node>
<StgValue><ssdm name="specmemcore_ln0"/></StgValue>
</operation>

<operation id="13" st_id="1" stage="1" lat="1">
<core>NULL</core>
<MemPortIdVec></MemPortIdVec>
<condition id="-1">
<or_exp><and_exp></and_exp></or_exp>
</condition>

<Node id="6" bw="0" op_0_bw="0" op_1_bw="32" op_2_bw="0" op_3_bw="0" op_4_bw="0" op_5_bw="32" op_6_bw="0" op_7_bw="0" op_8_bw="0" op_9_bw="0" op_10_bw="0">
<![CDATA[
:3  call void (...)* @_ssdm_op_SpecMemCore(float* %fifo_D_drain_local_in_V, [1 x i8]* @p_str, [9 x i8]* @p_str50, [1 x i8]* @p_str, i32 -1, [1 x i8]* @p_str, [1 x i8]* @p_str, [1 x i8]* @p_str, [1 x i8]* @p_str, [1 x i8]* @p_str)

]]></Node>
<StgValue><ssdm name="specmemcore_ln0"/></StgValue>
</operation>

<operation id="14" st_id="1" stage="1" lat="1">
<core>RAM_2P_BRAM</core>
<MemPortIdVec></MemPortIdVec>
<condition id="-1">
<or_exp><and_exp></and_exp></or_exp>
</condition>

<Node id="7" bw="128" op_0_bw="64">
<![CDATA[
:4  %local_D_V = alloca [32 x i128], align 8

]]></Node>
<StgValue><ssdm name="local_D_V"/><MemPortTyVec>1 0 </MemPortTyVec>
</StgValue>
</operation>

<operation id="15" st_id="1" stage="1" lat="1">
<core>NULL</core>
<MemPortIdVec></MemPortIdVec>
<condition id="-1">
<or_exp><and_exp></and_exp></or_exp>
</condition>

<Node id="8" bw="0" op_0_bw="0" op_1_bw="128" op_2_bw="0" op_3_bw="0" op_4_bw="0" op_5_bw="32" op_6_bw="0" op_7_bw="0" op_8_bw="0" op_9_bw="0" op_10_bw="0">
<![CDATA[
:5  call void (...)* @_ssdm_op_SpecMemCore([32 x i128]* %local_D_V, [1 x i8]* @p_str, [12 x i8]* @p_str9, [1 x i8]* @p_str, i32 -1, [1 x i8]* @p_str, [1 x i8]* @p_str, [1 x i8]* @p_str, [1 x i8]* @p_str, [1 x i8]* @p_str)

]]></Node>
<StgValue><ssdm name="specmemcore_ln1429"/></StgValue>
</operation>

<operation id="16" st_id="1" stage="1" lat="1">
<core>NULL</core>
<MemPortIdVec></MemPortIdVec>
<condition id="-1">
<or_exp><and_exp></and_exp></or_exp>
</condition>

<Node id="9" bw="0" op_0_bw="0">
<![CDATA[
:6  br label %.preheader.i

]]></Node>
<StgValue><ssdm name="br_ln1432"/></StgValue>
</operation>
</state>

<state id="2" st_id="2">

<operation id="17" st_id="2" stage="1" lat="1">
<core>NULL</core>
<MemPortIdVec></MemPortIdVec>
<condition id="-1">
<or_exp><and_exp></and_exp></or_exp>
</condition>

<Node id="11" bw="3" op_0_bw="3" op_1_bw="0" op_2_bw="3" op_3_bw="0">
<![CDATA[
.preheader.i:0  %indvar_flatten13 = phi i3 [ 0, %0 ], [ %add_ln1432, %.preheader.i.loopexit ]

]]></Node>
<StgValue><ssdm name="indvar_flatten13"/></StgValue>
</operation>

<operation id="18" st_id="2" stage="1" lat="1">
<core>Cmp</core>
<MemPortIdVec></MemPortIdVec>
<condition id="-1">
<or_exp><and_exp></and_exp></or_exp>
</condition>

<Node id="12" bw="1" op_0_bw="3" op_1_bw="3">
<![CDATA[
.preheader.i:1  %icmp_ln1432 = icmp eq i3 %indvar_flatten13, -4

]]></Node>
<StgValue><ssdm name="icmp_ln1432"/></StgValue>
</operation>

<operation id="19" st_id="2" stage="1" lat="1">
<core>AddSub</core>
<MemPortIdVec></MemPortIdVec>
<condition id="-1">
<or_exp><and_exp></and_exp></or_exp>
</condition>

<Node id="13" bw="3" op_0_bw="3" op_1_bw="3">
<![CDATA[
.preheader.i:2  %add_ln1432 = add i3 %indvar_flatten13, 1

]]></Node>
<StgValue><ssdm name="add_ln1432"/></StgValue>
</operation>

<operation id="20" st_id="2" stage="1" lat="1">
<core>NULL</core>
<MemPortIdVec></MemPortIdVec>
<condition id="-1">
<or_exp><and_exp></and_exp></or_exp>
</condition>

<Node id="14" bw="0" op_0_bw="1" op_1_bw="0" op_2_bw="0">
<![CDATA[
.preheader.i:3  br i1 %icmp_ln1432, label %D_drain_IO_L1_out_boundary.exit, label %.preheader.i.preheader

]]></Node>
<StgValue><ssdm name="br_ln1432"/></StgValue>
</operation>

<operation id="21" st_id="2" stage="1" lat="1">
<core>NULL</core>
<MemPortIdVec></MemPortIdVec>
<condition id="-1">
<or_exp><and_exp><literal name="icmp_ln1432" val="0"/>
</and_exp></or_exp>
</condition>

<Node id="16" bw="32" op_0_bw="32" op_1_bw="64" op_2_bw="64" op_3_bw="64">
<![CDATA[
.preheader.i.preheader:0  %empty_932 = call i32 (...)* @_ssdm_op_SpecLoopTripCount(i64 4, i64 4, i64 4)

]]></Node>
<StgValue><ssdm name="empty_932"/></StgValue>
</operation>

<operation id="22" st_id="2" stage="1" lat="1">
<core>NULL</core>
<MemPortIdVec></MemPortIdVec>
<condition id="-1">
<or_exp><and_exp><literal name="icmp_ln1432" val="0"/>
</and_exp></or_exp>
</condition>

<Node id="17" bw="0" op_0_bw="0">
<![CDATA[
.preheader.i.preheader:1  br label %.preheader.i.i

]]></Node>
<StgValue><ssdm name="br_ln1280"/></StgValue>
</operation>

<operation id="23" st_id="2" stage="1" lat="1">
<core>NULL</core>
<MemPortIdVec></MemPortIdVec>
<condition id="-1">
<or_exp><and_exp><literal name="icmp_ln1432" val="1"/>
</and_exp></or_exp>
</condition>

<Node id="93" bw="0">
<![CDATA[
D_drain_IO_L1_out_boundary.exit:0  ret void

]]></Node>
<StgValue><ssdm name="ret_ln1465"/></StgValue>
</operation>
</state>

<state id="3" st_id="3">

<operation id="24" st_id="3" stage="1" lat="1">
<core>NULL</core>
<MemPortIdVec></MemPortIdVec>
<condition id="-1">
<or_exp><and_exp></and_exp></or_exp>
</condition>

<Node id="19" bw="8" op_0_bw="8" op_1_bw="0" op_2_bw="8" op_3_bw="0">
<![CDATA[
.preheader.i.i:0  %indvar_flatten = phi i8 [ 0, %.preheader.i.preheader ], [ %add_ln1280, %hls_label_29_end ]

]]></Node>
<StgValue><ssdm name="indvar_flatten"/></StgValue>
</operation>

<operation id="25" st_id="3" stage="1" lat="1">
<core>NULL</core>
<MemPortIdVec></MemPortIdVec>
<condition id="-1">
<or_exp><and_exp></and_exp></or_exp>
</condition>

<Node id="20" bw="4" op_0_bw="4" op_1_bw="0" op_2_bw="4" op_3_bw="0">
<![CDATA[
.preheader.i.i:1  %p_062_0_i_i = phi i4 [ 0, %.preheader.i.preheader ], [ %select_ln1371_15, %hls_label_29_end ]

]]></Node>
<StgValue><ssdm name="p_062_0_i_i"/></StgValue>
</operation>

<operation id="26" st_id="3" stage="1" lat="1">
<core>NULL</core>
<MemPortIdVec></MemPortIdVec>
<condition id="-1">
<or_exp><and_exp></and_exp></or_exp>
</condition>

<Node id="21" bw="5" op_0_bw="5" op_1_bw="0" op_2_bw="5" op_3_bw="0">
<![CDATA[
.preheader.i.i:2  %p_076_0_i_i = phi i5 [ 0, %.preheader.i.preheader ], [ %c8_V, %hls_label_29_end ]

]]></Node>
<StgValue><ssdm name="p_076_0_i_i"/></StgValue>
</operation>

<operation id="27" st_id="3" stage="1" lat="1">
<core>Cmp</core>
<MemPortIdVec></MemPortIdVec>
<condition id="-1">
<or_exp><and_exp></and_exp></or_exp>
</condition>

<Node id="22" bw="1" op_0_bw="8" op_1_bw="8">
<![CDATA[
.preheader.i.i:3  %icmp_ln1280 = icmp eq i8 %indvar_flatten, -128

]]></Node>
<StgValue><ssdm name="icmp_ln1280"/></StgValue>
</operation>

<operation id="28" st_id="3" stage="1" lat="1">
<core>AddSub</core>
<MemPortIdVec></MemPortIdVec>
<condition id="-1">
<or_exp><and_exp></and_exp></or_exp>
</condition>

<Node id="23" bw="8" op_0_bw="8" op_1_bw="8">
<![CDATA[
.preheader.i.i:4  %add_ln1280 = add i8 %indvar_flatten, 1

]]></Node>
<StgValue><ssdm name="add_ln1280"/></StgValue>
</operation>

<operation id="29" st_id="3" stage="1" lat="1">
<core>NULL</core>
<MemPortIdVec></MemPortIdVec>
<condition id="-1">
<or_exp><and_exp></and_exp></or_exp>
</condition>

<Node id="24" bw="0" op_0_bw="1" op_1_bw="0" op_2_bw="0">
<![CDATA[
.preheader.i.i:5  br i1 %icmp_ln1280, label %.preheader.i4.i.0.preheader, label %hls_label_29_begin

]]></Node>
<StgValue><ssdm name="br_ln1280"/></StgValue>
</operation>

<operation id="30" st_id="3" stage="1" lat="1">
<core>AddSub</core>
<MemPortIdVec></MemPortIdVec>
<condition id="-1">
<or_exp><and_exp><literal name="icmp_ln1280" val="0"/>
</and_exp></or_exp>
</condition>

<Node id="26" bw="4" op_0_bw="4" op_1_bw="4">
<![CDATA[
hls_label_29_begin:0  %c7_V = add i4 1, %p_062_0_i_i

]]></Node>
<StgValue><ssdm name="c7_V"/></StgValue>
</operation>

<operation id="31" st_id="3" stage="1" lat="1">
<core>Cmp</core>
<MemPortIdVec></MemPortIdVec>
<condition id="-1">
<or_exp><and_exp><literal name="icmp_ln1280" val="0"/>
</and_exp></or_exp>
</condition>

<Node id="28" bw="1" op_0_bw="5" op_1_bw="5">
<![CDATA[
hls_label_29_begin:2  %icmp_ln1282 = icmp eq i5 %p_076_0_i_i, -16

]]></Node>
<StgValue><ssdm name="icmp_ln1282"/></StgValue>
</operation>

<operation id="32" st_id="3" stage="1" lat="1">
<core>Sel</core>
<MemPortIdVec></MemPortIdVec>
<condition id="-1">
<or_exp><and_exp><literal name="icmp_ln1280" val="0"/>
</and_exp></or_exp>
</condition>

<Node id="29" bw="5" op_0_bw="1" op_1_bw="5" op_2_bw="5">
<![CDATA[
hls_label_29_begin:3  %select_ln1371 = select i1 %icmp_ln1282, i5 0, i5 %p_076_0_i_i

]]></Node>
<StgValue><ssdm name="select_ln1371"/></StgValue>
</operation>

<operation id="33" st_id="3" stage="1" lat="1">
<core>Sel</core>
<MemPortIdVec></MemPortIdVec>
<condition id="-1">
<or_exp><and_exp><literal name="icmp_ln1280" val="0"/>
</and_exp></or_exp>
</condition>

<Node id="30" bw="4" op_0_bw="1" op_1_bw="4" op_2_bw="4">
<![CDATA[
hls_label_29_begin:4  %select_ln1371_15 = select i1 %icmp_ln1282, i4 %c7_V, i4 %p_062_0_i_i

]]></Node>
<StgValue><ssdm name="select_ln1371_15"/></StgValue>
</operation>

<operation id="34" st_id="3" stage="1" lat="1">
<core>NULL</core>
<MemPortIdVec></MemPortIdVec>
<condition id="-1">
<or_exp><and_exp><literal name="icmp_ln1280" val="0"/>
</and_exp></or_exp>
</condition>

<Node id="31" bw="1" op_0_bw="1" op_1_bw="4" op_2_bw="32">
<![CDATA[
hls_label_29_begin:5  %tmp = call i1 @_ssdm_op_BitSelect.i1.i4.i32(i4 %select_ln1371_15, i32 2)

]]></Node>
<StgValue><ssdm name="tmp"/></StgValue>
</operation>

<operation id="35" st_id="3" stage="1" lat="1">
<core>NULL</core>
<MemPortIdVec></MemPortIdVec>
<condition id="-1">
<or_exp><and_exp><literal name="icmp_ln1280" val="0"/>
</and_exp></or_exp>
</condition>

<Node id="32" bw="2" op_0_bw="4">
<![CDATA[
hls_label_29_begin:6  %trunc_ln1371 = trunc i4 %select_ln1371_15 to i2

]]></Node>
<StgValue><ssdm name="trunc_ln1371"/></StgValue>
</operation>

<operation id="36" st_id="3" stage="1" lat="1">
<core>NULL</core>
<MemPortIdVec></MemPortIdVec>
<condition id="-1">
<or_exp><and_exp><literal name="icmp_ln1280" val="0"/>
</and_exp></or_exp>
</condition>

<Node id="36" bw="6" op_0_bw="6" op_1_bw="5" op_2_bw="1">
<![CDATA[
hls_label_29_begin:10  %tmp_30 = call i6 @_ssdm_op_BitConcatenate.i6.i5.i1(i5 %select_ln1371, i1 %tmp)

]]></Node>
<StgValue><ssdm name="tmp_30"/></StgValue>
</operation>

<operation id="37" st_id="3" stage="1" lat="1">
<core>NULL</core>
<MemPortIdVec></MemPortIdVec>
<condition id="-1">
<or_exp><and_exp><literal name="icmp_ln1280" val="0"/>
</and_exp></or_exp>
</condition>

<Node id="37" bw="64" op_0_bw="6">
<![CDATA[
hls_label_29_begin:11  %zext_ln321 = zext i6 %tmp_30 to i64

]]></Node>
<StgValue><ssdm name="zext_ln321"/></StgValue>
</operation>

<operation id="38" st_id="3" stage="1" lat="1">
<core>NULL</core>
<MemPortIdVec></MemPortIdVec>
<condition id="-1">
<or_exp><and_exp><literal name="icmp_ln1280" val="0"/>
</and_exp></or_exp>
</condition>

<Node id="38" bw="5" op_0_bw="128" op_1_bw="64" op_2_bw="64">
<![CDATA[
hls_label_29_begin:12  %local_D_V_addr_1 = getelementptr [32 x i128]* %local_D_V, i64 0, i64 %zext_ln321

]]></Node>
<StgValue><ssdm name="local_D_V_addr_1"/></StgValue>
</operation>

<operation id="39" st_id="3" stage="2" lat="2">
<core>RAM_2P_BRAM</core>
<MemPortIdVec>0 </MemPortIdVec>
<condition id="-1">
<or_exp><and_exp><literal name="icmp_ln1280" val="0"/>
</and_exp></or_exp>
</condition>

<Node id="39" bw="128" op_0_bw="5">
<![CDATA[
hls_label_29_begin:13  %out_data_V = load i128* %local_D_V_addr_1, align 16

]]></Node>
<StgValue><ssdm name="out_data_V"/></StgValue>
</operation>

<operation id="40" st_id="3" stage="1" lat="1">
<core>AddSub</core>
<MemPortIdVec></MemPortIdVec>
<condition id="-1">
<or_exp><and_exp><literal name="icmp_ln1280" val="0"/>
</and_exp></or_exp>
</condition>

<Node id="60" bw="5" op_0_bw="5" op_1_bw="5">
<![CDATA[
hls_label_29_end:7  %c8_V = add i5 %select_ln1371, 1

]]></Node>
<StgValue><ssdm name="c8_V"/></StgValue>
</operation>
</state>

<state id="4" st_id="4">

<operation id="41" st_id="4" stage="1" lat="1">
<core>FIFO_SRL</core>
<MemPortIdVec></MemPortIdVec>
<condition id="-1">
<or_exp><and_exp><literal name="icmp_ln1280" val="0"/>
</and_exp></or_exp>
</condition>

<Node id="35" bw="32" op_0_bw="32" op_1_bw="32">
<![CDATA[
hls_label_29_begin:9  %tmp_35 = call float @_ssdm_op_Read.ap_fifo.volatile.floatP(float* %fifo_D_drain_local_in_V)

]]></Node>
<StgValue><ssdm name="tmp_35"/></StgValue>
</operation>

<operation id="42" st_id="4" stage="1" lat="2">
<core>RAM_2P_BRAM</core>
<MemPortIdVec>0 </MemPortIdVec>
<condition id="-1">
<or_exp><and_exp><literal name="icmp_ln1280" val="0"/>
</and_exp></or_exp>
</condition>

<Node id="39" bw="128" op_0_bw="5">
<![CDATA[
hls_label_29_begin:13  %out_data_V = load i128* %local_D_V_addr_1, align 16

]]></Node>
<StgValue><ssdm name="out_data_V"/></StgValue>
</operation>

<operation id="43" st_id="4" stage="1" lat="1">
<core>NULL</core>
<MemPortIdVec></MemPortIdVec>
<condition id="-1">
<or_exp><and_exp><literal name="icmp_ln1280" val="0"/>
</and_exp></or_exp>
</condition>

<Node id="40" bw="32" op_0_bw="128">
<![CDATA[
hls_label_29_begin:14  %data_split_0_V = trunc i128 %out_data_V to i32

]]></Node>
<StgValue><ssdm name="data_split_0_V"/></StgValue>
</operation>

<operation id="44" st_id="4" stage="1" lat="1">
<core>NULL</core>
<MemPortIdVec></MemPortIdVec>
<condition id="-1">
<or_exp><and_exp><literal name="icmp_ln1280" val="0"/>
</and_exp></or_exp>
</condition>

<Node id="41" bw="32" op_0_bw="32" op_1_bw="128" op_2_bw="32" op_3_bw="32">
<![CDATA[
hls_label_29_begin:15  %data_split_1_V = call i32 @_ssdm_op_PartSelect.i32.i128.i32.i32(i128 %out_data_V, i32 32, i32 63)

]]></Node>
<StgValue><ssdm name="data_split_1_V"/></StgValue>
</operation>

<operation id="45" st_id="4" stage="1" lat="1">
<core>NULL</core>
<MemPortIdVec></MemPortIdVec>
<condition id="-1">
<or_exp><and_exp><literal name="icmp_ln1280" val="0"/>
</and_exp></or_exp>
</condition>

<Node id="42" bw="32" op_0_bw="32" op_1_bw="128" op_2_bw="32" op_3_bw="32">
<![CDATA[
hls_label_29_begin:16  %data_split_2_V = call i32 @_ssdm_op_PartSelect.i32.i128.i32.i32(i128 %out_data_V, i32 64, i32 95)

]]></Node>
<StgValue><ssdm name="data_split_2_V"/></StgValue>
</operation>

<operation id="46" st_id="4" stage="1" lat="1">
<core>NULL</core>
<MemPortIdVec></MemPortIdVec>
<condition id="-1">
<or_exp><and_exp><literal name="icmp_ln1280" val="0"/>
</and_exp></or_exp>
</condition>

<Node id="43" bw="32" op_0_bw="32" op_1_bw="128" op_2_bw="32" op_3_bw="32">
<![CDATA[
hls_label_29_begin:17  %data_split_3_V = call i32 @_ssdm_op_PartSelect.i32.i128.i32.i32(i128 %out_data_V, i32 96, i32 127)

]]></Node>
<StgValue><ssdm name="data_split_3_V"/></StgValue>
</operation>

<operation id="47" st_id="4" stage="1" lat="1">
<core>NULL</core>
<MemPortIdVec></MemPortIdVec>
<condition id="-1">
<or_exp><and_exp><literal name="icmp_ln1280" val="0"/>
</and_exp></or_exp>
</condition>

<Node id="44" bw="32" op_0_bw="32">
<![CDATA[
hls_label_29_begin:18  %data_split_0_V_30 = bitcast float %tmp_35 to i32

]]></Node>
<StgValue><ssdm name="data_split_0_V_30"/></StgValue>
</operation>

<operation id="48" st_id="4" stage="1" lat="1">
<core>NULL</core>
<MemPortIdVec></MemPortIdVec>
<condition id="-1">
<or_exp><and_exp><literal name="icmp_ln1280" val="0"/>
</and_exp></or_exp>
</condition>

<Node id="45" bw="0" op_0_bw="2" op_1_bw="0" op_2_bw="2" op_3_bw="0" op_4_bw="2" op_5_bw="0" op_6_bw="2" op_7_bw="0">
<![CDATA[
hls_label_29_begin:19  switch i2 %trunc_ln1371, label %branch3 [
    i2 0, label %hls_label_29_end
    i2 1, label %branch1
    i2 -2, label %branch2
  ]

]]></Node>
<StgValue><ssdm name="switch_ln1298"/></StgValue>
</operation>

<operation id="49" st_id="4" stage="1" lat="1">
<core>NULL</core>
<MemPortIdVec></MemPortIdVec>
<condition id="-1">
<or_exp><and_exp><literal name="icmp_ln1280" val="0"/>
<literal name="trunc_ln1371" val="-2"/>
</and_exp></or_exp>
</condition>

<Node id="47" bw="0" op_0_bw="0">
<![CDATA[
branch2:0  br label %hls_label_29_end

]]></Node>
<StgValue><ssdm name="br_ln1298"/></StgValue>
</operation>

<operation id="50" st_id="4" stage="1" lat="1">
<core>NULL</core>
<MemPortIdVec></MemPortIdVec>
<condition id="-1">
<or_exp><and_exp><literal name="icmp_ln1280" val="0"/>
<literal name="trunc_ln1371" val="1"/>
</and_exp></or_exp>
</condition>

<Node id="49" bw="0" op_0_bw="0">
<![CDATA[
branch1:0  br label %hls_label_29_end

]]></Node>
<StgValue><ssdm name="br_ln1298"/></StgValue>
</operation>

<operation id="51" st_id="4" stage="1" lat="1">
<core>NULL</core>
<MemPortIdVec></MemPortIdVec>
<condition id="-1">
<or_exp><and_exp><literal name="icmp_ln1280" val="0"/>
<literal name="trunc_ln1371" val="-1"/>
</and_exp></or_exp>
</condition>

<Node id="51" bw="0" op_0_bw="0">
<![CDATA[
branch3:0  br label %hls_label_29_end

]]></Node>
<StgValue><ssdm name="br_ln1298"/></StgValue>
</operation>
</state>

<state id="5" st_id="5">

<operation id="52" st_id="5" stage="1" lat="1">
<core>NULL</core>
<MemPortIdVec></MemPortIdVec>
<condition id="-1">
<or_exp><and_exp><literal name="icmp_ln1280" val="0"/>
</and_exp></or_exp>
</condition>

<Node id="27" bw="32" op_0_bw="32" op_1_bw="64" op_2_bw="64" op_3_bw="64">
<![CDATA[
hls_label_29_begin:1  %empty_929 = call i32 (...)* @_ssdm_op_SpecLoopTripCount(i64 128, i64 128, i64 128)

]]></Node>
<StgValue><ssdm name="empty_929"/></StgValue>
</operation>

<operation id="53" st_id="5" stage="1" lat="1">
<core>NULL</core>
<MemPortIdVec></MemPortIdVec>
<condition id="-1">
<or_exp><and_exp><literal name="icmp_ln1280" val="0"/>
</and_exp></or_exp>
</condition>

<Node id="33" bw="32" op_0_bw="32" op_1_bw="0">
<![CDATA[
hls_label_29_begin:7  %tmp_s = call i32 (...)* @_ssdm_op_SpecRegionBegin([13 x i8]* @p_str32)

]]></Node>
<StgValue><ssdm name="tmp_s"/></StgValue>
</operation>

<operation id="54" st_id="5" stage="1" lat="1">
<core>NULL</core>
<MemPortIdVec></MemPortIdVec>
<condition id="-1">
<or_exp><and_exp><literal name="icmp_ln1280" val="0"/>
</and_exp></or_exp>
</condition>

<Node id="34" bw="0" op_0_bw="0" op_1_bw="32" op_2_bw="32" op_3_bw="32" op_4_bw="32" op_5_bw="0">
<![CDATA[
hls_label_29_begin:8  call void (...)* @_ssdm_op_SpecPipeline(i32 1, i32 1, i32 1, i32 0, [1 x i8]* @p_str) nounwind

]]></Node>
<StgValue><ssdm name="specpipeline_ln1283"/></StgValue>
</operation>

<operation id="55" st_id="5" stage="1" lat="1">
<core>NULL</core>
<MemPortIdVec></MemPortIdVec>
<condition id="-1">
<or_exp><and_exp><literal name="icmp_ln1280" val="0"/>
</and_exp></or_exp>
</condition>

<Node id="53" bw="32" op_0_bw="32" op_1_bw="0" op_2_bw="32" op_3_bw="0" op_4_bw="32" op_5_bw="0" op_6_bw="32" op_7_bw="0">
<![CDATA[
hls_label_29_end:0  %v1_V = phi i32 [ %data_split_0_V_30, %branch3 ], [ %data_split_3_V, %branch2 ], [ %data_split_3_V, %branch1 ], [ %data_split_3_V, %hls_label_29_begin ]

]]></Node>
<StgValue><ssdm name="v1_V"/></StgValue>
</operation>

<operation id="56" st_id="5" stage="1" lat="1">
<core>NULL</core>
<MemPortIdVec></MemPortIdVec>
<condition id="-1">
<or_exp><and_exp><literal name="icmp_ln1280" val="0"/>
</and_exp></or_exp>
</condition>

<Node id="54" bw="32" op_0_bw="32" op_1_bw="0" op_2_bw="32" op_3_bw="0" op_4_bw="32" op_5_bw="0" op_6_bw="32" op_7_bw="0">
<![CDATA[
hls_label_29_end:1  %v2_V_74 = phi i32 [ %data_split_2_V, %branch3 ], [ %data_split_0_V_30, %branch2 ], [ %data_split_2_V, %branch1 ], [ %data_split_2_V, %hls_label_29_begin ]

]]></Node>
<StgValue><ssdm name="v2_V_74"/></StgValue>
</operation>

<operation id="57" st_id="5" stage="1" lat="1">
<core>NULL</core>
<MemPortIdVec></MemPortIdVec>
<condition id="-1">
<or_exp><and_exp><literal name="icmp_ln1280" val="0"/>
</and_exp></or_exp>
</condition>

<Node id="55" bw="32" op_0_bw="32" op_1_bw="0" op_2_bw="32" op_3_bw="0" op_4_bw="32" op_5_bw="0" op_6_bw="32" op_7_bw="0">
<![CDATA[
hls_label_29_end:2  %v2_V_73 = phi i32 [ %data_split_1_V, %branch3 ], [ %data_split_1_V, %branch2 ], [ %data_split_0_V_30, %branch1 ], [ %data_split_1_V, %hls_label_29_begin ]

]]></Node>
<StgValue><ssdm name="v2_V_73"/></StgValue>
</operation>

<operation id="58" st_id="5" stage="1" lat="1">
<core>NULL</core>
<MemPortIdVec></MemPortIdVec>
<condition id="-1">
<or_exp><and_exp><literal name="icmp_ln1280" val="0"/>
</and_exp></or_exp>
</condition>

<Node id="56" bw="32" op_0_bw="32" op_1_bw="0" op_2_bw="32" op_3_bw="0" op_4_bw="32" op_5_bw="0" op_6_bw="32" op_7_bw="0">
<![CDATA[
hls_label_29_end:3  %v2_V = phi i32 [ %data_split_0_V, %branch3 ], [ %data_split_0_V, %branch2 ], [ %data_split_0_V, %branch1 ], [ %data_split_0_V_30, %hls_label_29_begin ]

]]></Node>
<StgValue><ssdm name="v2_V"/></StgValue>
</operation>

<operation id="59" st_id="5" stage="1" lat="1">
<core>NULL</core>
<MemPortIdVec></MemPortIdVec>
<condition id="-1">
<or_exp><and_exp><literal name="icmp_ln1280" val="0"/>
</and_exp></or_exp>
</condition>

<Node id="57" bw="128" op_0_bw="128" op_1_bw="32" op_2_bw="32" op_3_bw="32" op_4_bw="32">
<![CDATA[
hls_label_29_end:4  %p_Result_s = call i128 @_ssdm_op_BitConcatenate.i128.i32.i32.i32.i32(i32 %v1_V, i32 %v2_V_74, i32 %v2_V_73, i32 %v2_V)

]]></Node>
<StgValue><ssdm name="p_Result_s"/></StgValue>
</operation>

<operation id="60" st_id="5" stage="1" lat="1">
<core>RAM_2P_BRAM</core>
<MemPortIdVec>1 </MemPortIdVec>
<condition id="-1">
<or_exp><and_exp><literal name="icmp_ln1280" val="0"/>
</and_exp></or_exp>
</condition>

<Node id="58" bw="0" op_0_bw="128" op_1_bw="5" op_2_bw="128">
<![CDATA[
hls_label_29_end:5  store i128 %p_Result_s, i128* %local_D_V_addr_1, align 16

]]></Node>
<StgValue><ssdm name="store_ln1300"/></StgValue>
</operation>

<operation id="61" st_id="5" stage="1" lat="1">
<core>NULL</core>
<MemPortIdVec></MemPortIdVec>
<condition id="-1">
<or_exp><and_exp><literal name="icmp_ln1280" val="0"/>
</and_exp></or_exp>
</condition>

<Node id="59" bw="32" op_0_bw="32" op_1_bw="0" op_2_bw="32">
<![CDATA[
hls_label_29_end:6  %empty = call i32 (...)* @_ssdm_op_SpecRegionEnd([13 x i8]* @p_str32, i32 %tmp_s)

]]></Node>
<StgValue><ssdm name="empty"/></StgValue>
</operation>

<operation id="62" st_id="5" stage="1" lat="1">
<core>NULL</core>
<MemPortIdVec></MemPortIdVec>
<condition id="-1">
<or_exp><and_exp><literal name="icmp_ln1280" val="0"/>
</and_exp></or_exp>
</condition>

<Node id="61" bw="0" op_0_bw="0">
<![CDATA[
hls_label_29_end:8  br label %.preheader.i.i

]]></Node>
<StgValue><ssdm name="br_ln1282"/></StgValue>
</operation>
</state>

<state id="6" st_id="6">

<operation id="63" st_id="6" stage="1" lat="1">
<core>NULL</core>
<MemPortIdVec></MemPortIdVec>
<condition id="-1">
<or_exp><and_exp></and_exp></or_exp>
</condition>

<Node id="63" bw="0" op_0_bw="0">
<![CDATA[
.preheader.i4.i.0.preheader:0  br label %.preheader.i4.i.0

]]></Node>
<StgValue><ssdm name="br_ln1359"/></StgValue>
</operation>
</state>

<state id="7" st_id="7">

<operation id="64" st_id="7" stage="1" lat="1">
<core>NULL</core>
<MemPortIdVec></MemPortIdVec>
<condition id="-1">
<or_exp><and_exp></and_exp></or_exp>
</condition>

<Node id="65" bw="6" op_0_bw="6" op_1_bw="0" op_2_bw="6" op_3_bw="0">
<![CDATA[
.preheader.i4.i.0:0  %indvar_flatten6 = phi i6 [ %add_ln1359, %hls_label_33 ], [ 0, %.preheader.i4.i.0.preheader ]

]]></Node>
<StgValue><ssdm name="indvar_flatten6"/></StgValue>
</operation>

<operation id="65" st_id="7" stage="1" lat="1">
<core>NULL</core>
<MemPortIdVec></MemPortIdVec>
<condition id="-1">
<or_exp><and_exp></and_exp></or_exp>
</condition>

<Node id="66" bw="5" op_0_bw="5" op_1_bw="0" op_2_bw="5" op_3_bw="0">
<![CDATA[
.preheader.i4.i.0:1  %p_064_0_i_i_0 = phi i5 [ %select_ln544_18, %hls_label_33 ], [ 0, %.preheader.i4.i.0.preheader ]

]]></Node>
<StgValue><ssdm name="p_064_0_i_i_0"/></StgValue>
</operation>

<operation id="66" st_id="7" stage="1" lat="1">
<core>NULL</core>
<MemPortIdVec></MemPortIdVec>
<condition id="-1">
<or_exp><and_exp></and_exp></or_exp>
</condition>

<Node id="67" bw="2" op_0_bw="2" op_1_bw="0" op_2_bw="2" op_3_bw="0">
<![CDATA[
.preheader.i4.i.0:2  %p_054_0_i_i_0 = phi i2 [ %add_ln700_31, %hls_label_33 ], [ 0, %.preheader.i4.i.0.preheader ]

]]></Node>
<StgValue><ssdm name="p_054_0_i_i_0"/></StgValue>
</operation>

<operation id="67" st_id="7" stage="1" lat="1">
<core>Cmp</core>
<MemPortIdVec></MemPortIdVec>
<condition id="-1">
<or_exp><and_exp></and_exp></or_exp>
</condition>

<Node id="68" bw="1" op_0_bw="6" op_1_bw="6">
<![CDATA[
.preheader.i4.i.0:3  %icmp_ln1359 = icmp eq i6 %indvar_flatten6, -32

]]></Node>
<StgValue><ssdm name="icmp_ln1359"/></StgValue>
</operation>

<operation id="68" st_id="7" stage="1" lat="1">
<core>AddSub</core>
<MemPortIdVec></MemPortIdVec>
<condition id="-1">
<or_exp><and_exp></and_exp></or_exp>
</condition>

<Node id="69" bw="6" op_0_bw="6" op_1_bw="6">
<![CDATA[
.preheader.i4.i.0:4  %add_ln1359 = add i6 %indvar_flatten6, 1

]]></Node>
<StgValue><ssdm name="add_ln1359"/></StgValue>
</operation>

<operation id="69" st_id="7" stage="1" lat="1">
<core>NULL</core>
<MemPortIdVec></MemPortIdVec>
<condition id="-1">
<or_exp><and_exp></and_exp></or_exp>
</condition>

<Node id="70" bw="0" op_0_bw="1" op_1_bw="0" op_2_bw="0">
<![CDATA[
.preheader.i4.i.0:5  br i1 %icmp_ln1359, label %.preheader.i.loopexit, label %hls_label_33

]]></Node>
<StgValue><ssdm name="br_ln1359"/></StgValue>
</operation>

<operation id="70" st_id="7" stage="1" lat="1">
<core>AddSub</core>
<MemPortIdVec></MemPortIdVec>
<condition id="-1">
<or_exp><and_exp><literal name="icmp_ln1359" val="0"/>
</and_exp></or_exp>
</condition>

<Node id="72" bw="5" op_0_bw="5" op_1_bw="5">
<![CDATA[
hls_label_33:0  %add_ln700 = add i5 %p_064_0_i_i_0, 1

]]></Node>
<StgValue><ssdm name="add_ln700"/></StgValue>
</operation>

<operation id="71" st_id="7" stage="1" lat="1">
<core>Cmp</core>
<MemPortIdVec></MemPortIdVec>
<condition id="-1">
<or_exp><and_exp><literal name="icmp_ln1359" val="0"/>
</and_exp></or_exp>
</condition>

<Node id="74" bw="1" op_0_bw="2" op_1_bw="2">
<![CDATA[
hls_label_33:2  %icmp_ln1361 = icmp eq i2 %p_054_0_i_i_0, -2

]]></Node>
<StgValue><ssdm name="icmp_ln1361"/></StgValue>
</operation>

<operation id="72" st_id="7" stage="1" lat="1">
<core>Sel</core>
<MemPortIdVec></MemPortIdVec>
<condition id="-1">
<or_exp><and_exp><literal name="icmp_ln1359" val="0"/>
</and_exp></or_exp>
</condition>

<Node id="75" bw="2" op_0_bw="1" op_1_bw="2" op_2_bw="2">
<![CDATA[
hls_label_33:3  %select_ln544 = select i1 %icmp_ln1361, i2 0, i2 %p_054_0_i_i_0

]]></Node>
<StgValue><ssdm name="select_ln544"/></StgValue>
</operation>

<operation id="73" st_id="7" stage="1" lat="1">
<core>Sel</core>
<MemPortIdVec></MemPortIdVec>
<condition id="-1">
<or_exp><and_exp><literal name="icmp_ln1359" val="0"/>
</and_exp></or_exp>
</condition>

<Node id="76" bw="5" op_0_bw="1" op_1_bw="5" op_2_bw="5">
<![CDATA[
hls_label_33:4  %select_ln544_18 = select i1 %icmp_ln1361, i5 %add_ln700, i5 %p_064_0_i_i_0

]]></Node>
<StgValue><ssdm name="select_ln544_18"/></StgValue>
</operation>

<operation id="74" st_id="7" stage="1" lat="1">
<core>NULL</core>
<MemPortIdVec></MemPortIdVec>
<condition id="-1">
<or_exp><and_exp><literal name="icmp_ln1359" val="0"/>
</and_exp></or_exp>
</condition>

<Node id="77" bw="6" op_0_bw="6" op_1_bw="5" op_2_bw="1">
<![CDATA[
hls_label_33:5  %tmp_31 = call i6 @_ssdm_op_BitConcatenate.i6.i5.i1(i5 %select_ln544_18, i1 false)

]]></Node>
<StgValue><ssdm name="tmp_31"/></StgValue>
</operation>

<operation id="75" st_id="7" stage="1" lat="1">
<core>NULL</core>
<MemPortIdVec></MemPortIdVec>
<condition id="-1">
<or_exp><and_exp><literal name="icmp_ln1359" val="0"/>
</and_exp></or_exp>
</condition>

<Node id="78" bw="7" op_0_bw="6">
<![CDATA[
hls_label_33:6  %zext_ln1361 = zext i6 %tmp_31 to i7

]]></Node>
<StgValue><ssdm name="zext_ln1361"/></StgValue>
</operation>

<operation id="76" st_id="7" stage="1" lat="1">
<core>NULL</core>
<MemPortIdVec></MemPortIdVec>
<condition id="-1">
<or_exp><and_exp><literal name="icmp_ln1359" val="0"/>
</and_exp></or_exp>
</condition>

<Node id="81" bw="7" op_0_bw="2">
<![CDATA[
hls_label_33:9  %zext_ln321_29 = zext i2 %select_ln544 to i7

]]></Node>
<StgValue><ssdm name="zext_ln321_29"/></StgValue>
</operation>

<operation id="77" st_id="7" stage="1" lat="1">
<core>AddSub</core>
<MemPortIdVec></MemPortIdVec>
<condition id="-1">
<or_exp><and_exp><literal name="icmp_ln1359" val="0"/>
</and_exp></or_exp>
</condition>

<Node id="82" bw="7" op_0_bw="7" op_1_bw="7">
<![CDATA[
hls_label_33:10  %add_ln321 = add i7 %zext_ln321_29, %zext_ln1361

]]></Node>
<StgValue><ssdm name="add_ln321"/></StgValue>
</operation>

<operation id="78" st_id="7" stage="1" lat="1">
<core>NULL</core>
<MemPortIdVec></MemPortIdVec>
<condition id="-1">
<or_exp><and_exp><literal name="icmp_ln1359" val="0"/>
</and_exp></or_exp>
</condition>

<Node id="83" bw="64" op_0_bw="7">
<![CDATA[
hls_label_33:11  %zext_ln321_30 = zext i7 %add_ln321 to i64

]]></Node>
<StgValue><ssdm name="zext_ln321_30"/></StgValue>
</operation>

<operation id="79" st_id="7" stage="1" lat="1">
<core>NULL</core>
<MemPortIdVec></MemPortIdVec>
<condition id="-1">
<or_exp><and_exp><literal name="icmp_ln1359" val="0"/>
</and_exp></or_exp>
</condition>

<Node id="84" bw="5" op_0_bw="128" op_1_bw="64" op_2_bw="64">
<![CDATA[
hls_label_33:12  %local_D_V_addr = getelementptr [32 x i128]* %local_D_V, i64 0, i64 %zext_ln321_30

]]></Node>
<StgValue><ssdm name="local_D_V_addr"/></StgValue>
</operation>

<operation id="80" st_id="7" stage="2" lat="2">
<core>RAM_2P_BRAM</core>
<MemPortIdVec>0 </MemPortIdVec>
<condition id="-1">
<or_exp><and_exp><literal name="icmp_ln1359" val="0"/>
</and_exp></or_exp>
</condition>

<Node id="85" bw="128" op_0_bw="5">
<![CDATA[
hls_label_33:13  %tmp_V = load i128* %local_D_V_addr, align 16

]]></Node>
<StgValue><ssdm name="tmp_V"/></StgValue>
</operation>

<operation id="81" st_id="7" stage="1" lat="1">
<core>AddSub</core>
<MemPortIdVec></MemPortIdVec>
<condition id="-1">
<or_exp><and_exp><literal name="icmp_ln1359" val="0"/>
</and_exp></or_exp>
</condition>

<Node id="88" bw="2" op_0_bw="2" op_1_bw="2">
<![CDATA[
hls_label_33:16  %add_ln700_31 = add i2 %select_ln544, 1

]]></Node>
<StgValue><ssdm name="add_ln700_31"/></StgValue>
</operation>
</state>

<state id="8" st_id="8">

<operation id="82" st_id="8" stage="1" lat="1">
<core>NULL</core>
<MemPortIdVec></MemPortIdVec>
<condition id="-1">
<or_exp><and_exp><literal name="icmp_ln1359" val="0"/>
</and_exp></or_exp>
</condition>

<Node id="73" bw="32" op_0_bw="32" op_1_bw="64" op_2_bw="64" op_3_bw="64">
<![CDATA[
hls_label_33:1  %empty_930 = call i32 (...)* @_ssdm_op_SpecLoopTripCount(i64 32, i64 32, i64 32)

]]></Node>
<StgValue><ssdm name="empty_930"/></StgValue>
</operation>

<operation id="83" st_id="8" stage="1" lat="1">
<core>NULL</core>
<MemPortIdVec></MemPortIdVec>
<condition id="-1">
<or_exp><and_exp><literal name="icmp_ln1359" val="0"/>
</and_exp></or_exp>
</condition>

<Node id="79" bw="32" op_0_bw="32" op_1_bw="0">
<![CDATA[
hls_label_33:7  %tmp_5 = call i32 (...)* @_ssdm_op_SpecRegionBegin([13 x i8]* @p_str36)

]]></Node>
<StgValue><ssdm name="tmp_5"/></StgValue>
</operation>

<operation id="84" st_id="8" stage="1" lat="1">
<core>NULL</core>
<MemPortIdVec></MemPortIdVec>
<condition id="-1">
<or_exp><and_exp><literal name="icmp_ln1359" val="0"/>
</and_exp></or_exp>
</condition>

<Node id="80" bw="0" op_0_bw="0" op_1_bw="32" op_2_bw="32" op_3_bw="32" op_4_bw="32" op_5_bw="0">
<![CDATA[
hls_label_33:8  call void (...)* @_ssdm_op_SpecPipeline(i32 1, i32 1, i32 1, i32 0, [1 x i8]* @p_str) nounwind

]]></Node>
<StgValue><ssdm name="specpipeline_ln1362"/></StgValue>
</operation>

<operation id="85" st_id="8" stage="1" lat="2">
<core>RAM_2P_BRAM</core>
<MemPortIdVec>0 </MemPortIdVec>
<condition id="-1">
<or_exp><and_exp><literal name="icmp_ln1359" val="0"/>
</and_exp></or_exp>
</condition>

<Node id="85" bw="128" op_0_bw="5">
<![CDATA[
hls_label_33:13  %tmp_V = load i128* %local_D_V_addr, align 16

]]></Node>
<StgValue><ssdm name="tmp_V"/></StgValue>
</operation>

<operation id="86" st_id="8" stage="1" lat="1">
<core>FIFO_SRL</core>
<MemPortIdVec></MemPortIdVec>
<condition id="-1">
<or_exp><and_exp><literal name="icmp_ln1359" val="0"/>
</and_exp></or_exp>
</condition>

<Node id="86" bw="0" op_0_bw="0" op_1_bw="128" op_2_bw="128">
<![CDATA[
hls_label_33:14  call void @_ssdm_op_Write.ap_fifo.volatile.i128P(i128* %fifo_D_drain_out_V_V, i128 %tmp_V)

]]></Node>
<StgValue><ssdm name="write_ln1368"/></StgValue>
</operation>

<operation id="87" st_id="8" stage="1" lat="1">
<core>NULL</core>
<MemPortIdVec></MemPortIdVec>
<condition id="-1">
<or_exp><and_exp><literal name="icmp_ln1359" val="0"/>
</and_exp></or_exp>
</condition>

<Node id="87" bw="32" op_0_bw="32" op_1_bw="0" op_2_bw="32">
<![CDATA[
hls_label_33:15  %empty_931 = call i32 (...)* @_ssdm_op_SpecRegionEnd([13 x i8]* @p_str36, i32 %tmp_5)

]]></Node>
<StgValue><ssdm name="empty_931"/></StgValue>
</operation>

<operation id="88" st_id="8" stage="1" lat="1">
<core>NULL</core>
<MemPortIdVec></MemPortIdVec>
<condition id="-1">
<or_exp><and_exp><literal name="icmp_ln1359" val="0"/>
</and_exp></or_exp>
</condition>

<Node id="89" bw="0" op_0_bw="0">
<![CDATA[
hls_label_33:17  br label %.preheader.i4.i.0

]]></Node>
<StgValue><ssdm name="br_ln1361"/></StgValue>
</operation>
</state>

<state id="9" st_id="9">

<operation id="89" st_id="9" stage="1" lat="1">
<core>NULL</core>
<MemPortIdVec></MemPortIdVec>
<condition id="-1">
<or_exp><and_exp></and_exp></or_exp>
</condition>

<Node id="91" bw="0" op_0_bw="0">
<![CDATA[
.preheader.i.loopexit:0  br label %.preheader.i

]]></Node>
<StgValue><ssdm name="br_ln0"/></StgValue>
</operation>
</state>
</state_list>


<ports>
<port id="117" name="fifo_D_drain_out_V_V" dir="1" iftype="3">
<core>FIFO_SRL</core><StgValue><ssdm name="fifo_D_drain_out_V_V"/></StgValue>
</port>
<port id="118" name="fifo_D_drain_local_in_V" dir="0" iftype="3">
<core>FIFO_SRL</core><StgValue><ssdm name="fifo_D_drain_local_in_V"/></StgValue>
</port>
</ports>


<dataflows>
<dataflow id="120" from="_ssdm_op_SpecInterface" to="specinterface_ln0" fromId="119" toId="10">
</dataflow>
<dataflow id="121" from="fifo_D_drain_out_V_V" to="specinterface_ln0" fromId="117" toId="10">
</dataflow>
<dataflow id="123" from="ap_fifo_str" to="specinterface_ln0" fromId="122" toId="10">
</dataflow>
<dataflow id="125" from="StgValue_124" to="specinterface_ln0" fromId="124" toId="10">
</dataflow>
<dataflow id="126" from="StgValue_124" to="specinterface_ln0" fromId="124" toId="10">
</dataflow>
<dataflow id="128" from="p_str" to="specinterface_ln0" fromId="127" toId="10">
</dataflow>
<dataflow id="129" from="StgValue_124" to="specinterface_ln0" fromId="124" toId="10">
</dataflow>
<dataflow id="130" from="StgValue_124" to="specinterface_ln0" fromId="124" toId="10">
</dataflow>
<dataflow id="131" from="p_str" to="specinterface_ln0" fromId="127" toId="10">
</dataflow>
<dataflow id="132" from="p_str" to="specinterface_ln0" fromId="127" toId="10">
</dataflow>
<dataflow id="133" from="p_str" to="specinterface_ln0" fromId="127" toId="10">
</dataflow>
<dataflow id="135" from="StgValue_134" to="specinterface_ln0" fromId="134" toId="10">
</dataflow>
<dataflow id="136" from="StgValue_134" to="specinterface_ln0" fromId="134" toId="10">
</dataflow>
<dataflow id="138" from="StgValue_137" to="specinterface_ln0" fromId="137" toId="10">
</dataflow>
<dataflow id="139" from="StgValue_137" to="specinterface_ln0" fromId="137" toId="10">
</dataflow>
<dataflow id="140" from="p_str" to="specinterface_ln0" fromId="127" toId="10">
</dataflow>
<dataflow id="141" from="p_str" to="specinterface_ln0" fromId="127" toId="10">
</dataflow>
<dataflow id="142" from="_ssdm_op_SpecInterface" to="specinterface_ln0" fromId="119" toId="11">
</dataflow>
<dataflow id="143" from="fifo_D_drain_local_in_V" to="specinterface_ln0" fromId="118" toId="11">
</dataflow>
<dataflow id="144" from="ap_fifo_str" to="specinterface_ln0" fromId="122" toId="11">
</dataflow>
<dataflow id="145" from="StgValue_124" to="specinterface_ln0" fromId="124" toId="11">
</dataflow>
<dataflow id="146" from="StgValue_124" to="specinterface_ln0" fromId="124" toId="11">
</dataflow>
<dataflow id="147" from="p_str" to="specinterface_ln0" fromId="127" toId="11">
</dataflow>
<dataflow id="148" from="StgValue_124" to="specinterface_ln0" fromId="124" toId="11">
</dataflow>
<dataflow id="149" from="StgValue_124" to="specinterface_ln0" fromId="124" toId="11">
</dataflow>
<dataflow id="150" from="p_str" to="specinterface_ln0" fromId="127" toId="11">
</dataflow>
<dataflow id="151" from="p_str" to="specinterface_ln0" fromId="127" toId="11">
</dataflow>
<dataflow id="152" from="p_str" to="specinterface_ln0" fromId="127" toId="11">
</dataflow>
<dataflow id="153" from="StgValue_134" to="specinterface_ln0" fromId="134" toId="11">
</dataflow>
<dataflow id="154" from="StgValue_134" to="specinterface_ln0" fromId="134" toId="11">
</dataflow>
<dataflow id="155" from="StgValue_137" to="specinterface_ln0" fromId="137" toId="11">
</dataflow>
<dataflow id="156" from="StgValue_137" to="specinterface_ln0" fromId="137" toId="11">
</dataflow>
<dataflow id="157" from="p_str" to="specinterface_ln0" fromId="127" toId="11">
</dataflow>
<dataflow id="158" from="p_str" to="specinterface_ln0" fromId="127" toId="11">
</dataflow>
<dataflow id="160" from="_ssdm_op_SpecMemCore" to="specmemcore_ln0" fromId="159" toId="12">
</dataflow>
<dataflow id="161" from="fifo_D_drain_out_V_V" to="specmemcore_ln0" fromId="117" toId="12">
</dataflow>
<dataflow id="162" from="p_str" to="specmemcore_ln0" fromId="127" toId="12">
</dataflow>
<dataflow id="164" from="p_str50" to="specmemcore_ln0" fromId="163" toId="12">
</dataflow>
<dataflow id="165" from="p_str" to="specmemcore_ln0" fromId="127" toId="12">
</dataflow>
<dataflow id="167" from="StgValue_166" to="specmemcore_ln0" fromId="166" toId="12">
</dataflow>
<dataflow id="168" from="p_str" to="specmemcore_ln0" fromId="127" toId="12">
</dataflow>
<dataflow id="169" from="p_str" to="specmemcore_ln0" fromId="127" toId="12">
</dataflow>
<dataflow id="170" from="p_str" to="specmemcore_ln0" fromId="127" toId="12">
</dataflow>
<dataflow id="171" from="p_str" to="specmemcore_ln0" fromId="127" toId="12">
</dataflow>
<dataflow id="172" from="p_str" to="specmemcore_ln0" fromId="127" toId="12">
</dataflow>
<dataflow id="173" from="_ssdm_op_SpecMemCore" to="specmemcore_ln0" fromId="159" toId="13">
</dataflow>
<dataflow id="174" from="fifo_D_drain_local_in_V" to="specmemcore_ln0" fromId="118" toId="13">
</dataflow>
<dataflow id="175" from="p_str" to="specmemcore_ln0" fromId="127" toId="13">
</dataflow>
<dataflow id="176" from="p_str50" to="specmemcore_ln0" fromId="163" toId="13">
</dataflow>
<dataflow id="177" from="p_str" to="specmemcore_ln0" fromId="127" toId="13">
</dataflow>
<dataflow id="178" from="StgValue_166" to="specmemcore_ln0" fromId="166" toId="13">
</dataflow>
<dataflow id="179" from="p_str" to="specmemcore_ln0" fromId="127" toId="13">
</dataflow>
<dataflow id="180" from="p_str" to="specmemcore_ln0" fromId="127" toId="13">
</dataflow>
<dataflow id="181" from="p_str" to="specmemcore_ln0" fromId="127" toId="13">
</dataflow>
<dataflow id="182" from="p_str" to="specmemcore_ln0" fromId="127" toId="13">
</dataflow>
<dataflow id="183" from="p_str" to="specmemcore_ln0" fromId="127" toId="13">
</dataflow>
<dataflow id="185" from="StgValue_184" to="local_D_V" fromId="184" toId="14">
</dataflow>
<dataflow id="186" from="_ssdm_op_SpecMemCore" to="specmemcore_ln1429" fromId="159" toId="15">
</dataflow>
<dataflow id="187" from="local_D_V" to="specmemcore_ln1429" fromId="14" toId="15">
</dataflow>
<dataflow id="188" from="p_str" to="specmemcore_ln1429" fromId="127" toId="15">
</dataflow>
<dataflow id="190" from="p_str9" to="specmemcore_ln1429" fromId="189" toId="15">
</dataflow>
<dataflow id="191" from="p_str" to="specmemcore_ln1429" fromId="127" toId="15">
</dataflow>
<dataflow id="192" from="StgValue_166" to="specmemcore_ln1429" fromId="166" toId="15">
</dataflow>
<dataflow id="193" from="p_str" to="specmemcore_ln1429" fromId="127" toId="15">
</dataflow>
<dataflow id="194" from="p_str" to="specmemcore_ln1429" fromId="127" toId="15">
</dataflow>
<dataflow id="195" from="p_str" to="specmemcore_ln1429" fromId="127" toId="15">
</dataflow>
<dataflow id="196" from="p_str" to="specmemcore_ln1429" fromId="127" toId="15">
</dataflow>
<dataflow id="197" from="p_str" to="specmemcore_ln1429" fromId="127" toId="15">
</dataflow>
<dataflow id="199" from="StgValue_198" to="indvar_flatten13" fromId="198" toId="17">
<condition id="-1">
<or_exp><and_exp></and_exp></or_exp>
</condition>
</dataflow>
<dataflow id="200" from="br_ln1432" to="indvar_flatten13" fromId="16" toId="17">
</dataflow>
<dataflow id="201" from="add_ln1432" to="indvar_flatten13" fromId="19" toId="17">
<BackEdge/>
<condition id="-1">
<or_exp><and_exp></and_exp></or_exp>
</condition>
</dataflow>
<dataflow id="202" from="br_ln0" to="indvar_flatten13" fromId="89" toId="17">
<BackEdge/>
</dataflow>
<dataflow id="203" from="indvar_flatten13" to="icmp_ln1432" fromId="17" toId="18">
</dataflow>
<dataflow id="205" from="StgValue_204" to="icmp_ln1432" fromId="204" toId="18">
</dataflow>
<dataflow id="206" from="indvar_flatten13" to="add_ln1432" fromId="17" toId="19">
</dataflow>
<dataflow id="208" from="StgValue_207" to="add_ln1432" fromId="207" toId="19">
</dataflow>
<dataflow id="209" from="icmp_ln1432" to="br_ln1432" fromId="18" toId="20">
</dataflow>
<dataflow id="211" from="_ssdm_op_SpecLoopTripCount" to="empty_932" fromId="210" toId="21">
</dataflow>
<dataflow id="213" from="StgValue_212" to="empty_932" fromId="212" toId="21">
</dataflow>
<dataflow id="214" from="StgValue_212" to="empty_932" fromId="212" toId="21">
</dataflow>
<dataflow id="215" from="StgValue_212" to="empty_932" fromId="212" toId="21">
</dataflow>
<dataflow id="217" from="StgValue_216" to="indvar_flatten" fromId="216" toId="24">
<condition id="-1">
<or_exp><and_exp><literal name="icmp_ln1432" val="0"/>
</and_exp></or_exp>
</condition>
</dataflow>
<dataflow id="218" from="br_ln1280" to="indvar_flatten" fromId="22" toId="24">
</dataflow>
<dataflow id="219" from="add_ln1280" to="indvar_flatten" fromId="28" toId="24">
<BackEdge/>
<condition id="-1">
<or_exp><and_exp><literal name="icmp_ln1280" val="0"/>
</and_exp></or_exp>
</condition>
</dataflow>
<dataflow id="220" from="br_ln1282" to="indvar_flatten" fromId="62" toId="24">
<BackEdge/>
</dataflow>
<dataflow id="222" from="StgValue_221" to="p_062_0_i_i" fromId="221" toId="25">
<condition id="-1">
<or_exp><and_exp><literal name="icmp_ln1432" val="0"/>
</and_exp></or_exp>
</condition>
</dataflow>
<dataflow id="223" from="br_ln1280" to="p_062_0_i_i" fromId="22" toId="25">
</dataflow>
<dataflow id="224" from="select_ln1371_15" to="p_062_0_i_i" fromId="33" toId="25">
<BackEdge/>
<condition id="-1">
<or_exp><and_exp><literal name="icmp_ln1280" val="0"/>
</and_exp></or_exp>
</condition>
</dataflow>
<dataflow id="225" from="br_ln1282" to="p_062_0_i_i" fromId="62" toId="25">
<BackEdge/>
</dataflow>
<dataflow id="227" from="StgValue_226" to="p_076_0_i_i" fromId="226" toId="26">
<condition id="-1">
<or_exp><and_exp><literal name="icmp_ln1432" val="0"/>
</and_exp></or_exp>
</condition>
</dataflow>
<dataflow id="228" from="br_ln1280" to="p_076_0_i_i" fromId="22" toId="26">
</dataflow>
<dataflow id="229" from="c8_V" to="p_076_0_i_i" fromId="40" toId="26">
<BackEdge/>
<condition id="-1">
<or_exp><and_exp><literal name="icmp_ln1280" val="0"/>
</and_exp></or_exp>
</condition>
</dataflow>
<dataflow id="230" from="br_ln1282" to="p_076_0_i_i" fromId="62" toId="26">
<BackEdge/>
</dataflow>
<dataflow id="231" from="indvar_flatten" to="icmp_ln1280" fromId="24" toId="27">
</dataflow>
<dataflow id="233" from="StgValue_232" to="icmp_ln1280" fromId="232" toId="27">
</dataflow>
<dataflow id="234" from="indvar_flatten" to="add_ln1280" fromId="24" toId="28">
</dataflow>
<dataflow id="236" from="StgValue_235" to="add_ln1280" fromId="235" toId="28">
</dataflow>
<dataflow id="237" from="icmp_ln1280" to="br_ln1280" fromId="27" toId="29">
</dataflow>
<dataflow id="239" from="StgValue_238" to="c7_V" fromId="238" toId="30">
</dataflow>
<dataflow id="240" from="p_062_0_i_i" to="c7_V" fromId="25" toId="30">
</dataflow>
<dataflow id="241" from="p_076_0_i_i" to="icmp_ln1282" fromId="26" toId="31">
</dataflow>
<dataflow id="243" from="StgValue_242" to="icmp_ln1282" fromId="242" toId="31">
</dataflow>
<dataflow id="244" from="icmp_ln1282" to="select_ln1371" fromId="31" toId="32">
</dataflow>
<dataflow id="245" from="StgValue_226" to="select_ln1371" fromId="226" toId="32">
</dataflow>
<dataflow id="246" from="p_076_0_i_i" to="select_ln1371" fromId="26" toId="32">
</dataflow>
<dataflow id="247" from="icmp_ln1282" to="select_ln1371_15" fromId="31" toId="33">
</dataflow>
<dataflow id="248" from="c7_V" to="select_ln1371_15" fromId="30" toId="33">
</dataflow>
<dataflow id="249" from="p_062_0_i_i" to="select_ln1371_15" fromId="25" toId="33">
</dataflow>
<dataflow id="251" from="_ssdm_op_BitSelect.i1.i4.i32" to="tmp" fromId="250" toId="34">
</dataflow>
<dataflow id="252" from="select_ln1371_15" to="tmp" fromId="33" toId="34">
</dataflow>
<dataflow id="253" from="StgValue_134" to="tmp" fromId="134" toId="34">
</dataflow>
<dataflow id="254" from="select_ln1371_15" to="trunc_ln1371" fromId="33" toId="35">
</dataflow>
<dataflow id="256" from="_ssdm_op_BitConcatenate.i6.i5.i1" to="tmp_30" fromId="255" toId="36">
</dataflow>
<dataflow id="257" from="select_ln1371" to="tmp_30" fromId="32" toId="36">
</dataflow>
<dataflow id="258" from="tmp" to="tmp_30" fromId="34" toId="36">
</dataflow>
<dataflow id="259" from="tmp_30" to="zext_ln321" fromId="36" toId="37">
</dataflow>
<dataflow id="260" from="local_D_V" to="local_D_V_addr_1" fromId="14" toId="38">
</dataflow>
<dataflow id="262" from="StgValue_261" to="local_D_V_addr_1" fromId="261" toId="38">
</dataflow>
<dataflow id="263" from="zext_ln321" to="local_D_V_addr_1" fromId="37" toId="38">
</dataflow>
<dataflow id="264" from="local_D_V_addr_1" to="out_data_V" fromId="38" toId="39">
</dataflow>
<dataflow id="265" from="select_ln1371" to="c8_V" fromId="32" toId="40">
</dataflow>
<dataflow id="267" from="StgValue_266" to="c8_V" fromId="266" toId="40">
</dataflow>
<dataflow id="269" from="_ssdm_op_Read.ap_fifo.volatile.floatP" to="tmp_35" fromId="268" toId="41">
</dataflow>
<dataflow id="270" from="fifo_D_drain_local_in_V" to="tmp_35" fromId="118" toId="41">
</dataflow>
<dataflow id="271" from="local_D_V_addr_1" to="out_data_V" fromId="38" toId="42">
</dataflow>
<dataflow id="272" from="out_data_V" to="data_split_0_V" fromId="42" toId="43">
</dataflow>
<dataflow id="274" from="_ssdm_op_PartSelect.i32.i128.i32.i32" to="data_split_1_V" fromId="273" toId="44">
</dataflow>
<dataflow id="275" from="out_data_V" to="data_split_1_V" fromId="42" toId="44">
</dataflow>
<dataflow id="277" from="StgValue_276" to="data_split_1_V" fromId="276" toId="44">
</dataflow>
<dataflow id="279" from="StgValue_278" to="data_split_1_V" fromId="278" toId="44">
</dataflow>
<dataflow id="280" from="_ssdm_op_PartSelect.i32.i128.i32.i32" to="data_split_2_V" fromId="273" toId="45">
</dataflow>
<dataflow id="281" from="out_data_V" to="data_split_2_V" fromId="42" toId="45">
</dataflow>
<dataflow id="283" from="StgValue_282" to="data_split_2_V" fromId="282" toId="45">
</dataflow>
<dataflow id="285" from="StgValue_284" to="data_split_2_V" fromId="284" toId="45">
</dataflow>
<dataflow id="286" from="_ssdm_op_PartSelect.i32.i128.i32.i32" to="data_split_3_V" fromId="273" toId="46">
</dataflow>
<dataflow id="287" from="out_data_V" to="data_split_3_V" fromId="42" toId="46">
</dataflow>
<dataflow id="289" from="StgValue_288" to="data_split_3_V" fromId="288" toId="46">
</dataflow>
<dataflow id="291" from="StgValue_290" to="data_split_3_V" fromId="290" toId="46">
</dataflow>
<dataflow id="292" from="tmp_35" to="data_split_0_V_30" fromId="41" toId="47">
</dataflow>
<dataflow id="293" from="trunc_ln1371" to="switch_ln1298" fromId="35" toId="48">
</dataflow>
<dataflow id="295" from="StgValue_294" to="switch_ln1298" fromId="294" toId="48">
</dataflow>
<dataflow id="297" from="StgValue_296" to="switch_ln1298" fromId="296" toId="48">
</dataflow>
<dataflow id="299" from="StgValue_298" to="switch_ln1298" fromId="298" toId="48">
</dataflow>
<dataflow id="300" from="_ssdm_op_SpecLoopTripCount" to="empty_929" fromId="210" toId="52">
</dataflow>
<dataflow id="302" from="StgValue_301" to="empty_929" fromId="301" toId="52">
</dataflow>
<dataflow id="303" from="StgValue_301" to="empty_929" fromId="301" toId="52">
</dataflow>
<dataflow id="304" from="StgValue_301" to="empty_929" fromId="301" toId="52">
</dataflow>
<dataflow id="306" from="_ssdm_op_SpecRegionBegin" to="tmp_s" fromId="305" toId="53">
</dataflow>
<dataflow id="308" from="p_str32" to="tmp_s" fromId="307" toId="53">
</dataflow>
<dataflow id="310" from="_ssdm_op_SpecPipeline" to="specpipeline_ln1283" fromId="309" toId="54">
</dataflow>
<dataflow id="312" from="StgValue_311" to="specpipeline_ln1283" fromId="311" toId="54">
</dataflow>
<dataflow id="313" from="StgValue_311" to="specpipeline_ln1283" fromId="311" toId="54">
</dataflow>
<dataflow id="314" from="StgValue_311" to="specpipeline_ln1283" fromId="311" toId="54">
</dataflow>
<dataflow id="315" from="StgValue_124" to="specpipeline_ln1283" fromId="124" toId="54">
</dataflow>
<dataflow id="316" from="p_str" to="specpipeline_ln1283" fromId="127" toId="54">
</dataflow>
<dataflow id="317" from="data_split_0_V_30" to="v1_V" fromId="47" toId="55">
<condition id="-1">
<or_exp><and_exp><literal name="icmp_ln1280" val="0"/>
<literal name="trunc_ln1371" val="-1"/>
</and_exp></or_exp>
</condition>
</dataflow>
<dataflow id="318" from="br_ln1298" to="v1_V" fromId="51" toId="55">
</dataflow>
<dataflow id="319" from="data_split_3_V" to="v1_V" fromId="46" toId="55">
<condition id="-1">
<or_exp><and_exp><literal name="icmp_ln1280" val="0"/>
<literal name="trunc_ln1371" val="-2"/>
</and_exp></or_exp>
</condition>
</dataflow>
<dataflow id="320" from="br_ln1298" to="v1_V" fromId="49" toId="55">
</dataflow>
<dataflow id="321" from="data_split_3_V" to="v1_V" fromId="46" toId="55">
<condition id="-1">
<or_exp><and_exp><literal name="icmp_ln1280" val="0"/>
<literal name="trunc_ln1371" val="1"/>
</and_exp></or_exp>
</condition>
</dataflow>
<dataflow id="322" from="br_ln1298" to="v1_V" fromId="50" toId="55">
</dataflow>
<dataflow id="323" from="data_split_3_V" to="v1_V" fromId="46" toId="55">
<condition id="-1">
<or_exp><and_exp><literal name="icmp_ln1280" val="0"/>
<literal name="trunc_ln1371" val="0"/>
</and_exp></or_exp>
</condition>
</dataflow>
<dataflow id="324" from="switch_ln1298" to="v1_V" fromId="48" toId="55">
</dataflow>
<dataflow id="325" from="data_split_2_V" to="v2_V_74" fromId="45" toId="56">
<condition id="-1">
<or_exp><and_exp><literal name="icmp_ln1280" val="0"/>
<literal name="trunc_ln1371" val="-1"/>
</and_exp></or_exp>
</condition>
</dataflow>
<dataflow id="326" from="br_ln1298" to="v2_V_74" fromId="51" toId="56">
</dataflow>
<dataflow id="327" from="data_split_0_V_30" to="v2_V_74" fromId="47" toId="56">
<condition id="-1">
<or_exp><and_exp><literal name="icmp_ln1280" val="0"/>
<literal name="trunc_ln1371" val="-2"/>
</and_exp></or_exp>
</condition>
</dataflow>
<dataflow id="328" from="br_ln1298" to="v2_V_74" fromId="49" toId="56">
</dataflow>
<dataflow id="329" from="data_split_2_V" to="v2_V_74" fromId="45" toId="56">
<condition id="-1">
<or_exp><and_exp><literal name="icmp_ln1280" val="0"/>
<literal name="trunc_ln1371" val="1"/>
</and_exp></or_exp>
</condition>
</dataflow>
<dataflow id="330" from="br_ln1298" to="v2_V_74" fromId="50" toId="56">
</dataflow>
<dataflow id="331" from="data_split_2_V" to="v2_V_74" fromId="45" toId="56">
<condition id="-1">
<or_exp><and_exp><literal name="icmp_ln1280" val="0"/>
<literal name="trunc_ln1371" val="0"/>
</and_exp></or_exp>
</condition>
</dataflow>
<dataflow id="332" from="switch_ln1298" to="v2_V_74" fromId="48" toId="56">
</dataflow>
<dataflow id="333" from="data_split_1_V" to="v2_V_73" fromId="44" toId="57">
<condition id="-1">
<or_exp><and_exp><literal name="icmp_ln1280" val="0"/>
<literal name="trunc_ln1371" val="-1"/>
</and_exp></or_exp>
</condition>
</dataflow>
<dataflow id="334" from="br_ln1298" to="v2_V_73" fromId="51" toId="57">
</dataflow>
<dataflow id="335" from="data_split_1_V" to="v2_V_73" fromId="44" toId="57">
<condition id="-1">
<or_exp><and_exp><literal name="icmp_ln1280" val="0"/>
<literal name="trunc_ln1371" val="-2"/>
</and_exp></or_exp>
</condition>
</dataflow>
<dataflow id="336" from="br_ln1298" to="v2_V_73" fromId="49" toId="57">
</dataflow>
<dataflow id="337" from="data_split_0_V_30" to="v2_V_73" fromId="47" toId="57">
<condition id="-1">
<or_exp><and_exp><literal name="icmp_ln1280" val="0"/>
<literal name="trunc_ln1371" val="1"/>
</and_exp></or_exp>
</condition>
</dataflow>
<dataflow id="338" from="br_ln1298" to="v2_V_73" fromId="50" toId="57">
</dataflow>
<dataflow id="339" from="data_split_1_V" to="v2_V_73" fromId="44" toId="57">
<condition id="-1">
<or_exp><and_exp><literal name="icmp_ln1280" val="0"/>
<literal name="trunc_ln1371" val="0"/>
</and_exp></or_exp>
</condition>
</dataflow>
<dataflow id="340" from="switch_ln1298" to="v2_V_73" fromId="48" toId="57">
</dataflow>
<dataflow id="341" from="data_split_0_V" to="v2_V" fromId="43" toId="58">
<condition id="-1">
<or_exp><and_exp><literal name="icmp_ln1280" val="0"/>
<literal name="trunc_ln1371" val="-1"/>
</and_exp></or_exp>
</condition>
</dataflow>
<dataflow id="342" from="br_ln1298" to="v2_V" fromId="51" toId="58">
</dataflow>
<dataflow id="343" from="data_split_0_V" to="v2_V" fromId="43" toId="58">
<condition id="-1">
<or_exp><and_exp><literal name="icmp_ln1280" val="0"/>
<literal name="trunc_ln1371" val="-2"/>
</and_exp></or_exp>
</condition>
</dataflow>
<dataflow id="344" from="br_ln1298" to="v2_V" fromId="49" toId="58">
</dataflow>
<dataflow id="345" from="data_split_0_V" to="v2_V" fromId="43" toId="58">
<condition id="-1">
<or_exp><and_exp><literal name="icmp_ln1280" val="0"/>
<literal name="trunc_ln1371" val="1"/>
</and_exp></or_exp>
</condition>
</dataflow>
<dataflow id="346" from="br_ln1298" to="v2_V" fromId="50" toId="58">
</dataflow>
<dataflow id="347" from="data_split_0_V_30" to="v2_V" fromId="47" toId="58">
<condition id="-1">
<or_exp><and_exp><literal name="icmp_ln1280" val="0"/>
<literal name="trunc_ln1371" val="0"/>
</and_exp></or_exp>
</condition>
</dataflow>
<dataflow id="348" from="switch_ln1298" to="v2_V" fromId="48" toId="58">
</dataflow>
<dataflow id="350" from="_ssdm_op_BitConcatenate.i128.i32.i32.i32.i32" to="p_Result_s" fromId="349" toId="59">
</dataflow>
<dataflow id="351" from="v1_V" to="p_Result_s" fromId="55" toId="59">
</dataflow>
<dataflow id="352" from="v2_V_74" to="p_Result_s" fromId="56" toId="59">
</dataflow>
<dataflow id="353" from="v2_V_73" to="p_Result_s" fromId="57" toId="59">
</dataflow>
<dataflow id="354" from="v2_V" to="p_Result_s" fromId="58" toId="59">
</dataflow>
<dataflow id="355" from="p_Result_s" to="store_ln1300" fromId="59" toId="60">
</dataflow>
<dataflow id="356" from="local_D_V_addr_1" to="store_ln1300" fromId="38" toId="60">
</dataflow>
<dataflow id="358" from="_ssdm_op_SpecRegionEnd" to="empty" fromId="357" toId="61">
</dataflow>
<dataflow id="359" from="p_str32" to="empty" fromId="307" toId="61">
</dataflow>
<dataflow id="360" from="tmp_s" to="empty" fromId="53" toId="61">
</dataflow>
<dataflow id="361" from="add_ln1359" to="indvar_flatten6" fromId="68" toId="64">
<BackEdge/>
<condition id="-1">
<or_exp><and_exp><literal name="icmp_ln1359" val="0"/>
</and_exp></or_exp>
</condition>
</dataflow>
<dataflow id="362" from="br_ln1361" to="indvar_flatten6" fromId="88" toId="64">
<BackEdge/>
</dataflow>
<dataflow id="364" from="StgValue_363" to="indvar_flatten6" fromId="363" toId="64">
<condition id="-1">
<or_exp><and_exp></and_exp></or_exp>
</condition>
</dataflow>
<dataflow id="365" from="br_ln1359" to="indvar_flatten6" fromId="63" toId="64">
</dataflow>
<dataflow id="366" from="select_ln544_18" to="p_064_0_i_i_0" fromId="73" toId="65">
<BackEdge/>
<condition id="-1">
<or_exp><and_exp><literal name="icmp_ln1359" val="0"/>
</and_exp></or_exp>
</condition>
</dataflow>
<dataflow id="367" from="br_ln1361" to="p_064_0_i_i_0" fromId="88" toId="65">
<BackEdge/>
</dataflow>
<dataflow id="368" from="StgValue_226" to="p_064_0_i_i_0" fromId="226" toId="65">
<condition id="-1">
<or_exp><and_exp></and_exp></or_exp>
</condition>
</dataflow>
<dataflow id="369" from="br_ln1359" to="p_064_0_i_i_0" fromId="63" toId="65">
</dataflow>
<dataflow id="370" from="add_ln700_31" to="p_054_0_i_i_0" fromId="81" toId="66">
<BackEdge/>
<condition id="-1">
<or_exp><and_exp><literal name="icmp_ln1359" val="0"/>
</and_exp></or_exp>
</condition>
</dataflow>
<dataflow id="371" from="br_ln1361" to="p_054_0_i_i_0" fromId="88" toId="66">
<BackEdge/>
</dataflow>
<dataflow id="372" from="StgValue_294" to="p_054_0_i_i_0" fromId="294" toId="66">
<condition id="-1">
<or_exp><and_exp></and_exp></or_exp>
</condition>
</dataflow>
<dataflow id="373" from="br_ln1359" to="p_054_0_i_i_0" fromId="63" toId="66">
</dataflow>
<dataflow id="374" from="indvar_flatten6" to="icmp_ln1359" fromId="64" toId="67">
</dataflow>
<dataflow id="376" from="StgValue_375" to="icmp_ln1359" fromId="375" toId="67">
</dataflow>
<dataflow id="377" from="indvar_flatten6" to="add_ln1359" fromId="64" toId="68">
</dataflow>
<dataflow id="379" from="StgValue_378" to="add_ln1359" fromId="378" toId="68">
</dataflow>
<dataflow id="380" from="icmp_ln1359" to="br_ln1359" fromId="67" toId="69">
</dataflow>
<dataflow id="381" from="p_064_0_i_i_0" to="add_ln700" fromId="65" toId="70">
</dataflow>
<dataflow id="382" from="StgValue_266" to="add_ln700" fromId="266" toId="70">
</dataflow>
<dataflow id="383" from="p_054_0_i_i_0" to="icmp_ln1361" fromId="66" toId="71">
</dataflow>
<dataflow id="384" from="StgValue_298" to="icmp_ln1361" fromId="298" toId="71">
</dataflow>
<dataflow id="385" from="icmp_ln1361" to="select_ln544" fromId="71" toId="72">
</dataflow>
<dataflow id="386" from="StgValue_294" to="select_ln544" fromId="294" toId="72">
</dataflow>
<dataflow id="387" from="p_054_0_i_i_0" to="select_ln544" fromId="66" toId="72">
</dataflow>
<dataflow id="388" from="icmp_ln1361" to="select_ln544_18" fromId="71" toId="73">
</dataflow>
<dataflow id="389" from="add_ln700" to="select_ln544_18" fromId="70" toId="73">
</dataflow>
<dataflow id="390" from="p_064_0_i_i_0" to="select_ln544_18" fromId="65" toId="73">
</dataflow>
<dataflow id="391" from="_ssdm_op_BitConcatenate.i6.i5.i1" to="tmp_31" fromId="255" toId="74">
</dataflow>
<dataflow id="392" from="select_ln544_18" to="tmp_31" fromId="73" toId="74">
</dataflow>
<dataflow id="394" from="StgValue_393" to="tmp_31" fromId="393" toId="74">
</dataflow>
<dataflow id="395" from="tmp_31" to="zext_ln1361" fromId="74" toId="75">
</dataflow>
<dataflow id="396" from="select_ln544" to="zext_ln321_29" fromId="72" toId="76">
</dataflow>
<dataflow id="397" from="zext_ln321_29" to="add_ln321" fromId="76" toId="77">
</dataflow>
<dataflow id="398" from="zext_ln1361" to="add_ln321" fromId="75" toId="77">
</dataflow>
<dataflow id="399" from="add_ln321" to="zext_ln321_30" fromId="77" toId="78">
</dataflow>
<dataflow id="400" from="local_D_V" to="local_D_V_addr" fromId="14" toId="79">
</dataflow>
<dataflow id="401" from="StgValue_261" to="local_D_V_addr" fromId="261" toId="79">
</dataflow>
<dataflow id="402" from="zext_ln321_30" to="local_D_V_addr" fromId="78" toId="79">
</dataflow>
<dataflow id="403" from="local_D_V_addr" to="tmp_V" fromId="79" toId="80">
</dataflow>
<dataflow id="404" from="select_ln544" to="add_ln700_31" fromId="72" toId="81">
</dataflow>
<dataflow id="405" from="StgValue_296" to="add_ln700_31" fromId="296" toId="81">
</dataflow>
<dataflow id="406" from="_ssdm_op_SpecLoopTripCount" to="empty_930" fromId="210" toId="82">
</dataflow>
<dataflow id="408" from="StgValue_407" to="empty_930" fromId="407" toId="82">
</dataflow>
<dataflow id="409" from="StgValue_407" to="empty_930" fromId="407" toId="82">
</dataflow>
<dataflow id="410" from="StgValue_407" to="empty_930" fromId="407" toId="82">
</dataflow>
<dataflow id="411" from="_ssdm_op_SpecRegionBegin" to="tmp_5" fromId="305" toId="83">
</dataflow>
<dataflow id="413" from="p_str36" to="tmp_5" fromId="412" toId="83">
</dataflow>
<dataflow id="414" from="_ssdm_op_SpecPipeline" to="specpipeline_ln1362" fromId="309" toId="84">
</dataflow>
<dataflow id="415" from="StgValue_311" to="specpipeline_ln1362" fromId="311" toId="84">
</dataflow>
<dataflow id="416" from="StgValue_311" to="specpipeline_ln1362" fromId="311" toId="84">
</dataflow>
<dataflow id="417" from="StgValue_311" to="specpipeline_ln1362" fromId="311" toId="84">
</dataflow>
<dataflow id="418" from="StgValue_124" to="specpipeline_ln1362" fromId="124" toId="84">
</dataflow>
<dataflow id="419" from="p_str" to="specpipeline_ln1362" fromId="127" toId="84">
</dataflow>
<dataflow id="420" from="local_D_V_addr" to="tmp_V" fromId="79" toId="85">
</dataflow>
<dataflow id="422" from="_ssdm_op_Write.ap_fifo.volatile.i128P" to="write_ln1368" fromId="421" toId="86">
</dataflow>
<dataflow id="423" from="fifo_D_drain_out_V_V" to="write_ln1368" fromId="117" toId="86">
</dataflow>
<dataflow id="424" from="tmp_V" to="write_ln1368" fromId="85" toId="86">
</dataflow>
<dataflow id="425" from="_ssdm_op_SpecRegionEnd" to="empty_931" fromId="357" toId="87">
</dataflow>
<dataflow id="426" from="p_str36" to="empty_931" fromId="412" toId="87">
</dataflow>
<dataflow id="427" from="tmp_5" to="empty_931" fromId="83" toId="87">
</dataflow>
<dataflow id="428" from="icmp_ln1432" to="StgValue_2" fromId="18" toId="2">
</dataflow>
<dataflow id="429" from="icmp_ln1280" to="StgValue_3" fromId="27" toId="3">
</dataflow>
<dataflow id="430" from="icmp_ln1280" to="StgValue_4" fromId="27" toId="4">
</dataflow>
<dataflow id="431" from="trunc_ln1371" to="StgValue_4" fromId="35" toId="4">
</dataflow>
<dataflow id="432" from="icmp_ln1280" to="StgValue_5" fromId="27" toId="5">
</dataflow>
<dataflow id="433" from="icmp_ln1359" to="StgValue_7" fromId="67" toId="7">
</dataflow>
<dataflow id="434" from="icmp_ln1359" to="StgValue_8" fromId="67" toId="8">
</dataflow>
<dataflow id="435" from="icmp_ln1432" to="StgValue_3" fromId="18" toId="3">
</dataflow>
<dataflow id="436" from="icmp_ln1432" to="StgValue_4" fromId="18" toId="4">
</dataflow>
<dataflow id="437" from="icmp_ln1432" to="StgValue_5" fromId="18" toId="5">
</dataflow>
<dataflow id="438" from="trunc_ln1371" to="StgValue_5" fromId="35" toId="5">
</dataflow>
</dataflows>


</stg>
