<stg><name>D_drain_IO_L2_out_boundary</name>


<trans_list>

<trans id="22" from="1" to="2">
<condition id="-1">
<or_exp><and_exp></and_exp></or_exp>
</condition>
</trans>

<trans id="28" from="2" to="4">
<condition id="-1">
<or_exp><and_exp><literal name="icmp_ln1528" val="1"/>
</and_exp></or_exp>
</condition>
</trans>

<trans id="29" from="2" to="3">
<condition id="-1">
<or_exp><and_exp><literal name="icmp_ln1528" val="0"/>
</and_exp></or_exp>
</condition>
</trans>

<trans id="27" from="3" to="2">
<condition id="-1">
<or_exp><and_exp></and_exp></or_exp>
</condition>
</trans>
</trans_list>



<state_list>

<state id="1" st_id="1">

<operation id="5" st_id="1" stage="1" lat="1">
<core>NULL</core>
<MemPortIdVec></MemPortIdVec>
<condition id="-1">
<or_exp><and_exp></and_exp></or_exp>
</condition>

<Node id="3" bw="0" op_0_bw="0" op_1_bw="128" op_2_bw="0" op_3_bw="32" op_4_bw="32" op_5_bw="0" op_6_bw="32" op_7_bw="32" op_8_bw="0" op_9_bw="0" op_10_bw="0" op_11_bw="32" op_12_bw="32" op_13_bw="32" op_14_bw="32" op_15_bw="0" op_16_bw="0">
<![CDATA[
:0  call void (...)* @_ssdm_op_SpecInterface(i128* %fifo_D_drain_out_V_V, [8 x i8]* @ap_fifo_str, i32 0, i32 0, [1 x i8]* @p_str, i32 0, i32 0, [1 x i8]* @p_str, [1 x i8]* @p_str, [1 x i8]* @p_str, i32 2, i32 2, i32 16, i32 16, [1 x i8]* @p_str, [1 x i8]* @p_str)

]]></Node>
<StgValue><ssdm name="specinterface_ln0"/></StgValue>
</operation>

<operation id="6" st_id="1" stage="1" lat="1">
<core>NULL</core>
<MemPortIdVec></MemPortIdVec>
<condition id="-1">
<or_exp><and_exp></and_exp></or_exp>
</condition>

<Node id="4" bw="0" op_0_bw="0" op_1_bw="128" op_2_bw="0" op_3_bw="32" op_4_bw="32" op_5_bw="0" op_6_bw="32" op_7_bw="32" op_8_bw="0" op_9_bw="0" op_10_bw="0" op_11_bw="32" op_12_bw="32" op_13_bw="32" op_14_bw="32" op_15_bw="0" op_16_bw="0">
<![CDATA[
:1  call void (...)* @_ssdm_op_SpecInterface(i128* %fifo_D_drain_local_in_V_V, [8 x i8]* @ap_fifo_str, i32 0, i32 0, [1 x i8]* @p_str, i32 0, i32 0, [1 x i8]* @p_str, [1 x i8]* @p_str, [1 x i8]* @p_str, i32 2, i32 2, i32 16, i32 16, [1 x i8]* @p_str, [1 x i8]* @p_str)

]]></Node>
<StgValue><ssdm name="specinterface_ln0"/></StgValue>
</operation>

<operation id="7" st_id="1" stage="1" lat="1">
<core>NULL</core>
<MemPortIdVec></MemPortIdVec>
<condition id="-1">
<or_exp><and_exp></and_exp></or_exp>
</condition>

<Node id="5" bw="0" op_0_bw="0" op_1_bw="128" op_2_bw="0" op_3_bw="0" op_4_bw="0" op_5_bw="32" op_6_bw="0" op_7_bw="0" op_8_bw="0" op_9_bw="0" op_10_bw="0">
<![CDATA[
:2  call void (...)* @_ssdm_op_SpecMemCore(i128* %fifo_D_drain_out_V_V, [1 x i8]* @p_str, [9 x i8]* @p_str50, [1 x i8]* @p_str, i32 -1, [1 x i8]* @p_str, [1 x i8]* @p_str, [1 x i8]* @p_str, [1 x i8]* @p_str, [1 x i8]* @p_str)

]]></Node>
<StgValue><ssdm name="specmemcore_ln0"/></StgValue>
</operation>

<operation id="8" st_id="1" stage="1" lat="1">
<core>NULL</core>
<MemPortIdVec></MemPortIdVec>
<condition id="-1">
<or_exp><and_exp></and_exp></or_exp>
</condition>

<Node id="6" bw="0" op_0_bw="0" op_1_bw="128" op_2_bw="0" op_3_bw="0" op_4_bw="0" op_5_bw="32" op_6_bw="0" op_7_bw="0" op_8_bw="0" op_9_bw="0" op_10_bw="0">
<![CDATA[
:3  call void (...)* @_ssdm_op_SpecMemCore(i128* %fifo_D_drain_local_in_V_V, [1 x i8]* @p_str, [9 x i8]* @p_str50, [1 x i8]* @p_str, i32 -1, [1 x i8]* @p_str, [1 x i8]* @p_str, [1 x i8]* @p_str, [1 x i8]* @p_str, [1 x i8]* @p_str)

]]></Node>
<StgValue><ssdm name="specmemcore_ln0"/></StgValue>
</operation>

<operation id="9" st_id="1" stage="1" lat="1">
<core>NULL</core>
<MemPortIdVec></MemPortIdVec>
<condition id="-1">
<or_exp><and_exp></and_exp></or_exp>
</condition>

<Node id="7" bw="0" op_0_bw="0">
<![CDATA[
:4  br label %.preheader.0

]]></Node>
<StgValue><ssdm name="br_ln1528"/></StgValue>
</operation>
</state>

<state id="2" st_id="2">

<operation id="10" st_id="2" stage="1" lat="1">
<core>NULL</core>
<MemPortIdVec></MemPortIdVec>
<condition id="-1">
<or_exp><and_exp></and_exp></or_exp>
</condition>

<Node id="9" bw="11" op_0_bw="11" op_1_bw="0" op_2_bw="11" op_3_bw="0">
<![CDATA[
.preheader.0:0  %indvar_flatten59 = phi i11 [ 0, %0 ], [ %add_ln1528, %hls_label_36 ]

]]></Node>
<StgValue><ssdm name="indvar_flatten59"/></StgValue>
</operation>

<operation id="11" st_id="2" stage="1" lat="1">
<core>Cmp</core>
<MemPortIdVec></MemPortIdVec>
<condition id="-1">
<or_exp><and_exp></and_exp></or_exp>
</condition>

<Node id="10" bw="1" op_0_bw="11" op_1_bw="11">
<![CDATA[
.preheader.0:1  %icmp_ln1528 = icmp eq i11 %indvar_flatten59, -1024

]]></Node>
<StgValue><ssdm name="icmp_ln1528"/></StgValue>
</operation>

<operation id="12" st_id="2" stage="1" lat="1">
<core>AddSub</core>
<MemPortIdVec></MemPortIdVec>
<condition id="-1">
<or_exp><and_exp></and_exp></or_exp>
</condition>

<Node id="11" bw="11" op_0_bw="11" op_1_bw="11">
<![CDATA[
.preheader.0:2  %add_ln1528 = add i11 %indvar_flatten59, 1

]]></Node>
<StgValue><ssdm name="add_ln1528"/></StgValue>
</operation>

<operation id="13" st_id="2" stage="1" lat="1">
<core>NULL</core>
<MemPortIdVec></MemPortIdVec>
<condition id="-1">
<or_exp><and_exp></and_exp></or_exp>
</condition>

<Node id="12" bw="0" op_0_bw="1" op_1_bw="0" op_2_bw="0">
<![CDATA[
.preheader.0:3  br i1 %icmp_ln1528, label %1, label %hls_label_36

]]></Node>
<StgValue><ssdm name="br_ln1528"/></StgValue>
</operation>
</state>

<state id="3" st_id="3">

<operation id="14" st_id="3" stage="1" lat="1">
<core>NULL</core>
<MemPortIdVec></MemPortIdVec>
<condition id="-1">
<or_exp><and_exp><literal name="icmp_ln1528" val="0"/>
</and_exp></or_exp>
</condition>

<Node id="14" bw="32" op_0_bw="32" op_1_bw="64" op_2_bw="64" op_3_bw="64">
<![CDATA[
hls_label_36:0  %empty = call i32 (...)* @_ssdm_op_SpecLoopTripCount(i64 1024, i64 1024, i64 1024)

]]></Node>
<StgValue><ssdm name="empty"/></StgValue>
</operation>

<operation id="15" st_id="3" stage="1" lat="1">
<core>NULL</core>
<MemPortIdVec></MemPortIdVec>
<condition id="-1">
<or_exp><and_exp><literal name="icmp_ln1528" val="0"/>
</and_exp></or_exp>
</condition>

<Node id="15" bw="32" op_0_bw="32" op_1_bw="0">
<![CDATA[
hls_label_36:1  %tmp = call i32 (...)* @_ssdm_op_SpecRegionBegin([13 x i8]* @p_str39)

]]></Node>
<StgValue><ssdm name="tmp"/></StgValue>
</operation>

<operation id="16" st_id="3" stage="1" lat="1">
<core>NULL</core>
<MemPortIdVec></MemPortIdVec>
<condition id="-1">
<or_exp><and_exp><literal name="icmp_ln1528" val="0"/>
</and_exp></or_exp>
</condition>

<Node id="16" bw="0" op_0_bw="0" op_1_bw="32" op_2_bw="32" op_3_bw="32" op_4_bw="32" op_5_bw="0">
<![CDATA[
hls_label_36:2  call void (...)* @_ssdm_op_SpecPipeline(i32 1, i32 1, i32 1, i32 0, [1 x i8]* @p_str) nounwind

]]></Node>
<StgValue><ssdm name="specpipeline_ln1540"/></StgValue>
</operation>

<operation id="17" st_id="3" stage="1" lat="1">
<core>FIFO_SRL</core>
<MemPortIdVec></MemPortIdVec>
<condition id="-1">
<or_exp><and_exp><literal name="icmp_ln1528" val="0"/>
</and_exp></or_exp>
</condition>

<Node id="17" bw="128" op_0_bw="128" op_1_bw="128">
<![CDATA[
hls_label_36:3  %tmp_V = call i128 @_ssdm_op_Read.ap_fifo.volatile.i128P(i128* %fifo_D_drain_local_in_V_V)

]]></Node>
<StgValue><ssdm name="tmp_V"/></StgValue>
</operation>

<operation id="18" st_id="3" stage="1" lat="1">
<core>FIFO_SRL</core>
<MemPortIdVec></MemPortIdVec>
<condition id="-1">
<or_exp><and_exp><literal name="icmp_ln1528" val="0"/>
</and_exp></or_exp>
</condition>

<Node id="18" bw="0" op_0_bw="0" op_1_bw="128" op_2_bw="128">
<![CDATA[
hls_label_36:4  call void @_ssdm_op_Write.ap_fifo.volatile.i128P(i128* %fifo_D_drain_out_V_V, i128 %tmp_V)

]]></Node>
<StgValue><ssdm name="write_ln1546"/></StgValue>
</operation>

<operation id="19" st_id="3" stage="1" lat="1">
<core>NULL</core>
<MemPortIdVec></MemPortIdVec>
<condition id="-1">
<or_exp><and_exp><literal name="icmp_ln1528" val="0"/>
</and_exp></or_exp>
</condition>

<Node id="19" bw="32" op_0_bw="32" op_1_bw="0" op_2_bw="32">
<![CDATA[
hls_label_36:5  %empty_812 = call i32 (...)* @_ssdm_op_SpecRegionEnd([13 x i8]* @p_str39, i32 %tmp)

]]></Node>
<StgValue><ssdm name="empty_812"/></StgValue>
</operation>

<operation id="20" st_id="3" stage="1" lat="1">
<core>NULL</core>
<MemPortIdVec></MemPortIdVec>
<condition id="-1">
<or_exp><and_exp><literal name="icmp_ln1528" val="0"/>
</and_exp></or_exp>
</condition>

<Node id="20" bw="0" op_0_bw="0">
<![CDATA[
hls_label_36:6  br label %.preheader.0

]]></Node>
<StgValue><ssdm name="br_ln1539"/></StgValue>
</operation>
</state>

<state id="4" st_id="4">

<operation id="21" st_id="4" stage="1" lat="1">
<core>NULL</core>
<MemPortIdVec></MemPortIdVec>
<condition id="-1">
<or_exp><and_exp></and_exp></or_exp>
</condition>

<Node id="22" bw="0">
<![CDATA[
:0  ret void

]]></Node>
<StgValue><ssdm name="ret_ln1553"/></StgValue>
</operation>
</state>
</state_list>


<ports>
<port id="30" name="fifo_D_drain_out_V_V" dir="1" iftype="3">
<core>FIFO_SRL</core><StgValue><ssdm name="fifo_D_drain_out_V_V"/></StgValue>
</port>
<port id="31" name="fifo_D_drain_local_in_V_V" dir="0" iftype="3">
<core>FIFO_SRL</core><StgValue><ssdm name="fifo_D_drain_local_in_V_V"/></StgValue>
</port>
</ports>


<dataflows>
<dataflow id="33" from="_ssdm_op_SpecInterface" to="specinterface_ln0" fromId="32" toId="5">
</dataflow>
<dataflow id="34" from="fifo_D_drain_out_V_V" to="specinterface_ln0" fromId="30" toId="5">
</dataflow>
<dataflow id="36" from="ap_fifo_str" to="specinterface_ln0" fromId="35" toId="5">
</dataflow>
<dataflow id="38" from="StgValue_37" to="specinterface_ln0" fromId="37" toId="5">
</dataflow>
<dataflow id="39" from="StgValue_37" to="specinterface_ln0" fromId="37" toId="5">
</dataflow>
<dataflow id="41" from="p_str" to="specinterface_ln0" fromId="40" toId="5">
</dataflow>
<dataflow id="42" from="StgValue_37" to="specinterface_ln0" fromId="37" toId="5">
</dataflow>
<dataflow id="43" from="StgValue_37" to="specinterface_ln0" fromId="37" toId="5">
</dataflow>
<dataflow id="44" from="p_str" to="specinterface_ln0" fromId="40" toId="5">
</dataflow>
<dataflow id="45" from="p_str" to="specinterface_ln0" fromId="40" toId="5">
</dataflow>
<dataflow id="46" from="p_str" to="specinterface_ln0" fromId="40" toId="5">
</dataflow>
<dataflow id="48" from="StgValue_47" to="specinterface_ln0" fromId="47" toId="5">
</dataflow>
<dataflow id="49" from="StgValue_47" to="specinterface_ln0" fromId="47" toId="5">
</dataflow>
<dataflow id="51" from="StgValue_50" to="specinterface_ln0" fromId="50" toId="5">
</dataflow>
<dataflow id="52" from="StgValue_50" to="specinterface_ln0" fromId="50" toId="5">
</dataflow>
<dataflow id="53" from="p_str" to="specinterface_ln0" fromId="40" toId="5">
</dataflow>
<dataflow id="54" from="p_str" to="specinterface_ln0" fromId="40" toId="5">
</dataflow>
<dataflow id="55" from="_ssdm_op_SpecInterface" to="specinterface_ln0" fromId="32" toId="6">
</dataflow>
<dataflow id="56" from="fifo_D_drain_local_in_V_V" to="specinterface_ln0" fromId="31" toId="6">
</dataflow>
<dataflow id="57" from="ap_fifo_str" to="specinterface_ln0" fromId="35" toId="6">
</dataflow>
<dataflow id="58" from="StgValue_37" to="specinterface_ln0" fromId="37" toId="6">
</dataflow>
<dataflow id="59" from="StgValue_37" to="specinterface_ln0" fromId="37" toId="6">
</dataflow>
<dataflow id="60" from="p_str" to="specinterface_ln0" fromId="40" toId="6">
</dataflow>
<dataflow id="61" from="StgValue_37" to="specinterface_ln0" fromId="37" toId="6">
</dataflow>
<dataflow id="62" from="StgValue_37" to="specinterface_ln0" fromId="37" toId="6">
</dataflow>
<dataflow id="63" from="p_str" to="specinterface_ln0" fromId="40" toId="6">
</dataflow>
<dataflow id="64" from="p_str" to="specinterface_ln0" fromId="40" toId="6">
</dataflow>
<dataflow id="65" from="p_str" to="specinterface_ln0" fromId="40" toId="6">
</dataflow>
<dataflow id="66" from="StgValue_47" to="specinterface_ln0" fromId="47" toId="6">
</dataflow>
<dataflow id="67" from="StgValue_47" to="specinterface_ln0" fromId="47" toId="6">
</dataflow>
<dataflow id="68" from="StgValue_50" to="specinterface_ln0" fromId="50" toId="6">
</dataflow>
<dataflow id="69" from="StgValue_50" to="specinterface_ln0" fromId="50" toId="6">
</dataflow>
<dataflow id="70" from="p_str" to="specinterface_ln0" fromId="40" toId="6">
</dataflow>
<dataflow id="71" from="p_str" to="specinterface_ln0" fromId="40" toId="6">
</dataflow>
<dataflow id="73" from="_ssdm_op_SpecMemCore" to="specmemcore_ln0" fromId="72" toId="7">
</dataflow>
<dataflow id="74" from="fifo_D_drain_out_V_V" to="specmemcore_ln0" fromId="30" toId="7">
</dataflow>
<dataflow id="75" from="p_str" to="specmemcore_ln0" fromId="40" toId="7">
</dataflow>
<dataflow id="77" from="p_str50" to="specmemcore_ln0" fromId="76" toId="7">
</dataflow>
<dataflow id="78" from="p_str" to="specmemcore_ln0" fromId="40" toId="7">
</dataflow>
<dataflow id="80" from="StgValue_79" to="specmemcore_ln0" fromId="79" toId="7">
</dataflow>
<dataflow id="81" from="p_str" to="specmemcore_ln0" fromId="40" toId="7">
</dataflow>
<dataflow id="82" from="p_str" to="specmemcore_ln0" fromId="40" toId="7">
</dataflow>
<dataflow id="83" from="p_str" to="specmemcore_ln0" fromId="40" toId="7">
</dataflow>
<dataflow id="84" from="p_str" to="specmemcore_ln0" fromId="40" toId="7">
</dataflow>
<dataflow id="85" from="p_str" to="specmemcore_ln0" fromId="40" toId="7">
</dataflow>
<dataflow id="86" from="_ssdm_op_SpecMemCore" to="specmemcore_ln0" fromId="72" toId="8">
</dataflow>
<dataflow id="87" from="fifo_D_drain_local_in_V_V" to="specmemcore_ln0" fromId="31" toId="8">
</dataflow>
<dataflow id="88" from="p_str" to="specmemcore_ln0" fromId="40" toId="8">
</dataflow>
<dataflow id="89" from="p_str50" to="specmemcore_ln0" fromId="76" toId="8">
</dataflow>
<dataflow id="90" from="p_str" to="specmemcore_ln0" fromId="40" toId="8">
</dataflow>
<dataflow id="91" from="StgValue_79" to="specmemcore_ln0" fromId="79" toId="8">
</dataflow>
<dataflow id="92" from="p_str" to="specmemcore_ln0" fromId="40" toId="8">
</dataflow>
<dataflow id="93" from="p_str" to="specmemcore_ln0" fromId="40" toId="8">
</dataflow>
<dataflow id="94" from="p_str" to="specmemcore_ln0" fromId="40" toId="8">
</dataflow>
<dataflow id="95" from="p_str" to="specmemcore_ln0" fromId="40" toId="8">
</dataflow>
<dataflow id="96" from="p_str" to="specmemcore_ln0" fromId="40" toId="8">
</dataflow>
<dataflow id="98" from="StgValue_97" to="indvar_flatten59" fromId="97" toId="10">
<condition id="-1">
<or_exp><and_exp></and_exp></or_exp>
</condition>
</dataflow>
<dataflow id="99" from="br_ln1528" to="indvar_flatten59" fromId="9" toId="10">
</dataflow>
<dataflow id="100" from="add_ln1528" to="indvar_flatten59" fromId="12" toId="10">
<BackEdge/>
<condition id="-1">
<or_exp><and_exp><literal name="icmp_ln1528" val="0"/>
</and_exp></or_exp>
</condition>
</dataflow>
<dataflow id="101" from="br_ln1539" to="indvar_flatten59" fromId="20" toId="10">
<BackEdge/>
</dataflow>
<dataflow id="102" from="indvar_flatten59" to="icmp_ln1528" fromId="10" toId="11">
</dataflow>
<dataflow id="104" from="StgValue_103" to="icmp_ln1528" fromId="103" toId="11">
</dataflow>
<dataflow id="105" from="indvar_flatten59" to="add_ln1528" fromId="10" toId="12">
</dataflow>
<dataflow id="107" from="StgValue_106" to="add_ln1528" fromId="106" toId="12">
</dataflow>
<dataflow id="108" from="icmp_ln1528" to="br_ln1528" fromId="11" toId="13">
</dataflow>
<dataflow id="110" from="_ssdm_op_SpecLoopTripCount" to="empty" fromId="109" toId="14">
</dataflow>
<dataflow id="112" from="StgValue_111" to="empty" fromId="111" toId="14">
</dataflow>
<dataflow id="113" from="StgValue_111" to="empty" fromId="111" toId="14">
</dataflow>
<dataflow id="114" from="StgValue_111" to="empty" fromId="111" toId="14">
</dataflow>
<dataflow id="116" from="_ssdm_op_SpecRegionBegin" to="tmp" fromId="115" toId="15">
</dataflow>
<dataflow id="118" from="p_str39" to="tmp" fromId="117" toId="15">
</dataflow>
<dataflow id="120" from="_ssdm_op_SpecPipeline" to="specpipeline_ln1540" fromId="119" toId="16">
</dataflow>
<dataflow id="122" from="StgValue_121" to="specpipeline_ln1540" fromId="121" toId="16">
</dataflow>
<dataflow id="123" from="StgValue_121" to="specpipeline_ln1540" fromId="121" toId="16">
</dataflow>
<dataflow id="124" from="StgValue_121" to="specpipeline_ln1540" fromId="121" toId="16">
</dataflow>
<dataflow id="125" from="StgValue_37" to="specpipeline_ln1540" fromId="37" toId="16">
</dataflow>
<dataflow id="126" from="p_str" to="specpipeline_ln1540" fromId="40" toId="16">
</dataflow>
<dataflow id="128" from="_ssdm_op_Read.ap_fifo.volatile.i128P" to="tmp_V" fromId="127" toId="17">
</dataflow>
<dataflow id="129" from="fifo_D_drain_local_in_V_V" to="tmp_V" fromId="31" toId="17">
</dataflow>
<dataflow id="131" from="_ssdm_op_Write.ap_fifo.volatile.i128P" to="write_ln1546" fromId="130" toId="18">
</dataflow>
<dataflow id="132" from="fifo_D_drain_out_V_V" to="write_ln1546" fromId="30" toId="18">
</dataflow>
<dataflow id="133" from="tmp_V" to="write_ln1546" fromId="17" toId="18">
</dataflow>
<dataflow id="135" from="_ssdm_op_SpecRegionEnd" to="empty_812" fromId="134" toId="19">
</dataflow>
<dataflow id="136" from="p_str39" to="empty_812" fromId="117" toId="19">
</dataflow>
<dataflow id="137" from="tmp" to="empty_812" fromId="15" toId="19">
</dataflow>
<dataflow id="138" from="icmp_ln1528" to="StgValue_3" fromId="11" toId="3">
</dataflow>
<dataflow id="139" from="icmp_ln1528" to="StgValue_2" fromId="11" toId="2">
</dataflow>
</dataflows>


</stg>
