<stg><name>D_drain_IO_L2_out489</name>


<trans_list>

<trans id="61" from="1" to="2">
<condition id="-1">
<or_exp><and_exp></and_exp></or_exp>
</condition>
</trans>

<trans id="62" from="2" to="3">
<condition id="-1">
<or_exp><and_exp><literal name="icmp_ln1475" val="0"/>
<literal name="icmp_ln879" val="0"/>
</and_exp></or_exp>
</condition>
</trans>

<trans id="66" from="2" to="6">
<condition id="-1">
<or_exp><and_exp><literal name="icmp_ln1475" val="0"/>
<literal name="icmp_ln879" val="1"/>
</and_exp></or_exp>
</condition>
</trans>

<trans id="73" from="3" to="5">
<condition id="-1">
<or_exp><and_exp><literal name="icmp_ln1499" val="1"/>
</and_exp></or_exp>
</condition>
</trans>

<trans id="74" from="3" to="4">
<condition id="-1">
<or_exp><and_exp><literal name="icmp_ln1499" val="0"/>
</and_exp></or_exp>
</condition>
</trans>

<trans id="72" from="4" to="3">
<condition id="-1">
<or_exp><and_exp></and_exp></or_exp>
</condition>
</trans>

<trans id="70" from="5" to="2">
<condition id="-1">
<or_exp><and_exp></and_exp></or_exp>
</condition>
</trans>

<trans id="77" from="6" to="5">
<condition id="-1">
<or_exp><and_exp><literal name="icmp_ln1482" val="1"/>
</and_exp></or_exp>
</condition>
</trans>

<trans id="78" from="6" to="7">
<condition id="-1">
<or_exp><and_exp><literal name="icmp_ln1482" val="0"/>
</and_exp></or_exp>
</condition>
</trans>

<trans id="76" from="7" to="6">
<condition id="-1">
<or_exp><and_exp></and_exp></or_exp>
</condition>
</trans>
</trans_list>



<state_list>

<state id="1" st_id="1">

<operation id="8" st_id="1" stage="1" lat="1">
<core>NULL</core>
<MemPortIdVec></MemPortIdVec>
<condition id="-1">
<or_exp><and_exp></and_exp></or_exp>
</condition>

<Node id="4" bw="0" op_0_bw="0" op_1_bw="128" op_2_bw="0" op_3_bw="32" op_4_bw="32" op_5_bw="0" op_6_bw="32" op_7_bw="32" op_8_bw="0" op_9_bw="0" op_10_bw="0" op_11_bw="32" op_12_bw="32" op_13_bw="32" op_14_bw="32" op_15_bw="0" op_16_bw="0">
<![CDATA[
:0  call void (...)* @_ssdm_op_SpecInterface(i128* %fifo_D_drain_in_V_V, [8 x i8]* @ap_fifo_str, i32 0, i32 0, [1 x i8]* @p_str, i32 0, i32 0, [1 x i8]* @p_str, [1 x i8]* @p_str, [1 x i8]* @p_str, i32 2, i32 2, i32 16, i32 16, [1 x i8]* @p_str, [1 x i8]* @p_str)

]]></Node>
<StgValue><ssdm name="specinterface_ln0"/></StgValue>
</operation>

<operation id="9" st_id="1" stage="1" lat="1">
<core>NULL</core>
<MemPortIdVec></MemPortIdVec>
<condition id="-1">
<or_exp><and_exp></and_exp></or_exp>
</condition>

<Node id="5" bw="0" op_0_bw="0" op_1_bw="128" op_2_bw="0" op_3_bw="32" op_4_bw="32" op_5_bw="0" op_6_bw="32" op_7_bw="32" op_8_bw="0" op_9_bw="0" op_10_bw="0" op_11_bw="32" op_12_bw="32" op_13_bw="32" op_14_bw="32" op_15_bw="0" op_16_bw="0">
<![CDATA[
:1  call void (...)* @_ssdm_op_SpecInterface(i128* %fifo_D_drain_out_V_V, [8 x i8]* @ap_fifo_str, i32 0, i32 0, [1 x i8]* @p_str, i32 0, i32 0, [1 x i8]* @p_str, [1 x i8]* @p_str, [1 x i8]* @p_str, i32 2, i32 2, i32 16, i32 16, [1 x i8]* @p_str, [1 x i8]* @p_str)

]]></Node>
<StgValue><ssdm name="specinterface_ln0"/></StgValue>
</operation>

<operation id="10" st_id="1" stage="1" lat="1">
<core>NULL</core>
<MemPortIdVec></MemPortIdVec>
<condition id="-1">
<or_exp><and_exp></and_exp></or_exp>
</condition>

<Node id="6" bw="0" op_0_bw="0" op_1_bw="128" op_2_bw="0" op_3_bw="32" op_4_bw="32" op_5_bw="0" op_6_bw="32" op_7_bw="32" op_8_bw="0" op_9_bw="0" op_10_bw="0" op_11_bw="32" op_12_bw="32" op_13_bw="32" op_14_bw="32" op_15_bw="0" op_16_bw="0">
<![CDATA[
:2  call void (...)* @_ssdm_op_SpecInterface(i128* %fifo_D_drain_local_in_V_V, [8 x i8]* @ap_fifo_str, i32 0, i32 0, [1 x i8]* @p_str, i32 0, i32 0, [1 x i8]* @p_str, [1 x i8]* @p_str, [1 x i8]* @p_str, i32 2, i32 2, i32 16, i32 16, [1 x i8]* @p_str, [1 x i8]* @p_str)

]]></Node>
<StgValue><ssdm name="specinterface_ln0"/></StgValue>
</operation>

<operation id="11" st_id="1" stage="1" lat="1">
<core>NULL</core>
<MemPortIdVec></MemPortIdVec>
<condition id="-1">
<or_exp><and_exp></and_exp></or_exp>
</condition>

<Node id="7" bw="0" op_0_bw="0" op_1_bw="128" op_2_bw="0" op_3_bw="0" op_4_bw="0" op_5_bw="32" op_6_bw="0" op_7_bw="0" op_8_bw="0" op_9_bw="0" op_10_bw="0">
<![CDATA[
:3  call void (...)* @_ssdm_op_SpecMemCore(i128* %fifo_D_drain_in_V_V, [1 x i8]* @p_str, [9 x i8]* @p_str50, [1 x i8]* @p_str, i32 -1, [1 x i8]* @p_str, [1 x i8]* @p_str, [1 x i8]* @p_str, [1 x i8]* @p_str, [1 x i8]* @p_str)

]]></Node>
<StgValue><ssdm name="specmemcore_ln0"/></StgValue>
</operation>

<operation id="12" st_id="1" stage="1" lat="1">
<core>NULL</core>
<MemPortIdVec></MemPortIdVec>
<condition id="-1">
<or_exp><and_exp></and_exp></or_exp>
</condition>

<Node id="8" bw="0" op_0_bw="0" op_1_bw="128" op_2_bw="0" op_3_bw="0" op_4_bw="0" op_5_bw="32" op_6_bw="0" op_7_bw="0" op_8_bw="0" op_9_bw="0" op_10_bw="0">
<![CDATA[
:4  call void (...)* @_ssdm_op_SpecMemCore(i128* %fifo_D_drain_out_V_V, [1 x i8]* @p_str, [9 x i8]* @p_str50, [1 x i8]* @p_str, i32 -1, [1 x i8]* @p_str, [1 x i8]* @p_str, [1 x i8]* @p_str, [1 x i8]* @p_str, [1 x i8]* @p_str)

]]></Node>
<StgValue><ssdm name="specmemcore_ln0"/></StgValue>
</operation>

<operation id="13" st_id="1" stage="1" lat="1">
<core>NULL</core>
<MemPortIdVec></MemPortIdVec>
<condition id="-1">
<or_exp><and_exp></and_exp></or_exp>
</condition>

<Node id="9" bw="0" op_0_bw="0" op_1_bw="128" op_2_bw="0" op_3_bw="0" op_4_bw="0" op_5_bw="32" op_6_bw="0" op_7_bw="0" op_8_bw="0" op_9_bw="0" op_10_bw="0">
<![CDATA[
:5  call void (...)* @_ssdm_op_SpecMemCore(i128* %fifo_D_drain_local_in_V_V, [1 x i8]* @p_str, [9 x i8]* @p_str50, [1 x i8]* @p_str, i32 -1, [1 x i8]* @p_str, [1 x i8]* @p_str, [1 x i8]* @p_str, [1 x i8]* @p_str, [1 x i8]* @p_str)

]]></Node>
<StgValue><ssdm name="specmemcore_ln0"/></StgValue>
</operation>

<operation id="14" st_id="1" stage="1" lat="1">
<core>NULL</core>
<MemPortIdVec></MemPortIdVec>
<condition id="-1">
<or_exp><and_exp></and_exp></or_exp>
</condition>

<Node id="10" bw="0" op_0_bw="0">
<![CDATA[
:6  br label %.preheader313

]]></Node>
<StgValue><ssdm name="br_ln1475"/></StgValue>
</operation>
</state>

<state id="2" st_id="2">

<operation id="15" st_id="2" stage="1" lat="1">
<core>NULL</core>
<MemPortIdVec></MemPortIdVec>
<condition id="-1">
<or_exp><and_exp></and_exp></or_exp>
</condition>

<Node id="12" bw="4" op_0_bw="4" op_1_bw="0" op_2_bw="4" op_3_bw="0">
<![CDATA[
.preheader313:0  %indvar_flatten49 = phi i4 [ 0, %0 ], [ %add_ln1475, %.loopexit ]

]]></Node>
<StgValue><ssdm name="indvar_flatten49"/></StgValue>
</operation>

<operation id="16" st_id="2" stage="1" lat="1">
<core>NULL</core>
<MemPortIdVec></MemPortIdVec>
<condition id="-1">
<or_exp><and_exp></and_exp></or_exp>
</condition>

<Node id="13" bw="4" op_0_bw="4" op_1_bw="0" op_2_bw="4" op_3_bw="0">
<![CDATA[
.preheader313:1  %indvar_flatten37 = phi i4 [ 0, %0 ], [ %select_ln1476, %.loopexit ]

]]></Node>
<StgValue><ssdm name="indvar_flatten37"/></StgValue>
</operation>

<operation id="17" st_id="2" stage="1" lat="1">
<core>NULL</core>
<MemPortIdVec></MemPortIdVec>
<condition id="-1">
<or_exp><and_exp></and_exp></or_exp>
</condition>

<Node id="14" bw="5" op_0_bw="5" op_1_bw="0" op_2_bw="5" op_3_bw="0">
<![CDATA[
.preheader313:2  %p_026_0 = phi i5 [ 14, %0 ], [ %c3_V, %.loopexit ]

]]></Node>
<StgValue><ssdm name="p_026_0"/></StgValue>
</operation>

<operation id="18" st_id="2" stage="1" lat="1">
<core>Cmp</core>
<MemPortIdVec></MemPortIdVec>
<condition id="-1">
<or_exp><and_exp></and_exp></or_exp>
</condition>

<Node id="15" bw="1" op_0_bw="4" op_1_bw="4">
<![CDATA[
.preheader313:3  %icmp_ln1475 = icmp eq i4 %indvar_flatten49, -8

]]></Node>
<StgValue><ssdm name="icmp_ln1475"/></StgValue>
</operation>

<operation id="19" st_id="2" stage="1" lat="1">
<core>AddSub</core>
<MemPortIdVec></MemPortIdVec>
<condition id="-1">
<or_exp><and_exp></and_exp></or_exp>
</condition>

<Node id="16" bw="4" op_0_bw="4" op_1_bw="4">
<![CDATA[
.preheader313:4  %add_ln1475 = add i4 %indvar_flatten49, 1

]]></Node>
<StgValue><ssdm name="add_ln1475"/></StgValue>
</operation>

<operation id="20" st_id="2" stage="1" lat="1">
<core>NULL</core>
<MemPortIdVec></MemPortIdVec>
<condition id="-1">
<or_exp><and_exp></and_exp></or_exp>
</condition>

<Node id="17" bw="0" op_0_bw="1" op_1_bw="0" op_2_bw="0">
<![CDATA[
.preheader313:5  br i1 %icmp_ln1475, label %1, label %.preheader310.preheader

]]></Node>
<StgValue><ssdm name="br_ln1475"/></StgValue>
</operation>

<operation id="21" st_id="2" stage="1" lat="1">
<core>NULL</core>
<MemPortIdVec></MemPortIdVec>
<condition id="-1">
<or_exp><and_exp><literal name="icmp_ln1475" val="0"/>
</and_exp></or_exp>
</condition>

<Node id="19" bw="32" op_0_bw="32" op_1_bw="64" op_2_bw="64" op_3_bw="64">
<![CDATA[
.preheader310.preheader:0  %empty_872 = call i32 (...)* @_ssdm_op_SpecLoopTripCount(i64 8, i64 8, i64 8)

]]></Node>
<StgValue><ssdm name="empty_872"/></StgValue>
</operation>

<operation id="22" st_id="2" stage="1" lat="1">
<core>Cmp</core>
<MemPortIdVec></MemPortIdVec>
<condition id="-1">
<or_exp><and_exp><literal name="icmp_ln1475" val="0"/>
</and_exp></or_exp>
</condition>

<Node id="20" bw="1" op_0_bw="4" op_1_bw="4">
<![CDATA[
.preheader310.preheader:1  %icmp_ln1476 = icmp eq i4 %indvar_flatten37, 4

]]></Node>
<StgValue><ssdm name="icmp_ln1476"/></StgValue>
</operation>

<operation id="23" st_id="2" stage="1" lat="1">
<core>LogicGate</core>
<MemPortIdVec></MemPortIdVec>
<condition id="-1">
<or_exp><and_exp><literal name="icmp_ln1475" val="0"/>
</and_exp></or_exp>
</condition>

<Node id="21" bw="1" op_0_bw="1" op_1_bw="1">
<![CDATA[
.preheader310.preheader:2  %xor_ln1476 = xor i1 %icmp_ln1476, true

]]></Node>
<StgValue><ssdm name="xor_ln1476"/></StgValue>
</operation>

<operation id="24" st_id="2" stage="1" lat="1">
<core>Cmp</core>
<MemPortIdVec></MemPortIdVec>
<condition id="-1">
<or_exp><and_exp><literal name="icmp_ln1475" val="0"/>
</and_exp></or_exp>
</condition>

<Node id="22" bw="1" op_0_bw="5" op_1_bw="5">
<![CDATA[
.preheader310.preheader:3  %icmp_ln1479 = icmp eq i5 %p_026_0, -16

]]></Node>
<StgValue><ssdm name="icmp_ln1479"/></StgValue>
</operation>

<operation id="25" st_id="2" stage="1" lat="1">
<core>LogicGate</core>
<MemPortIdVec></MemPortIdVec>
<condition id="-1">
<or_exp><and_exp><literal name="icmp_ln1475" val="0"/>
</and_exp></or_exp>
</condition>

<Node id="23" bw="1" op_0_bw="1" op_1_bw="1">
<![CDATA[
.preheader310.preheader:4  %and_ln1476 = and i1 %icmp_ln1479, %xor_ln1476

]]></Node>
<StgValue><ssdm name="and_ln1476"/></StgValue>
</operation>

<operation id="26" st_id="2" stage="1" lat="1">
<core>LogicGate</core>
<MemPortIdVec></MemPortIdVec>
<condition id="-1">
<or_exp><and_exp><literal name="icmp_ln1475" val="0"/>
</and_exp></or_exp>
</condition>

<Node id="24" bw="1" op_0_bw="1" op_1_bw="1">
<![CDATA[
.preheader310.preheader:5  %or_ln1479 = or i1 %and_ln1476, %icmp_ln1476

]]></Node>
<StgValue><ssdm name="or_ln1479"/></StgValue>
</operation>

<operation id="27" st_id="2" stage="1" lat="1">
<core>Sel</core>
<MemPortIdVec></MemPortIdVec>
<condition id="-1">
<or_exp><and_exp><literal name="icmp_ln1475" val="0"/>
</and_exp></or_exp>
</condition>

<Node id="25" bw="5" op_0_bw="1" op_1_bw="5" op_2_bw="5">
<![CDATA[
.preheader310.preheader:6  %select_ln1479 = select i1 %or_ln1479, i5 14, i5 %p_026_0

]]></Node>
<StgValue><ssdm name="select_ln1479"/></StgValue>
</operation>

<operation id="28" st_id="2" stage="1" lat="1">
<core>Cmp</core>
<MemPortIdVec></MemPortIdVec>
<condition id="-1">
<or_exp><and_exp><literal name="icmp_ln1475" val="0"/>
</and_exp></or_exp>
</condition>

<Node id="26" bw="1" op_0_bw="5" op_1_bw="5">
<![CDATA[
.preheader310.preheader:7  %icmp_ln879 = icmp eq i5 %select_ln1479, 14

]]></Node>
<StgValue><ssdm name="icmp_ln879"/></StgValue>
</operation>

<operation id="29" st_id="2" stage="1" lat="1">
<core>NULL</core>
<MemPortIdVec></MemPortIdVec>
<condition id="-1">
<or_exp><and_exp><literal name="icmp_ln1475" val="0"/>
</and_exp></or_exp>
</condition>

<Node id="27" bw="0" op_0_bw="1" op_1_bw="0" op_2_bw="0">
<![CDATA[
.preheader310.preheader:8  br i1 %icmp_ln879, label %.preheader306.preheader, label %.preheader.preheader

]]></Node>
<StgValue><ssdm name="br_ln1481"/></StgValue>
</operation>

<operation id="30" st_id="2" stage="1" lat="1">
<core>NULL</core>
<MemPortIdVec></MemPortIdVec>
<condition id="-1">
<or_exp><and_exp><literal name="icmp_ln1475" val="0"/>
<literal name="icmp_ln879" val="0"/>
</and_exp></or_exp>
</condition>

<Node id="29" bw="0" op_0_bw="0">
<![CDATA[
.preheader.preheader:0  br label %.preheader

]]></Node>
<StgValue><ssdm name="br_ln1499"/></StgValue>
</operation>

<operation id="31" st_id="2" stage="1" lat="1">
<core>NULL</core>
<MemPortIdVec></MemPortIdVec>
<condition id="-1">
<or_exp><and_exp><literal name="icmp_ln1475" val="0"/>
<literal name="icmp_ln879" val="1"/>
</and_exp></or_exp>
</condition>

<Node id="46" bw="0" op_0_bw="0">
<![CDATA[
.preheader306.preheader:0  br label %.preheader306

]]></Node>
<StgValue><ssdm name="br_ln1482"/></StgValue>
</operation>

<operation id="32" st_id="2" stage="1" lat="1">
<core>NULL</core>
<MemPortIdVec></MemPortIdVec>
<condition id="-1">
<or_exp><and_exp><literal name="icmp_ln1475" val="1"/>
</and_exp></or_exp>
</condition>

<Node id="68" bw="0">
<![CDATA[
:0  ret void

]]></Node>
<StgValue><ssdm name="ret_ln1518"/></StgValue>
</operation>
</state>

<state id="3" st_id="3">

<operation id="33" st_id="3" stage="1" lat="1">
<core>NULL</core>
<MemPortIdVec></MemPortIdVec>
<condition id="-1">
<or_exp><and_exp></and_exp></or_exp>
</condition>

<Node id="31" bw="9" op_0_bw="9" op_1_bw="0" op_2_bw="9" op_3_bw="0">
<![CDATA[
.preheader:0  %indvar_flatten30 = phi i9 [ %add_ln1499, %hls_label_35 ], [ 0, %.preheader.preheader ]

]]></Node>
<StgValue><ssdm name="indvar_flatten30"/></StgValue>
</operation>

<operation id="34" st_id="3" stage="1" lat="1">
<core>Cmp</core>
<MemPortIdVec></MemPortIdVec>
<condition id="-1">
<or_exp><and_exp></and_exp></or_exp>
</condition>

<Node id="32" bw="1" op_0_bw="9" op_1_bw="9">
<![CDATA[
.preheader:1  %icmp_ln1499 = icmp eq i9 %indvar_flatten30, -256

]]></Node>
<StgValue><ssdm name="icmp_ln1499"/></StgValue>
</operation>

<operation id="35" st_id="3" stage="1" lat="1">
<core>AddSub</core>
<MemPortIdVec></MemPortIdVec>
<condition id="-1">
<or_exp><and_exp></and_exp></or_exp>
</condition>

<Node id="33" bw="9" op_0_bw="9" op_1_bw="9">
<![CDATA[
.preheader:2  %add_ln1499 = add i9 %indvar_flatten30, 1

]]></Node>
<StgValue><ssdm name="add_ln1499"/></StgValue>
</operation>

<operation id="36" st_id="3" stage="1" lat="1">
<core>NULL</core>
<MemPortIdVec></MemPortIdVec>
<condition id="-1">
<or_exp><and_exp></and_exp></or_exp>
</condition>

<Node id="34" bw="0" op_0_bw="1" op_1_bw="0" op_2_bw="0">
<![CDATA[
.preheader:3  br i1 %icmp_ln1499, label %.loopexit.loopexit, label %hls_label_35

]]></Node>
<StgValue><ssdm name="br_ln1499"/></StgValue>
</operation>
</state>

<state id="4" st_id="4">

<operation id="37" st_id="4" stage="1" lat="1">
<core>NULL</core>
<MemPortIdVec></MemPortIdVec>
<condition id="-1">
<or_exp><and_exp><literal name="icmp_ln1499" val="0"/>
</and_exp></or_exp>
</condition>

<Node id="36" bw="32" op_0_bw="32" op_1_bw="64" op_2_bw="64" op_3_bw="64">
<![CDATA[
hls_label_35:0  %empty_870 = call i32 (...)* @_ssdm_op_SpecLoopTripCount(i64 256, i64 256, i64 256)

]]></Node>
<StgValue><ssdm name="empty_870"/></StgValue>
</operation>

<operation id="38" st_id="4" stage="1" lat="1">
<core>NULL</core>
<MemPortIdVec></MemPortIdVec>
<condition id="-1">
<or_exp><and_exp><literal name="icmp_ln1499" val="0"/>
</and_exp></or_exp>
</condition>

<Node id="37" bw="32" op_0_bw="32" op_1_bw="0">
<![CDATA[
hls_label_35:1  %tmp_s = call i32 (...)* @_ssdm_op_SpecRegionBegin([13 x i8]* @p_str38)

]]></Node>
<StgValue><ssdm name="tmp_s"/></StgValue>
</operation>

<operation id="39" st_id="4" stage="1" lat="1">
<core>NULL</core>
<MemPortIdVec></MemPortIdVec>
<condition id="-1">
<or_exp><and_exp><literal name="icmp_ln1499" val="0"/>
</and_exp></or_exp>
</condition>

<Node id="38" bw="0" op_0_bw="0" op_1_bw="32" op_2_bw="32" op_3_bw="32" op_4_bw="32" op_5_bw="0">
<![CDATA[
hls_label_35:2  call void (...)* @_ssdm_op_SpecPipeline(i32 1, i32 1, i32 1, i32 0, [1 x i8]* @p_str) nounwind

]]></Node>
<StgValue><ssdm name="specpipeline_ln1504"/></StgValue>
</operation>

<operation id="40" st_id="4" stage="1" lat="1">
<core>FIFO_SRL</core>
<MemPortIdVec></MemPortIdVec>
<condition id="-1">
<or_exp><and_exp><literal name="icmp_ln1499" val="0"/>
</and_exp></or_exp>
</condition>

<Node id="39" bw="128" op_0_bw="128" op_1_bw="128">
<![CDATA[
hls_label_35:3  %tmp_V_34 = call i128 @_ssdm_op_Read.ap_fifo.volatile.i128P(i128* %fifo_D_drain_in_V_V)

]]></Node>
<StgValue><ssdm name="tmp_V_34"/></StgValue>
</operation>

<operation id="41" st_id="4" stage="1" lat="1">
<core>FIFO_SRL</core>
<MemPortIdVec></MemPortIdVec>
<condition id="-1">
<or_exp><and_exp><literal name="icmp_ln1499" val="0"/>
</and_exp></or_exp>
</condition>

<Node id="40" bw="0" op_0_bw="0" op_1_bw="128" op_2_bw="128">
<![CDATA[
hls_label_35:4  call void @_ssdm_op_Write.ap_fifo.volatile.i128P(i128* %fifo_D_drain_out_V_V, i128 %tmp_V_34)

]]></Node>
<StgValue><ssdm name="write_ln1510"/></StgValue>
</operation>

<operation id="42" st_id="4" stage="1" lat="1">
<core>NULL</core>
<MemPortIdVec></MemPortIdVec>
<condition id="-1">
<or_exp><and_exp><literal name="icmp_ln1499" val="0"/>
</and_exp></or_exp>
</condition>

<Node id="41" bw="32" op_0_bw="32" op_1_bw="0" op_2_bw="32">
<![CDATA[
hls_label_35:5  %empty_871 = call i32 (...)* @_ssdm_op_SpecRegionEnd([13 x i8]* @p_str38, i32 %tmp_s)

]]></Node>
<StgValue><ssdm name="empty_871"/></StgValue>
</operation>

<operation id="43" st_id="4" stage="1" lat="1">
<core>NULL</core>
<MemPortIdVec></MemPortIdVec>
<condition id="-1">
<or_exp><and_exp><literal name="icmp_ln1499" val="0"/>
</and_exp></or_exp>
</condition>

<Node id="42" bw="0" op_0_bw="0">
<![CDATA[
hls_label_35:6  br label %.preheader

]]></Node>
<StgValue><ssdm name="br_ln1503"/></StgValue>
</operation>
</state>

<state id="5" st_id="5">

<operation id="44" st_id="5" stage="1" lat="1">
<core>NULL</core>
<MemPortIdVec></MemPortIdVec>
<condition id="-1">
<or_exp><and_exp><literal name="icmp_ln879" val="0"/>
</and_exp></or_exp>
</condition>

<Node id="44" bw="0" op_0_bw="0">
<![CDATA[
.loopexit.loopexit:0  br label %.loopexit

]]></Node>
<StgValue><ssdm name="br_ln0"/></StgValue>
</operation>

<operation id="45" st_id="5" stage="1" lat="1">
<core>NULL</core>
<MemPortIdVec></MemPortIdVec>
<condition id="-1">
<or_exp><and_exp><literal name="icmp_ln879" val="1"/>
</and_exp></or_exp>
</condition>

<Node id="61" bw="0" op_0_bw="0">
<![CDATA[
.loopexit.loopexit59:0  br label %.loopexit

]]></Node>
<StgValue><ssdm name="br_ln0"/></StgValue>
</operation>

<operation id="46" st_id="5" stage="1" lat="1">
<core>AddSub</core>
<MemPortIdVec></MemPortIdVec>
<condition id="-1">
<or_exp><and_exp></and_exp></or_exp>
</condition>

<Node id="63" bw="5" op_0_bw="5" op_1_bw="5">
<![CDATA[
.loopexit:0  %c3_V = add i5 %select_ln1479, 1

]]></Node>
<StgValue><ssdm name="c3_V"/></StgValue>
</operation>

<operation id="47" st_id="5" stage="1" lat="1">
<core>AddSub</core>
<MemPortIdVec></MemPortIdVec>
<condition id="-1">
<or_exp><and_exp><literal name="icmp_ln1476" val="0"/>
</and_exp></or_exp>
</condition>

<Node id="64" bw="4" op_0_bw="4" op_1_bw="4">
<![CDATA[
.loopexit:1  %add_ln1476 = add i4 %indvar_flatten37, 1

]]></Node>
<StgValue><ssdm name="add_ln1476"/></StgValue>
</operation>

<operation id="48" st_id="5" stage="1" lat="1">
<core>Sel</core>
<MemPortIdVec></MemPortIdVec>
<condition id="-1">
<or_exp><and_exp></and_exp></or_exp>
</condition>

<Node id="65" bw="4" op_0_bw="1" op_1_bw="4" op_2_bw="4">
<![CDATA[
.loopexit:2  %select_ln1476 = select i1 %icmp_ln1476, i4 1, i4 %add_ln1476

]]></Node>
<StgValue><ssdm name="select_ln1476"/></StgValue>
</operation>

<operation id="49" st_id="5" stage="1" lat="1">
<core>NULL</core>
<MemPortIdVec></MemPortIdVec>
<condition id="-1">
<or_exp><and_exp></and_exp></or_exp>
</condition>

<Node id="66" bw="0" op_0_bw="0">
<![CDATA[
.loopexit:3  br label %.preheader313

]]></Node>
<StgValue><ssdm name="br_ln1479"/></StgValue>
</operation>
</state>

<state id="6" st_id="6">

<operation id="50" st_id="6" stage="1" lat="1">
<core>NULL</core>
<MemPortIdVec></MemPortIdVec>
<condition id="-1">
<or_exp><and_exp></and_exp></or_exp>
</condition>

<Node id="48" bw="9" op_0_bw="9" op_1_bw="0" op_2_bw="9" op_3_bw="0">
<![CDATA[
.preheader306:0  %indvar_flatten11 = phi i9 [ %add_ln1482, %hls_label_34 ], [ 0, %.preheader306.preheader ]

]]></Node>
<StgValue><ssdm name="indvar_flatten11"/></StgValue>
</operation>

<operation id="51" st_id="6" stage="1" lat="1">
<core>Cmp</core>
<MemPortIdVec></MemPortIdVec>
<condition id="-1">
<or_exp><and_exp></and_exp></or_exp>
</condition>

<Node id="49" bw="1" op_0_bw="9" op_1_bw="9">
<![CDATA[
.preheader306:1  %icmp_ln1482 = icmp eq i9 %indvar_flatten11, -256

]]></Node>
<StgValue><ssdm name="icmp_ln1482"/></StgValue>
</operation>

<operation id="52" st_id="6" stage="1" lat="1">
<core>AddSub</core>
<MemPortIdVec></MemPortIdVec>
<condition id="-1">
<or_exp><and_exp></and_exp></or_exp>
</condition>

<Node id="50" bw="9" op_0_bw="9" op_1_bw="9">
<![CDATA[
.preheader306:2  %add_ln1482 = add i9 %indvar_flatten11, 1

]]></Node>
<StgValue><ssdm name="add_ln1482"/></StgValue>
</operation>

<operation id="53" st_id="6" stage="1" lat="1">
<core>NULL</core>
<MemPortIdVec></MemPortIdVec>
<condition id="-1">
<or_exp><and_exp></and_exp></or_exp>
</condition>

<Node id="51" bw="0" op_0_bw="1" op_1_bw="0" op_2_bw="0">
<![CDATA[
.preheader306:3  br i1 %icmp_ln1482, label %.loopexit.loopexit59, label %hls_label_34

]]></Node>
<StgValue><ssdm name="br_ln1482"/></StgValue>
</operation>
</state>

<state id="7" st_id="7">

<operation id="54" st_id="7" stage="1" lat="1">
<core>NULL</core>
<MemPortIdVec></MemPortIdVec>
<condition id="-1">
<or_exp><and_exp><literal name="icmp_ln1482" val="0"/>
</and_exp></or_exp>
</condition>

<Node id="53" bw="32" op_0_bw="32" op_1_bw="64" op_2_bw="64" op_3_bw="64">
<![CDATA[
hls_label_34:0  %empty = call i32 (...)* @_ssdm_op_SpecLoopTripCount(i64 256, i64 256, i64 256)

]]></Node>
<StgValue><ssdm name="empty"/></StgValue>
</operation>

<operation id="55" st_id="7" stage="1" lat="1">
<core>NULL</core>
<MemPortIdVec></MemPortIdVec>
<condition id="-1">
<or_exp><and_exp><literal name="icmp_ln1482" val="0"/>
</and_exp></or_exp>
</condition>

<Node id="54" bw="32" op_0_bw="32" op_1_bw="0">
<![CDATA[
hls_label_34:1  %tmp = call i32 (...)* @_ssdm_op_SpecRegionBegin([13 x i8]* @p_str37)

]]></Node>
<StgValue><ssdm name="tmp"/></StgValue>
</operation>

<operation id="56" st_id="7" stage="1" lat="1">
<core>NULL</core>
<MemPortIdVec></MemPortIdVec>
<condition id="-1">
<or_exp><and_exp><literal name="icmp_ln1482" val="0"/>
</and_exp></or_exp>
</condition>

<Node id="55" bw="0" op_0_bw="0" op_1_bw="32" op_2_bw="32" op_3_bw="32" op_4_bw="32" op_5_bw="0">
<![CDATA[
hls_label_34:2  call void (...)* @_ssdm_op_SpecPipeline(i32 1, i32 1, i32 1, i32 0, [1 x i8]* @p_str) nounwind

]]></Node>
<StgValue><ssdm name="specpipeline_ln1487"/></StgValue>
</operation>

<operation id="57" st_id="7" stage="1" lat="1">
<core>FIFO_SRL</core>
<MemPortIdVec></MemPortIdVec>
<condition id="-1">
<or_exp><and_exp><literal name="icmp_ln1482" val="0"/>
</and_exp></or_exp>
</condition>

<Node id="56" bw="128" op_0_bw="128" op_1_bw="128">
<![CDATA[
hls_label_34:3  %tmp_V = call i128 @_ssdm_op_Read.ap_fifo.volatile.i128P(i128* %fifo_D_drain_local_in_V_V)

]]></Node>
<StgValue><ssdm name="tmp_V"/></StgValue>
</operation>

<operation id="58" st_id="7" stage="1" lat="1">
<core>FIFO_SRL</core>
<MemPortIdVec></MemPortIdVec>
<condition id="-1">
<or_exp><and_exp><literal name="icmp_ln1482" val="0"/>
</and_exp></or_exp>
</condition>

<Node id="57" bw="0" op_0_bw="0" op_1_bw="128" op_2_bw="128">
<![CDATA[
hls_label_34:4  call void @_ssdm_op_Write.ap_fifo.volatile.i128P(i128* %fifo_D_drain_out_V_V, i128 %tmp_V)

]]></Node>
<StgValue><ssdm name="write_ln1493"/></StgValue>
</operation>

<operation id="59" st_id="7" stage="1" lat="1">
<core>NULL</core>
<MemPortIdVec></MemPortIdVec>
<condition id="-1">
<or_exp><and_exp><literal name="icmp_ln1482" val="0"/>
</and_exp></or_exp>
</condition>

<Node id="58" bw="32" op_0_bw="32" op_1_bw="0" op_2_bw="32">
<![CDATA[
hls_label_34:5  %empty_869 = call i32 (...)* @_ssdm_op_SpecRegionEnd([13 x i8]* @p_str37, i32 %tmp)

]]></Node>
<StgValue><ssdm name="empty_869"/></StgValue>
</operation>

<operation id="60" st_id="7" stage="1" lat="1">
<core>NULL</core>
<MemPortIdVec></MemPortIdVec>
<condition id="-1">
<or_exp><and_exp><literal name="icmp_ln1482" val="0"/>
</and_exp></or_exp>
</condition>

<Node id="59" bw="0" op_0_bw="0">
<![CDATA[
hls_label_34:6  br label %.preheader306

]]></Node>
<StgValue><ssdm name="br_ln1486"/></StgValue>
</operation>
</state>
</state_list>


<ports>
<port id="79" name="fifo_D_drain_in_V_V" dir="0" iftype="3">
<core>FIFO_SRL</core><StgValue><ssdm name="fifo_D_drain_in_V_V"/></StgValue>
</port>
<port id="80" name="fifo_D_drain_out_V_V" dir="1" iftype="3">
<core>FIFO_SRL</core><StgValue><ssdm name="fifo_D_drain_out_V_V"/></StgValue>
</port>
<port id="81" name="fifo_D_drain_local_in_V_V" dir="0" iftype="3">
<core>FIFO_SRL</core><StgValue><ssdm name="fifo_D_drain_local_in_V_V"/></StgValue>
</port>
</ports>


<dataflows>
<dataflow id="83" from="_ssdm_op_SpecInterface" to="specinterface_ln0" fromId="82" toId="8">
</dataflow>
<dataflow id="84" from="fifo_D_drain_in_V_V" to="specinterface_ln0" fromId="79" toId="8">
</dataflow>
<dataflow id="86" from="ap_fifo_str" to="specinterface_ln0" fromId="85" toId="8">
</dataflow>
<dataflow id="88" from="StgValue_87" to="specinterface_ln0" fromId="87" toId="8">
</dataflow>
<dataflow id="89" from="StgValue_87" to="specinterface_ln0" fromId="87" toId="8">
</dataflow>
<dataflow id="91" from="p_str" to="specinterface_ln0" fromId="90" toId="8">
</dataflow>
<dataflow id="92" from="StgValue_87" to="specinterface_ln0" fromId="87" toId="8">
</dataflow>
<dataflow id="93" from="StgValue_87" to="specinterface_ln0" fromId="87" toId="8">
</dataflow>
<dataflow id="94" from="p_str" to="specinterface_ln0" fromId="90" toId="8">
</dataflow>
<dataflow id="95" from="p_str" to="specinterface_ln0" fromId="90" toId="8">
</dataflow>
<dataflow id="96" from="p_str" to="specinterface_ln0" fromId="90" toId="8">
</dataflow>
<dataflow id="98" from="StgValue_97" to="specinterface_ln0" fromId="97" toId="8">
</dataflow>
<dataflow id="99" from="StgValue_97" to="specinterface_ln0" fromId="97" toId="8">
</dataflow>
<dataflow id="101" from="StgValue_100" to="specinterface_ln0" fromId="100" toId="8">
</dataflow>
<dataflow id="102" from="StgValue_100" to="specinterface_ln0" fromId="100" toId="8">
</dataflow>
<dataflow id="103" from="p_str" to="specinterface_ln0" fromId="90" toId="8">
</dataflow>
<dataflow id="104" from="p_str" to="specinterface_ln0" fromId="90" toId="8">
</dataflow>
<dataflow id="105" from="_ssdm_op_SpecInterface" to="specinterface_ln0" fromId="82" toId="9">
</dataflow>
<dataflow id="106" from="fifo_D_drain_out_V_V" to="specinterface_ln0" fromId="80" toId="9">
</dataflow>
<dataflow id="107" from="ap_fifo_str" to="specinterface_ln0" fromId="85" toId="9">
</dataflow>
<dataflow id="108" from="StgValue_87" to="specinterface_ln0" fromId="87" toId="9">
</dataflow>
<dataflow id="109" from="StgValue_87" to="specinterface_ln0" fromId="87" toId="9">
</dataflow>
<dataflow id="110" from="p_str" to="specinterface_ln0" fromId="90" toId="9">
</dataflow>
<dataflow id="111" from="StgValue_87" to="specinterface_ln0" fromId="87" toId="9">
</dataflow>
<dataflow id="112" from="StgValue_87" to="specinterface_ln0" fromId="87" toId="9">
</dataflow>
<dataflow id="113" from="p_str" to="specinterface_ln0" fromId="90" toId="9">
</dataflow>
<dataflow id="114" from="p_str" to="specinterface_ln0" fromId="90" toId="9">
</dataflow>
<dataflow id="115" from="p_str" to="specinterface_ln0" fromId="90" toId="9">
</dataflow>
<dataflow id="116" from="StgValue_97" to="specinterface_ln0" fromId="97" toId="9">
</dataflow>
<dataflow id="117" from="StgValue_97" to="specinterface_ln0" fromId="97" toId="9">
</dataflow>
<dataflow id="118" from="StgValue_100" to="specinterface_ln0" fromId="100" toId="9">
</dataflow>
<dataflow id="119" from="StgValue_100" to="specinterface_ln0" fromId="100" toId="9">
</dataflow>
<dataflow id="120" from="p_str" to="specinterface_ln0" fromId="90" toId="9">
</dataflow>
<dataflow id="121" from="p_str" to="specinterface_ln0" fromId="90" toId="9">
</dataflow>
<dataflow id="122" from="_ssdm_op_SpecInterface" to="specinterface_ln0" fromId="82" toId="10">
</dataflow>
<dataflow id="123" from="fifo_D_drain_local_in_V_V" to="specinterface_ln0" fromId="81" toId="10">
</dataflow>
<dataflow id="124" from="ap_fifo_str" to="specinterface_ln0" fromId="85" toId="10">
</dataflow>
<dataflow id="125" from="StgValue_87" to="specinterface_ln0" fromId="87" toId="10">
</dataflow>
<dataflow id="126" from="StgValue_87" to="specinterface_ln0" fromId="87" toId="10">
</dataflow>
<dataflow id="127" from="p_str" to="specinterface_ln0" fromId="90" toId="10">
</dataflow>
<dataflow id="128" from="StgValue_87" to="specinterface_ln0" fromId="87" toId="10">
</dataflow>
<dataflow id="129" from="StgValue_87" to="specinterface_ln0" fromId="87" toId="10">
</dataflow>
<dataflow id="130" from="p_str" to="specinterface_ln0" fromId="90" toId="10">
</dataflow>
<dataflow id="131" from="p_str" to="specinterface_ln0" fromId="90" toId="10">
</dataflow>
<dataflow id="132" from="p_str" to="specinterface_ln0" fromId="90" toId="10">
</dataflow>
<dataflow id="133" from="StgValue_97" to="specinterface_ln0" fromId="97" toId="10">
</dataflow>
<dataflow id="134" from="StgValue_97" to="specinterface_ln0" fromId="97" toId="10">
</dataflow>
<dataflow id="135" from="StgValue_100" to="specinterface_ln0" fromId="100" toId="10">
</dataflow>
<dataflow id="136" from="StgValue_100" to="specinterface_ln0" fromId="100" toId="10">
</dataflow>
<dataflow id="137" from="p_str" to="specinterface_ln0" fromId="90" toId="10">
</dataflow>
<dataflow id="138" from="p_str" to="specinterface_ln0" fromId="90" toId="10">
</dataflow>
<dataflow id="140" from="_ssdm_op_SpecMemCore" to="specmemcore_ln0" fromId="139" toId="11">
</dataflow>
<dataflow id="141" from="fifo_D_drain_in_V_V" to="specmemcore_ln0" fromId="79" toId="11">
</dataflow>
<dataflow id="142" from="p_str" to="specmemcore_ln0" fromId="90" toId="11">
</dataflow>
<dataflow id="144" from="p_str50" to="specmemcore_ln0" fromId="143" toId="11">
</dataflow>
<dataflow id="145" from="p_str" to="specmemcore_ln0" fromId="90" toId="11">
</dataflow>
<dataflow id="147" from="StgValue_146" to="specmemcore_ln0" fromId="146" toId="11">
</dataflow>
<dataflow id="148" from="p_str" to="specmemcore_ln0" fromId="90" toId="11">
</dataflow>
<dataflow id="149" from="p_str" to="specmemcore_ln0" fromId="90" toId="11">
</dataflow>
<dataflow id="150" from="p_str" to="specmemcore_ln0" fromId="90" toId="11">
</dataflow>
<dataflow id="151" from="p_str" to="specmemcore_ln0" fromId="90" toId="11">
</dataflow>
<dataflow id="152" from="p_str" to="specmemcore_ln0" fromId="90" toId="11">
</dataflow>
<dataflow id="153" from="_ssdm_op_SpecMemCore" to="specmemcore_ln0" fromId="139" toId="12">
</dataflow>
<dataflow id="154" from="fifo_D_drain_out_V_V" to="specmemcore_ln0" fromId="80" toId="12">
</dataflow>
<dataflow id="155" from="p_str" to="specmemcore_ln0" fromId="90" toId="12">
</dataflow>
<dataflow id="156" from="p_str50" to="specmemcore_ln0" fromId="143" toId="12">
</dataflow>
<dataflow id="157" from="p_str" to="specmemcore_ln0" fromId="90" toId="12">
</dataflow>
<dataflow id="158" from="StgValue_146" to="specmemcore_ln0" fromId="146" toId="12">
</dataflow>
<dataflow id="159" from="p_str" to="specmemcore_ln0" fromId="90" toId="12">
</dataflow>
<dataflow id="160" from="p_str" to="specmemcore_ln0" fromId="90" toId="12">
</dataflow>
<dataflow id="161" from="p_str" to="specmemcore_ln0" fromId="90" toId="12">
</dataflow>
<dataflow id="162" from="p_str" to="specmemcore_ln0" fromId="90" toId="12">
</dataflow>
<dataflow id="163" from="p_str" to="specmemcore_ln0" fromId="90" toId="12">
</dataflow>
<dataflow id="164" from="_ssdm_op_SpecMemCore" to="specmemcore_ln0" fromId="139" toId="13">
</dataflow>
<dataflow id="165" from="fifo_D_drain_local_in_V_V" to="specmemcore_ln0" fromId="81" toId="13">
</dataflow>
<dataflow id="166" from="p_str" to="specmemcore_ln0" fromId="90" toId="13">
</dataflow>
<dataflow id="167" from="p_str50" to="specmemcore_ln0" fromId="143" toId="13">
</dataflow>
<dataflow id="168" from="p_str" to="specmemcore_ln0" fromId="90" toId="13">
</dataflow>
<dataflow id="169" from="StgValue_146" to="specmemcore_ln0" fromId="146" toId="13">
</dataflow>
<dataflow id="170" from="p_str" to="specmemcore_ln0" fromId="90" toId="13">
</dataflow>
<dataflow id="171" from="p_str" to="specmemcore_ln0" fromId="90" toId="13">
</dataflow>
<dataflow id="172" from="p_str" to="specmemcore_ln0" fromId="90" toId="13">
</dataflow>
<dataflow id="173" from="p_str" to="specmemcore_ln0" fromId="90" toId="13">
</dataflow>
<dataflow id="174" from="p_str" to="specmemcore_ln0" fromId="90" toId="13">
</dataflow>
<dataflow id="176" from="StgValue_175" to="indvar_flatten49" fromId="175" toId="15">
<condition id="-1">
<or_exp><and_exp></and_exp></or_exp>
</condition>
</dataflow>
<dataflow id="177" from="br_ln1475" to="indvar_flatten49" fromId="14" toId="15">
</dataflow>
<dataflow id="178" from="add_ln1475" to="indvar_flatten49" fromId="19" toId="15">
<BackEdge/>
<condition id="-1">
<or_exp><and_exp></and_exp></or_exp>
</condition>
</dataflow>
<dataflow id="179" from="br_ln1479" to="indvar_flatten49" fromId="49" toId="15">
<BackEdge/>
</dataflow>
<dataflow id="180" from="StgValue_175" to="indvar_flatten37" fromId="175" toId="16">
<condition id="-1">
<or_exp><and_exp></and_exp></or_exp>
</condition>
</dataflow>
<dataflow id="181" from="br_ln1475" to="indvar_flatten37" fromId="14" toId="16">
</dataflow>
<dataflow id="182" from="select_ln1476" to="indvar_flatten37" fromId="48" toId="16">
<BackEdge/>
<condition id="-1">
<or_exp><and_exp></and_exp></or_exp>
</condition>
</dataflow>
<dataflow id="183" from="br_ln1479" to="indvar_flatten37" fromId="49" toId="16">
<BackEdge/>
</dataflow>
<dataflow id="185" from="StgValue_184" to="p_026_0" fromId="184" toId="17">
<condition id="-1">
<or_exp><and_exp></and_exp></or_exp>
</condition>
</dataflow>
<dataflow id="186" from="br_ln1475" to="p_026_0" fromId="14" toId="17">
</dataflow>
<dataflow id="187" from="c3_V" to="p_026_0" fromId="46" toId="17">
<BackEdge/>
<condition id="-1">
<or_exp><and_exp></and_exp></or_exp>
</condition>
</dataflow>
<dataflow id="188" from="br_ln1479" to="p_026_0" fromId="49" toId="17">
<BackEdge/>
</dataflow>
<dataflow id="189" from="indvar_flatten49" to="icmp_ln1475" fromId="15" toId="18">
</dataflow>
<dataflow id="191" from="StgValue_190" to="icmp_ln1475" fromId="190" toId="18">
</dataflow>
<dataflow id="192" from="indvar_flatten49" to="add_ln1475" fromId="15" toId="19">
</dataflow>
<dataflow id="194" from="StgValue_193" to="add_ln1475" fromId="193" toId="19">
</dataflow>
<dataflow id="195" from="icmp_ln1475" to="br_ln1475" fromId="18" toId="20">
</dataflow>
<dataflow id="197" from="_ssdm_op_SpecLoopTripCount" to="empty_872" fromId="196" toId="21">
</dataflow>
<dataflow id="199" from="StgValue_198" to="empty_872" fromId="198" toId="21">
</dataflow>
<dataflow id="200" from="StgValue_198" to="empty_872" fromId="198" toId="21">
</dataflow>
<dataflow id="201" from="StgValue_198" to="empty_872" fromId="198" toId="21">
</dataflow>
<dataflow id="202" from="indvar_flatten37" to="icmp_ln1476" fromId="16" toId="22">
</dataflow>
<dataflow id="204" from="StgValue_203" to="icmp_ln1476" fromId="203" toId="22">
</dataflow>
<dataflow id="205" from="icmp_ln1476" to="xor_ln1476" fromId="22" toId="23">
</dataflow>
<dataflow id="207" from="StgValue_206" to="xor_ln1476" fromId="206" toId="23">
</dataflow>
<dataflow id="208" from="p_026_0" to="icmp_ln1479" fromId="17" toId="24">
</dataflow>
<dataflow id="210" from="StgValue_209" to="icmp_ln1479" fromId="209" toId="24">
</dataflow>
<dataflow id="211" from="icmp_ln1479" to="and_ln1476" fromId="24" toId="25">
</dataflow>
<dataflow id="212" from="xor_ln1476" to="and_ln1476" fromId="23" toId="25">
</dataflow>
<dataflow id="213" from="and_ln1476" to="or_ln1479" fromId="25" toId="26">
</dataflow>
<dataflow id="214" from="icmp_ln1476" to="or_ln1479" fromId="22" toId="26">
</dataflow>
<dataflow id="215" from="or_ln1479" to="select_ln1479" fromId="26" toId="27">
</dataflow>
<dataflow id="216" from="StgValue_184" to="select_ln1479" fromId="184" toId="27">
</dataflow>
<dataflow id="217" from="p_026_0" to="select_ln1479" fromId="17" toId="27">
</dataflow>
<dataflow id="218" from="select_ln1479" to="icmp_ln879" fromId="27" toId="28">
</dataflow>
<dataflow id="219" from="StgValue_184" to="icmp_ln879" fromId="184" toId="28">
</dataflow>
<dataflow id="220" from="icmp_ln879" to="br_ln1481" fromId="28" toId="29">
</dataflow>
<dataflow id="221" from="add_ln1499" to="indvar_flatten30" fromId="35" toId="33">
<BackEdge/>
<condition id="-1">
<or_exp><and_exp><literal name="icmp_ln1499" val="0"/>
</and_exp></or_exp>
</condition>
</dataflow>
<dataflow id="222" from="br_ln1503" to="indvar_flatten30" fromId="43" toId="33">
<BackEdge/>
</dataflow>
<dataflow id="224" from="StgValue_223" to="indvar_flatten30" fromId="223" toId="33">
<condition id="-1">
<or_exp><and_exp><literal name="icmp_ln1475" val="0"/>
<literal name="icmp_ln879" val="0"/>
</and_exp></or_exp>
</condition>
</dataflow>
<dataflow id="225" from="br_ln1499" to="indvar_flatten30" fromId="30" toId="33">
</dataflow>
<dataflow id="226" from="indvar_flatten30" to="icmp_ln1499" fromId="33" toId="34">
</dataflow>
<dataflow id="228" from="StgValue_227" to="icmp_ln1499" fromId="227" toId="34">
</dataflow>
<dataflow id="229" from="indvar_flatten30" to="add_ln1499" fromId="33" toId="35">
</dataflow>
<dataflow id="231" from="StgValue_230" to="add_ln1499" fromId="230" toId="35">
</dataflow>
<dataflow id="232" from="icmp_ln1499" to="br_ln1499" fromId="34" toId="36">
</dataflow>
<dataflow id="233" from="_ssdm_op_SpecLoopTripCount" to="empty_870" fromId="196" toId="37">
</dataflow>
<dataflow id="235" from="StgValue_234" to="empty_870" fromId="234" toId="37">
</dataflow>
<dataflow id="236" from="StgValue_234" to="empty_870" fromId="234" toId="37">
</dataflow>
<dataflow id="237" from="StgValue_234" to="empty_870" fromId="234" toId="37">
</dataflow>
<dataflow id="239" from="_ssdm_op_SpecRegionBegin" to="tmp_s" fromId="238" toId="38">
</dataflow>
<dataflow id="241" from="p_str38" to="tmp_s" fromId="240" toId="38">
</dataflow>
<dataflow id="243" from="_ssdm_op_SpecPipeline" to="specpipeline_ln1504" fromId="242" toId="39">
</dataflow>
<dataflow id="245" from="StgValue_244" to="specpipeline_ln1504" fromId="244" toId="39">
</dataflow>
<dataflow id="246" from="StgValue_244" to="specpipeline_ln1504" fromId="244" toId="39">
</dataflow>
<dataflow id="247" from="StgValue_244" to="specpipeline_ln1504" fromId="244" toId="39">
</dataflow>
<dataflow id="248" from="StgValue_87" to="specpipeline_ln1504" fromId="87" toId="39">
</dataflow>
<dataflow id="249" from="p_str" to="specpipeline_ln1504" fromId="90" toId="39">
</dataflow>
<dataflow id="251" from="_ssdm_op_Read.ap_fifo.volatile.i128P" to="tmp_V_34" fromId="250" toId="40">
</dataflow>
<dataflow id="252" from="fifo_D_drain_in_V_V" to="tmp_V_34" fromId="79" toId="40">
</dataflow>
<dataflow id="254" from="_ssdm_op_Write.ap_fifo.volatile.i128P" to="write_ln1510" fromId="253" toId="41">
</dataflow>
<dataflow id="255" from="fifo_D_drain_out_V_V" to="write_ln1510" fromId="80" toId="41">
</dataflow>
<dataflow id="256" from="tmp_V_34" to="write_ln1510" fromId="40" toId="41">
</dataflow>
<dataflow id="258" from="_ssdm_op_SpecRegionEnd" to="empty_871" fromId="257" toId="42">
</dataflow>
<dataflow id="259" from="p_str38" to="empty_871" fromId="240" toId="42">
</dataflow>
<dataflow id="260" from="tmp_s" to="empty_871" fromId="38" toId="42">
</dataflow>
<dataflow id="261" from="select_ln1479" to="c3_V" fromId="27" toId="46">
</dataflow>
<dataflow id="263" from="StgValue_262" to="c3_V" fromId="262" toId="46">
</dataflow>
<dataflow id="264" from="indvar_flatten37" to="add_ln1476" fromId="16" toId="47">
</dataflow>
<dataflow id="265" from="StgValue_193" to="add_ln1476" fromId="193" toId="47">
</dataflow>
<dataflow id="266" from="icmp_ln1476" to="select_ln1476" fromId="22" toId="48">
</dataflow>
<dataflow id="267" from="StgValue_193" to="select_ln1476" fromId="193" toId="48">
</dataflow>
<dataflow id="268" from="add_ln1476" to="select_ln1476" fromId="47" toId="48">
</dataflow>
<dataflow id="269" from="add_ln1482" to="indvar_flatten11" fromId="52" toId="50">
<BackEdge/>
<condition id="-1">
<or_exp><and_exp><literal name="icmp_ln1482" val="0"/>
</and_exp></or_exp>
</condition>
</dataflow>
<dataflow id="270" from="br_ln1486" to="indvar_flatten11" fromId="60" toId="50">
<BackEdge/>
</dataflow>
<dataflow id="271" from="StgValue_223" to="indvar_flatten11" fromId="223" toId="50">
<condition id="-1">
<or_exp><and_exp><literal name="icmp_ln1475" val="0"/>
<literal name="icmp_ln879" val="1"/>
</and_exp></or_exp>
</condition>
</dataflow>
<dataflow id="272" from="br_ln1482" to="indvar_flatten11" fromId="31" toId="50">
</dataflow>
<dataflow id="273" from="indvar_flatten11" to="icmp_ln1482" fromId="50" toId="51">
</dataflow>
<dataflow id="274" from="StgValue_227" to="icmp_ln1482" fromId="227" toId="51">
</dataflow>
<dataflow id="275" from="indvar_flatten11" to="add_ln1482" fromId="50" toId="52">
</dataflow>
<dataflow id="276" from="StgValue_230" to="add_ln1482" fromId="230" toId="52">
</dataflow>
<dataflow id="277" from="icmp_ln1482" to="br_ln1482" fromId="51" toId="53">
</dataflow>
<dataflow id="278" from="_ssdm_op_SpecLoopTripCount" to="empty" fromId="196" toId="54">
</dataflow>
<dataflow id="279" from="StgValue_234" to="empty" fromId="234" toId="54">
</dataflow>
<dataflow id="280" from="StgValue_234" to="empty" fromId="234" toId="54">
</dataflow>
<dataflow id="281" from="StgValue_234" to="empty" fromId="234" toId="54">
</dataflow>
<dataflow id="282" from="_ssdm_op_SpecRegionBegin" to="tmp" fromId="238" toId="55">
</dataflow>
<dataflow id="284" from="p_str37" to="tmp" fromId="283" toId="55">
</dataflow>
<dataflow id="285" from="_ssdm_op_SpecPipeline" to="specpipeline_ln1487" fromId="242" toId="56">
</dataflow>
<dataflow id="286" from="StgValue_244" to="specpipeline_ln1487" fromId="244" toId="56">
</dataflow>
<dataflow id="287" from="StgValue_244" to="specpipeline_ln1487" fromId="244" toId="56">
</dataflow>
<dataflow id="288" from="StgValue_244" to="specpipeline_ln1487" fromId="244" toId="56">
</dataflow>
<dataflow id="289" from="StgValue_87" to="specpipeline_ln1487" fromId="87" toId="56">
</dataflow>
<dataflow id="290" from="p_str" to="specpipeline_ln1487" fromId="90" toId="56">
</dataflow>
<dataflow id="291" from="_ssdm_op_Read.ap_fifo.volatile.i128P" to="tmp_V" fromId="250" toId="57">
</dataflow>
<dataflow id="292" from="fifo_D_drain_local_in_V_V" to="tmp_V" fromId="81" toId="57">
</dataflow>
<dataflow id="293" from="_ssdm_op_Write.ap_fifo.volatile.i128P" to="write_ln1493" fromId="253" toId="58">
</dataflow>
<dataflow id="294" from="fifo_D_drain_out_V_V" to="write_ln1493" fromId="80" toId="58">
</dataflow>
<dataflow id="295" from="tmp_V" to="write_ln1493" fromId="57" toId="58">
</dataflow>
<dataflow id="296" from="_ssdm_op_SpecRegionEnd" to="empty_869" fromId="257" toId="59">
</dataflow>
<dataflow id="297" from="p_str37" to="empty_869" fromId="283" toId="59">
</dataflow>
<dataflow id="298" from="tmp" to="empty_869" fromId="55" toId="59">
</dataflow>
<dataflow id="299" from="icmp_ln1475" to="StgValue_2" fromId="18" toId="2">
</dataflow>
<dataflow id="300" from="icmp_ln879" to="StgValue_2" fromId="28" toId="2">
</dataflow>
<dataflow id="301" from="icmp_ln1499" to="StgValue_4" fromId="34" toId="4">
</dataflow>
<dataflow id="302" from="icmp_ln879" to="StgValue_5" fromId="28" toId="5">
</dataflow>
<dataflow id="303" from="icmp_ln1476" to="StgValue_5" fromId="22" toId="5">
</dataflow>
<dataflow id="304" from="icmp_ln1482" to="StgValue_7" fromId="51" toId="7">
</dataflow>
<dataflow id="305" from="icmp_ln1499" to="StgValue_3" fromId="34" toId="3">
</dataflow>
<dataflow id="306" from="icmp_ln1482" to="StgValue_6" fromId="51" toId="6">
</dataflow>
<dataflow id="307" from="icmp_ln1475" to="StgValue_3" fromId="18" toId="3">
</dataflow>
<dataflow id="308" from="icmp_ln879" to="StgValue_3" fromId="28" toId="3">
</dataflow>
<dataflow id="309" from="icmp_ln1475" to="StgValue_4" fromId="18" toId="4">
</dataflow>
<dataflow id="310" from="icmp_ln879" to="StgValue_4" fromId="28" toId="4">
</dataflow>
<dataflow id="311" from="icmp_ln1475" to="StgValue_6" fromId="18" toId="6">
</dataflow>
<dataflow id="312" from="icmp_ln879" to="StgValue_6" fromId="28" toId="6">
</dataflow>
<dataflow id="313" from="icmp_ln1475" to="StgValue_7" fromId="18" toId="7">
</dataflow>
<dataflow id="314" from="icmp_ln879" to="StgValue_7" fromId="28" toId="7">
</dataflow>
</dataflows>


</stg>
