<stg><name>D_drain_IO_L1_out_wrapper393</name>


<trans_list>

<trans id="12" from="1" to="2">
<condition id="-1">
<or_exp><and_exp></and_exp></or_exp>
</condition>
</trans>
</trans_list>



<state_list>

<state id="1" st_id="1">

<operation id="3" st_id="1" stage="2" lat="2">
<core></core>
<MemPortIdVec></MemPortIdVec>
<condition id="-1">
<or_exp><and_exp></and_exp></or_exp>
</condition>

<Node id="10" bw="0" op_0_bw="0" op_1_bw="4" op_2_bw="128" op_3_bw="128" op_4_bw="32">
<![CDATA[
:6  call fastcc void @D_drain_IO_L1_out(i4 0, i128* %fifo_D_drain_in_V_V, i128* %fifo_D_drain_out_V_V, float* %fifo_D_drain_local_in_V)

]]></Node>
<StgValue><ssdm name="call_ln1414"/></StgValue>
</operation>
</state>

<state id="2" st_id="2">

<operation id="4" st_id="2" stage="1" lat="1">
<core>NULL</core>
<MemPortIdVec></MemPortIdVec>
<condition id="-1">
<or_exp><and_exp></and_exp></or_exp>
</condition>

<Node id="4" bw="0" op_0_bw="0" op_1_bw="128" op_2_bw="0" op_3_bw="32" op_4_bw="32" op_5_bw="0" op_6_bw="32" op_7_bw="32" op_8_bw="0" op_9_bw="0" op_10_bw="0" op_11_bw="32" op_12_bw="32" op_13_bw="32" op_14_bw="32" op_15_bw="0" op_16_bw="0">
<![CDATA[
:0  call void (...)* @_ssdm_op_SpecInterface(i128* %fifo_D_drain_in_V_V, [8 x i8]* @ap_fifo_str, i32 0, i32 0, [1 x i8]* @p_str, i32 0, i32 0, [1 x i8]* @p_str, [1 x i8]* @p_str, [1 x i8]* @p_str, i32 2, i32 2, i32 16, i32 16, [1 x i8]* @p_str, [1 x i8]* @p_str)

]]></Node>
<StgValue><ssdm name="specinterface_ln0"/></StgValue>
</operation>

<operation id="5" st_id="2" stage="1" lat="1">
<core>NULL</core>
<MemPortIdVec></MemPortIdVec>
<condition id="-1">
<or_exp><and_exp></and_exp></or_exp>
</condition>

<Node id="5" bw="0" op_0_bw="0" op_1_bw="128" op_2_bw="0" op_3_bw="32" op_4_bw="32" op_5_bw="0" op_6_bw="32" op_7_bw="32" op_8_bw="0" op_9_bw="0" op_10_bw="0" op_11_bw="32" op_12_bw="32" op_13_bw="32" op_14_bw="32" op_15_bw="0" op_16_bw="0">
<![CDATA[
:1  call void (...)* @_ssdm_op_SpecInterface(i128* %fifo_D_drain_out_V_V, [8 x i8]* @ap_fifo_str, i32 0, i32 0, [1 x i8]* @p_str, i32 0, i32 0, [1 x i8]* @p_str, [1 x i8]* @p_str, [1 x i8]* @p_str, i32 2, i32 2, i32 16, i32 16, [1 x i8]* @p_str, [1 x i8]* @p_str)

]]></Node>
<StgValue><ssdm name="specinterface_ln0"/></StgValue>
</operation>

<operation id="6" st_id="2" stage="1" lat="1">
<core>NULL</core>
<MemPortIdVec></MemPortIdVec>
<condition id="-1">
<or_exp><and_exp></and_exp></or_exp>
</condition>

<Node id="6" bw="0" op_0_bw="0" op_1_bw="32" op_2_bw="0" op_3_bw="32" op_4_bw="32" op_5_bw="0" op_6_bw="32" op_7_bw="32" op_8_bw="0" op_9_bw="0" op_10_bw="0" op_11_bw="32" op_12_bw="32" op_13_bw="32" op_14_bw="32" op_15_bw="0" op_16_bw="0">
<![CDATA[
:2  call void (...)* @_ssdm_op_SpecInterface(float* %fifo_D_drain_local_in_V, [8 x i8]* @ap_fifo_str, i32 0, i32 0, [1 x i8]* @p_str, i32 0, i32 0, [1 x i8]* @p_str, [1 x i8]* @p_str, [1 x i8]* @p_str, i32 2, i32 2, i32 16, i32 16, [1 x i8]* @p_str, [1 x i8]* @p_str)

]]></Node>
<StgValue><ssdm name="specinterface_ln0"/></StgValue>
</operation>

<operation id="7" st_id="2" stage="1" lat="1">
<core>NULL</core>
<MemPortIdVec></MemPortIdVec>
<condition id="-1">
<or_exp><and_exp></and_exp></or_exp>
</condition>

<Node id="7" bw="0" op_0_bw="0" op_1_bw="128" op_2_bw="0" op_3_bw="0" op_4_bw="0" op_5_bw="32" op_6_bw="0" op_7_bw="0" op_8_bw="0" op_9_bw="0" op_10_bw="0">
<![CDATA[
:3  call void (...)* @_ssdm_op_SpecMemCore(i128* %fifo_D_drain_in_V_V, [1 x i8]* @p_str, [9 x i8]* @p_str50, [1 x i8]* @p_str, i32 -1, [1 x i8]* @p_str, [1 x i8]* @p_str, [1 x i8]* @p_str, [1 x i8]* @p_str, [1 x i8]* @p_str)

]]></Node>
<StgValue><ssdm name="specmemcore_ln0"/></StgValue>
</operation>

<operation id="8" st_id="2" stage="1" lat="1">
<core>NULL</core>
<MemPortIdVec></MemPortIdVec>
<condition id="-1">
<or_exp><and_exp></and_exp></or_exp>
</condition>

<Node id="8" bw="0" op_0_bw="0" op_1_bw="128" op_2_bw="0" op_3_bw="0" op_4_bw="0" op_5_bw="32" op_6_bw="0" op_7_bw="0" op_8_bw="0" op_9_bw="0" op_10_bw="0">
<![CDATA[
:4  call void (...)* @_ssdm_op_SpecMemCore(i128* %fifo_D_drain_out_V_V, [1 x i8]* @p_str, [9 x i8]* @p_str50, [1 x i8]* @p_str, i32 -1, [1 x i8]* @p_str, [1 x i8]* @p_str, [1 x i8]* @p_str, [1 x i8]* @p_str, [1 x i8]* @p_str)

]]></Node>
<StgValue><ssdm name="specmemcore_ln0"/></StgValue>
</operation>

<operation id="9" st_id="2" stage="1" lat="1">
<core>NULL</core>
<MemPortIdVec></MemPortIdVec>
<condition id="-1">
<or_exp><and_exp></and_exp></or_exp>
</condition>

<Node id="9" bw="0" op_0_bw="0" op_1_bw="32" op_2_bw="0" op_3_bw="0" op_4_bw="0" op_5_bw="32" op_6_bw="0" op_7_bw="0" op_8_bw="0" op_9_bw="0" op_10_bw="0">
<![CDATA[
:5  call void (...)* @_ssdm_op_SpecMemCore(float* %fifo_D_drain_local_in_V, [1 x i8]* @p_str, [9 x i8]* @p_str50, [1 x i8]* @p_str, i32 -1, [1 x i8]* @p_str, [1 x i8]* @p_str, [1 x i8]* @p_str, [1 x i8]* @p_str, [1 x i8]* @p_str)

]]></Node>
<StgValue><ssdm name="specmemcore_ln0"/></StgValue>
</operation>

<operation id="10" st_id="2" stage="1" lat="2">
<core></core>
<MemPortIdVec></MemPortIdVec>
<condition id="-1">
<or_exp><and_exp></and_exp></or_exp>
</condition>

<Node id="10" bw="0" op_0_bw="0" op_1_bw="4" op_2_bw="128" op_3_bw="128" op_4_bw="32">
<![CDATA[
:6  call fastcc void @D_drain_IO_L1_out(i4 0, i128* %fifo_D_drain_in_V_V, i128* %fifo_D_drain_out_V_V, float* %fifo_D_drain_local_in_V)

]]></Node>
<StgValue><ssdm name="call_ln1414"/></StgValue>
</operation>

<operation id="11" st_id="2" stage="1" lat="1">
<core>NULL</core>
<MemPortIdVec></MemPortIdVec>
<condition id="-1">
<or_exp><and_exp></and_exp></or_exp>
</condition>

<Node id="11" bw="0">
<![CDATA[
:7  ret void

]]></Node>
<StgValue><ssdm name="ret_ln1420"/></StgValue>
</operation>
</state>
</state_list>


<ports>
<port id="13" name="fifo_D_drain_in_V_V" dir="0" iftype="3">
<core>FIFO_SRL</core><StgValue><ssdm name="fifo_D_drain_in_V_V"/></StgValue>
</port>
<port id="14" name="fifo_D_drain_out_V_V" dir="1" iftype="3">
<core>FIFO_SRL</core><StgValue><ssdm name="fifo_D_drain_out_V_V"/></StgValue>
</port>
<port id="15" name="fifo_D_drain_local_in_V" dir="0" iftype="3">
<core>FIFO_SRL</core><StgValue><ssdm name="fifo_D_drain_local_in_V"/></StgValue>
</port>
</ports>


<dataflows>
<dataflow id="17" from="D_drain_IO_L1_out" to="call_ln1414" fromId="16" toId="3">
</dataflow>
<dataflow id="19" from="StgValue_18" to="call_ln1414" fromId="18" toId="3">
</dataflow>
<dataflow id="20" from="fifo_D_drain_in_V_V" to="call_ln1414" fromId="13" toId="3">
</dataflow>
<dataflow id="21" from="fifo_D_drain_out_V_V" to="call_ln1414" fromId="14" toId="3">
</dataflow>
<dataflow id="22" from="fifo_D_drain_local_in_V" to="call_ln1414" fromId="15" toId="3">
</dataflow>
<dataflow id="24" from="_ssdm_op_SpecInterface" to="specinterface_ln0" fromId="23" toId="4">
</dataflow>
<dataflow id="25" from="fifo_D_drain_in_V_V" to="specinterface_ln0" fromId="13" toId="4">
</dataflow>
<dataflow id="27" from="ap_fifo_str" to="specinterface_ln0" fromId="26" toId="4">
</dataflow>
<dataflow id="29" from="StgValue_28" to="specinterface_ln0" fromId="28" toId="4">
</dataflow>
<dataflow id="30" from="StgValue_28" to="specinterface_ln0" fromId="28" toId="4">
</dataflow>
<dataflow id="32" from="p_str" to="specinterface_ln0" fromId="31" toId="4">
</dataflow>
<dataflow id="33" from="StgValue_28" to="specinterface_ln0" fromId="28" toId="4">
</dataflow>
<dataflow id="34" from="StgValue_28" to="specinterface_ln0" fromId="28" toId="4">
</dataflow>
<dataflow id="35" from="p_str" to="specinterface_ln0" fromId="31" toId="4">
</dataflow>
<dataflow id="36" from="p_str" to="specinterface_ln0" fromId="31" toId="4">
</dataflow>
<dataflow id="37" from="p_str" to="specinterface_ln0" fromId="31" toId="4">
</dataflow>
<dataflow id="39" from="StgValue_38" to="specinterface_ln0" fromId="38" toId="4">
</dataflow>
<dataflow id="40" from="StgValue_38" to="specinterface_ln0" fromId="38" toId="4">
</dataflow>
<dataflow id="42" from="StgValue_41" to="specinterface_ln0" fromId="41" toId="4">
</dataflow>
<dataflow id="43" from="StgValue_41" to="specinterface_ln0" fromId="41" toId="4">
</dataflow>
<dataflow id="44" from="p_str" to="specinterface_ln0" fromId="31" toId="4">
</dataflow>
<dataflow id="45" from="p_str" to="specinterface_ln0" fromId="31" toId="4">
</dataflow>
<dataflow id="46" from="_ssdm_op_SpecInterface" to="specinterface_ln0" fromId="23" toId="5">
</dataflow>
<dataflow id="47" from="fifo_D_drain_out_V_V" to="specinterface_ln0" fromId="14" toId="5">
</dataflow>
<dataflow id="48" from="ap_fifo_str" to="specinterface_ln0" fromId="26" toId="5">
</dataflow>
<dataflow id="49" from="StgValue_28" to="specinterface_ln0" fromId="28" toId="5">
</dataflow>
<dataflow id="50" from="StgValue_28" to="specinterface_ln0" fromId="28" toId="5">
</dataflow>
<dataflow id="51" from="p_str" to="specinterface_ln0" fromId="31" toId="5">
</dataflow>
<dataflow id="52" from="StgValue_28" to="specinterface_ln0" fromId="28" toId="5">
</dataflow>
<dataflow id="53" from="StgValue_28" to="specinterface_ln0" fromId="28" toId="5">
</dataflow>
<dataflow id="54" from="p_str" to="specinterface_ln0" fromId="31" toId="5">
</dataflow>
<dataflow id="55" from="p_str" to="specinterface_ln0" fromId="31" toId="5">
</dataflow>
<dataflow id="56" from="p_str" to="specinterface_ln0" fromId="31" toId="5">
</dataflow>
<dataflow id="57" from="StgValue_38" to="specinterface_ln0" fromId="38" toId="5">
</dataflow>
<dataflow id="58" from="StgValue_38" to="specinterface_ln0" fromId="38" toId="5">
</dataflow>
<dataflow id="59" from="StgValue_41" to="specinterface_ln0" fromId="41" toId="5">
</dataflow>
<dataflow id="60" from="StgValue_41" to="specinterface_ln0" fromId="41" toId="5">
</dataflow>
<dataflow id="61" from="p_str" to="specinterface_ln0" fromId="31" toId="5">
</dataflow>
<dataflow id="62" from="p_str" to="specinterface_ln0" fromId="31" toId="5">
</dataflow>
<dataflow id="63" from="_ssdm_op_SpecInterface" to="specinterface_ln0" fromId="23" toId="6">
</dataflow>
<dataflow id="64" from="fifo_D_drain_local_in_V" to="specinterface_ln0" fromId="15" toId="6">
</dataflow>
<dataflow id="65" from="ap_fifo_str" to="specinterface_ln0" fromId="26" toId="6">
</dataflow>
<dataflow id="66" from="StgValue_28" to="specinterface_ln0" fromId="28" toId="6">
</dataflow>
<dataflow id="67" from="StgValue_28" to="specinterface_ln0" fromId="28" toId="6">
</dataflow>
<dataflow id="68" from="p_str" to="specinterface_ln0" fromId="31" toId="6">
</dataflow>
<dataflow id="69" from="StgValue_28" to="specinterface_ln0" fromId="28" toId="6">
</dataflow>
<dataflow id="70" from="StgValue_28" to="specinterface_ln0" fromId="28" toId="6">
</dataflow>
<dataflow id="71" from="p_str" to="specinterface_ln0" fromId="31" toId="6">
</dataflow>
<dataflow id="72" from="p_str" to="specinterface_ln0" fromId="31" toId="6">
</dataflow>
<dataflow id="73" from="p_str" to="specinterface_ln0" fromId="31" toId="6">
</dataflow>
<dataflow id="74" from="StgValue_38" to="specinterface_ln0" fromId="38" toId="6">
</dataflow>
<dataflow id="75" from="StgValue_38" to="specinterface_ln0" fromId="38" toId="6">
</dataflow>
<dataflow id="76" from="StgValue_41" to="specinterface_ln0" fromId="41" toId="6">
</dataflow>
<dataflow id="77" from="StgValue_41" to="specinterface_ln0" fromId="41" toId="6">
</dataflow>
<dataflow id="78" from="p_str" to="specinterface_ln0" fromId="31" toId="6">
</dataflow>
<dataflow id="79" from="p_str" to="specinterface_ln0" fromId="31" toId="6">
</dataflow>
<dataflow id="81" from="_ssdm_op_SpecMemCore" to="specmemcore_ln0" fromId="80" toId="7">
</dataflow>
<dataflow id="82" from="fifo_D_drain_in_V_V" to="specmemcore_ln0" fromId="13" toId="7">
</dataflow>
<dataflow id="83" from="p_str" to="specmemcore_ln0" fromId="31" toId="7">
</dataflow>
<dataflow id="85" from="p_str50" to="specmemcore_ln0" fromId="84" toId="7">
</dataflow>
<dataflow id="86" from="p_str" to="specmemcore_ln0" fromId="31" toId="7">
</dataflow>
<dataflow id="88" from="StgValue_87" to="specmemcore_ln0" fromId="87" toId="7">
</dataflow>
<dataflow id="89" from="p_str" to="specmemcore_ln0" fromId="31" toId="7">
</dataflow>
<dataflow id="90" from="p_str" to="specmemcore_ln0" fromId="31" toId="7">
</dataflow>
<dataflow id="91" from="p_str" to="specmemcore_ln0" fromId="31" toId="7">
</dataflow>
<dataflow id="92" from="p_str" to="specmemcore_ln0" fromId="31" toId="7">
</dataflow>
<dataflow id="93" from="p_str" to="specmemcore_ln0" fromId="31" toId="7">
</dataflow>
<dataflow id="94" from="_ssdm_op_SpecMemCore" to="specmemcore_ln0" fromId="80" toId="8">
</dataflow>
<dataflow id="95" from="fifo_D_drain_out_V_V" to="specmemcore_ln0" fromId="14" toId="8">
</dataflow>
<dataflow id="96" from="p_str" to="specmemcore_ln0" fromId="31" toId="8">
</dataflow>
<dataflow id="97" from="p_str50" to="specmemcore_ln0" fromId="84" toId="8">
</dataflow>
<dataflow id="98" from="p_str" to="specmemcore_ln0" fromId="31" toId="8">
</dataflow>
<dataflow id="99" from="StgValue_87" to="specmemcore_ln0" fromId="87" toId="8">
</dataflow>
<dataflow id="100" from="p_str" to="specmemcore_ln0" fromId="31" toId="8">
</dataflow>
<dataflow id="101" from="p_str" to="specmemcore_ln0" fromId="31" toId="8">
</dataflow>
<dataflow id="102" from="p_str" to="specmemcore_ln0" fromId="31" toId="8">
</dataflow>
<dataflow id="103" from="p_str" to="specmemcore_ln0" fromId="31" toId="8">
</dataflow>
<dataflow id="104" from="p_str" to="specmemcore_ln0" fromId="31" toId="8">
</dataflow>
<dataflow id="105" from="_ssdm_op_SpecMemCore" to="specmemcore_ln0" fromId="80" toId="9">
</dataflow>
<dataflow id="106" from="fifo_D_drain_local_in_V" to="specmemcore_ln0" fromId="15" toId="9">
</dataflow>
<dataflow id="107" from="p_str" to="specmemcore_ln0" fromId="31" toId="9">
</dataflow>
<dataflow id="108" from="p_str50" to="specmemcore_ln0" fromId="84" toId="9">
</dataflow>
<dataflow id="109" from="p_str" to="specmemcore_ln0" fromId="31" toId="9">
</dataflow>
<dataflow id="110" from="StgValue_87" to="specmemcore_ln0" fromId="87" toId="9">
</dataflow>
<dataflow id="111" from="p_str" to="specmemcore_ln0" fromId="31" toId="9">
</dataflow>
<dataflow id="112" from="p_str" to="specmemcore_ln0" fromId="31" toId="9">
</dataflow>
<dataflow id="113" from="p_str" to="specmemcore_ln0" fromId="31" toId="9">
</dataflow>
<dataflow id="114" from="p_str" to="specmemcore_ln0" fromId="31" toId="9">
</dataflow>
<dataflow id="115" from="p_str" to="specmemcore_ln0" fromId="31" toId="9">
</dataflow>
<dataflow id="116" from="D_drain_IO_L1_out" to="call_ln1414" fromId="16" toId="10">
</dataflow>
<dataflow id="117" from="StgValue_18" to="call_ln1414" fromId="18" toId="10">
</dataflow>
<dataflow id="118" from="fifo_D_drain_in_V_V" to="call_ln1414" fromId="13" toId="10">
</dataflow>
<dataflow id="119" from="fifo_D_drain_out_V_V" to="call_ln1414" fromId="14" toId="10">
</dataflow>
<dataflow id="120" from="fifo_D_drain_local_in_V" to="call_ln1414" fromId="15" toId="10">
</dataflow>
</dataflows>


</stg>
