<profile>

<section name = "Vivado HLS Report for 'D_drain_IO_L2_out502'" level="0">
<item name = "Date">Thu Aug 26 21:54:10 2021
</item>
<item name = "Version">2020.1 (Build 2897737 on Wed May 27 20:21:37 MDT 2020)</item>
<item name = "Project">hls_prj</item>
<item name = "Solution">solution1</item>
<item name = "Product family">virtexuplus</item>
<item name = "Target device">xcu250-figd2104-2L-e</item>
</section>

<section name = "Performance Estimates" level="0">
<item name = "Timing">
<section name = "" level="1">
<item name = "Summary"><table name="" hasTotal="0">
<keys size="4">Clock, Target, Estimated, Uncertainty</keys>
<column name="ap_clk">3.33 ns, 2.914 ns, 0.42 ns</column>
</table>
</item>
</section>
</item>
<item name = "Latency">
<section name = "" level="1">
<item name = "Summary"><table name="" hasTotal="0">
<keys size="8">, min, max, min, max, min, max, Type</keys>
<column name="">15541, 15541, 51.752 us, 51.752 us, 15541, 15541, none</column>
</table>
</item>
<item name = "Detail">
<section name = "" level="1">
<item name = "Instance"><table name="" hasTotal="0">
<keys size="9">Instance, Module, min, max, min, max, min, max, Type</keys>
</table>
</item>
<item name = "Loop"><table name="" hasTotal="0">
<keys size="8">Loop Name, min, max, Latency, achieved, target, Count, Pipelined</keys>
<column name="- Loop 1">15540, 15540, 259, -, -, 60, no</column>
<column name=" + Loop 1.1">256, 256, 2, 1, 1, 256, yes</column>
<column name=" + Loop 1.2">256, 256, 2, 1, 1, 256, yes</column>
</table>
</item>
</section>
</item>
</section>
</item>
</section>

<section name = "Utilization Estimates" level="0">
<item name = "Summary"><table name="" hasTotal="1">
<keys size="6">Name, BRAM_18K, DSP48E, FF, LUT, URAM</keys>
<column name="DSP">-, -, -, -, -</column>
<column name="Expression">-, -, 0, 182, -</column>
<column name="FIFO">-, -, -, -, -</column>
<column name="Instance">-, -, -, -, -</column>
<column name="Memory">-, -, -, -, -</column>
<column name="Multiplexer">-, -, -, 159, -</column>
<column name="Register">-, -, 59, -, -</column>
<specialColumn name="Available SLR">1344, 3072, 864000, 432000, 320</specialColumn>
<specialColumn name="Utilization SLR (%)">0, 0, ~0, ~0, 0</specialColumn>
<specialColumn name="Available">5376, 12288, 3456000, 1728000, 1280</specialColumn>
<specialColumn name="Utilization (%)">0, 0, ~0, ~0, 0</specialColumn>
</table>
</item>
<item name = "Detail">
<section name = "" level="1">
<item name = "Instance"><table name="" hasTotal="1">
<keys size="7">Instance, Module, BRAM_18K, DSP48E, FF, LUT, URAM</keys>
</table>
</item>
<item name = "DSP48E"><table name="" hasTotal="0">
<keys size="3">Instance, Module, Expression</keys>
</table>
</item>
<item name = "Memory"><table name="" hasTotal="1">
<keys size="10">Memory, Module, BRAM_18K, FF, LUT, URAM, Words, Bits, Banks, W*Bits*Banks</keys>
</table>
</item>
<item name = "FIFO"><table name="" hasTotal="1">
<keys size="8">Name, BRAM_18K, FF, LUT, URAM, Depth, Bits, Size:D*B</keys>
</table>
</item>
<item name = "Expression"><table name="" hasTotal="1">
<keys size="7">Variable Name, Operation, DSP48E, FF, LUT, Bitwidth P0, Bitwidth P1</keys>
<column name="add_ln1475_fu_149_p2">+, 0, 0, 15, 6, 1</column>
<column name="add_ln1476_fu_216_p2">+, 0, 0, 15, 6, 1</column>
<column name="add_ln1482_fu_235_p2">+, 0, 0, 16, 9, 1</column>
<column name="add_ln1499_fu_205_p2">+, 0, 0, 16, 9, 1</column>
<column name="c3_V_fu_211_p2">+, 0, 0, 15, 5, 1</column>
<column name="and_ln1476_fu_173_p2">and, 0, 0, 2, 1, 1</column>
<column name="ap_block_pp0_stage0_01001">and, 0, 0, 2, 1, 1</column>
<column name="ap_block_pp1_stage0_01001">and, 0, 0, 2, 1, 1</column>
<column name="icmp_ln1475_fu_143_p2">icmp, 0, 0, 11, 6, 4</column>
<column name="icmp_ln1476_fu_155_p2">icmp, 0, 0, 11, 6, 5</column>
<column name="icmp_ln1479_fu_167_p2">icmp, 0, 0, 11, 5, 6</column>
<column name="icmp_ln1482_fu_229_p2">icmp, 0, 0, 13, 9, 10</column>
<column name="icmp_ln1499_fu_199_p2">icmp, 0, 0, 13, 9, 10</column>
<column name="icmp_ln879_fu_193_p2">icmp, 0, 0, 11, 5, 1</column>
<column name="ap_block_state1">or, 0, 0, 2, 1, 1</column>
<column name="ap_block_state4_pp0_stage0_iter1">or, 0, 0, 2, 1, 1</column>
<column name="ap_block_state7_pp1_stage0_iter1">or, 0, 0, 2, 1, 1</column>
<column name="or_ln1479_fu_179_p2">or, 0, 0, 2, 1, 1</column>
<column name="select_ln1476_fu_222_p3">select, 0, 0, 6, 1, 1</column>
<column name="select_ln1479_fu_185_p3">select, 0, 0, 5, 1, 1</column>
<column name="ap_enable_pp0">xor, 0, 0, 2, 1, 2</column>
<column name="ap_enable_pp1">xor, 0, 0, 2, 1, 2</column>
<column name="ap_enable_reg_pp0_iter1">xor, 0, 0, 2, 2, 1</column>
<column name="ap_enable_reg_pp1_iter1">xor, 0, 0, 2, 2, 1</column>
<column name="xor_ln1476_fu_161_p2">xor, 0, 0, 2, 1, 2</column>
</table>
</item>
<item name = "Multiplexer"><table name="" hasTotal="1">
<keys size="5">Name, LUT, Input Size, Bits, Total Bits</keys>
<column name="ap_NS_fsm">33, 6, 1, 6</column>
<column name="ap_done">9, 2, 1, 2</column>
<column name="ap_enable_reg_pp0_iter1">15, 3, 1, 3</column>
<column name="ap_enable_reg_pp1_iter1">15, 3, 1, 3</column>
<column name="fifo_D_drain_in_V_V_blk_n">9, 2, 1, 2</column>
<column name="fifo_D_drain_local_in_V_V_blk_n">9, 2, 1, 2</column>
<column name="fifo_D_drain_out_V_V_blk_n">9, 2, 1, 2</column>
<column name="fifo_D_drain_out_V_V_din">15, 3, 128, 384</column>
<column name="indvar_flatten11_reg_132">9, 2, 9, 18</column>
<column name="indvar_flatten30_reg_121">9, 2, 9, 18</column>
<column name="indvar_flatten37_reg_98">9, 2, 6, 12</column>
<column name="indvar_flatten49_reg_87">9, 2, 6, 12</column>
<column name="p_026_0_reg_110">9, 2, 5, 10</column>
</table>
</item>
<item name = "Register"><table name="" hasTotal="1">
<keys size="5">Name, FF, LUT, Bits, Const Bits</keys>
<column name="add_ln1475_reg_245">6, 0, 6, 0</column>
<column name="ap_CS_fsm">5, 0, 5, 0</column>
<column name="ap_done_reg">1, 0, 1, 0</column>
<column name="ap_enable_reg_pp0_iter0">1, 0, 1, 0</column>
<column name="ap_enable_reg_pp0_iter1">1, 0, 1, 0</column>
<column name="ap_enable_reg_pp1_iter0">1, 0, 1, 0</column>
<column name="ap_enable_reg_pp1_iter1">1, 0, 1, 0</column>
<column name="icmp_ln1476_reg_250">1, 0, 1, 0</column>
<column name="icmp_ln1482_reg_283">1, 0, 1, 0</column>
<column name="icmp_ln1499_reg_264">1, 0, 1, 0</column>
<column name="indvar_flatten11_reg_132">9, 0, 9, 0</column>
<column name="indvar_flatten30_reg_121">9, 0, 9, 0</column>
<column name="indvar_flatten37_reg_98">6, 0, 6, 0</column>
<column name="indvar_flatten49_reg_87">6, 0, 6, 0</column>
<column name="p_026_0_reg_110">5, 0, 5, 0</column>
<column name="select_ln1479_reg_255">5, 0, 5, 0</column>
</table>
</item>
</section>
</item>
</section>

<section name = "Interface" level="0">
<item name = "Summary"><table name="" hasTotal="0">
<keys size="6">RTL Ports, Dir, Bits, Protocol, Source Object, C Type</keys>
<column name="ap_clk">in, 1, ap_ctrl_hs, D_drain_IO_L2_out502, return value</column>
<column name="ap_rst">in, 1, ap_ctrl_hs, D_drain_IO_L2_out502, return value</column>
<column name="ap_start">in, 1, ap_ctrl_hs, D_drain_IO_L2_out502, return value</column>
<column name="ap_done">out, 1, ap_ctrl_hs, D_drain_IO_L2_out502, return value</column>
<column name="ap_continue">in, 1, ap_ctrl_hs, D_drain_IO_L2_out502, return value</column>
<column name="ap_idle">out, 1, ap_ctrl_hs, D_drain_IO_L2_out502, return value</column>
<column name="ap_ready">out, 1, ap_ctrl_hs, D_drain_IO_L2_out502, return value</column>
<column name="fifo_D_drain_in_V_V_dout">in, 128, ap_fifo, fifo_D_drain_in_V_V, pointer</column>
<column name="fifo_D_drain_in_V_V_empty_n">in, 1, ap_fifo, fifo_D_drain_in_V_V, pointer</column>
<column name="fifo_D_drain_in_V_V_read">out, 1, ap_fifo, fifo_D_drain_in_V_V, pointer</column>
<column name="fifo_D_drain_out_V_V_din">out, 128, ap_fifo, fifo_D_drain_out_V_V, pointer</column>
<column name="fifo_D_drain_out_V_V_full_n">in, 1, ap_fifo, fifo_D_drain_out_V_V, pointer</column>
<column name="fifo_D_drain_out_V_V_write">out, 1, ap_fifo, fifo_D_drain_out_V_V, pointer</column>
<column name="fifo_D_drain_local_in_V_V_dout">in, 128, ap_fifo, fifo_D_drain_local_in_V_V, pointer</column>
<column name="fifo_D_drain_local_in_V_V_empty_n">in, 1, ap_fifo, fifo_D_drain_local_in_V_V, pointer</column>
<column name="fifo_D_drain_local_in_V_V_read">out, 1, ap_fifo, fifo_D_drain_local_in_V_V, pointer</column>
</table>
</item>
</section>
</profile>
