<stg><name>D_drain_IO_L1_out</name>


<trans_list>

<trans id="118" from="1" to="2">
<condition id="-1">
<or_exp><and_exp></and_exp></or_exp>
</condition>
</trans>

<trans id="119" from="2" to="3">
<condition id="-1">
<or_exp><and_exp><literal name="icmp_ln1385" val="0"/>
</and_exp></or_exp>
</condition>
</trans>

<trans id="145" from="3" to="6">
<condition id="-1">
<or_exp><and_exp><literal name="icmp_ln1280" val="1"/>
</and_exp></or_exp>
</condition>
</trans>

<trans id="146" from="3" to="4">
<condition id="-1">
<or_exp><and_exp><literal name="icmp_ln1280" val="0"/>
</and_exp></or_exp>
</condition>
</trans>

<trans id="143" from="4" to="5">
<condition id="-1">
<or_exp><and_exp></and_exp></or_exp>
</condition>
</trans>

<trans id="144" from="5" to="3">
<condition id="-1">
<or_exp><and_exp></and_exp></or_exp>
</condition>
</trans>

<trans id="130" from="6" to="7">
<condition id="-1">
<or_exp><and_exp></and_exp></or_exp>
</condition>
</trans>

<trans id="131" from="7" to="8">
<condition id="-1">
<or_exp><and_exp><literal name="tmp_39" val="0"/>
<literal name="icmp_ln879" val="0"/>
</and_exp></or_exp>
</condition>
</trans>

<trans id="135" from="7" to="11">
<condition id="-1">
<or_exp><and_exp><literal name="tmp_39" val="0"/>
<literal name="icmp_ln879" val="1"/>
</and_exp></or_exp>
</condition>
</trans>

<trans id="141" from="7" to="2">
<condition id="-1">
<or_exp><and_exp><literal name="tmp_39" val="1"/>
</and_exp></or_exp>
</condition>
</trans>

<trans id="149" from="8" to="10">
<condition id="-1">
<or_exp><and_exp><literal name="icmp_ln1331" val="1"/>
</and_exp></or_exp>
</condition>
</trans>

<trans id="150" from="8" to="9">
<condition id="-1">
<or_exp><and_exp><literal name="icmp_ln1331" val="0"/>
</and_exp></or_exp>
</condition>
</trans>

<trans id="148" from="9" to="8">
<condition id="-1">
<or_exp><and_exp></and_exp></or_exp>
</condition>
</trans>

<trans id="140" from="10" to="7">
<condition id="-1">
<or_exp><and_exp></and_exp></or_exp>
</condition>
</trans>

<trans id="153" from="11" to="10">
<condition id="-1">
<or_exp><and_exp><literal name="icmp_ln1317" val="1"/>
</and_exp></or_exp>
</condition>
</trans>

<trans id="154" from="11" to="12">
<condition id="-1">
<or_exp><and_exp><literal name="icmp_ln1317" val="0"/>
</and_exp></or_exp>
</condition>
</trans>

<trans id="152" from="12" to="11">
<condition id="-1">
<or_exp><and_exp></and_exp></or_exp>
</condition>
</trans>
</trans_list>



<state_list>

<state id="1" st_id="1">

<operation id="13" st_id="1" stage="1" lat="1">
<core>NULL</core>
<MemPortIdVec></MemPortIdVec>
<condition id="-1">
<or_exp><and_exp></and_exp></or_exp>
</condition>

<Node id="5" bw="0" op_0_bw="0" op_1_bw="32" op_2_bw="0" op_3_bw="32" op_4_bw="32" op_5_bw="0" op_6_bw="32" op_7_bw="32" op_8_bw="0" op_9_bw="0" op_10_bw="0" op_11_bw="32" op_12_bw="32" op_13_bw="32" op_14_bw="32" op_15_bw="0" op_16_bw="0">
<![CDATA[
:0  call void (...)* @_ssdm_op_SpecInterface(float* %fifo_D_drain_local_in_V, [8 x i8]* @ap_fifo_str, i32 0, i32 0, [1 x i8]* @p_str, i32 0, i32 0, [1 x i8]* @p_str, [1 x i8]* @p_str, [1 x i8]* @p_str, i32 2, i32 2, i32 16, i32 16, [1 x i8]* @p_str, [1 x i8]* @p_str)

]]></Node>
<StgValue><ssdm name="specinterface_ln0"/></StgValue>
</operation>

<operation id="14" st_id="1" stage="1" lat="1">
<core>NULL</core>
<MemPortIdVec></MemPortIdVec>
<condition id="-1">
<or_exp><and_exp></and_exp></or_exp>
</condition>

<Node id="6" bw="0" op_0_bw="0" op_1_bw="128" op_2_bw="0" op_3_bw="32" op_4_bw="32" op_5_bw="0" op_6_bw="32" op_7_bw="32" op_8_bw="0" op_9_bw="0" op_10_bw="0" op_11_bw="32" op_12_bw="32" op_13_bw="32" op_14_bw="32" op_15_bw="0" op_16_bw="0">
<![CDATA[
:1  call void (...)* @_ssdm_op_SpecInterface(i128* %fifo_D_drain_out_V_V, [8 x i8]* @ap_fifo_str, i32 0, i32 0, [1 x i8]* @p_str, i32 0, i32 0, [1 x i8]* @p_str, [1 x i8]* @p_str, [1 x i8]* @p_str, i32 2, i32 2, i32 16, i32 16, [1 x i8]* @p_str, [1 x i8]* @p_str)

]]></Node>
<StgValue><ssdm name="specinterface_ln0"/></StgValue>
</operation>

<operation id="15" st_id="1" stage="1" lat="1">
<core>NULL</core>
<MemPortIdVec></MemPortIdVec>
<condition id="-1">
<or_exp><and_exp></and_exp></or_exp>
</condition>

<Node id="7" bw="0" op_0_bw="0" op_1_bw="128" op_2_bw="0" op_3_bw="32" op_4_bw="32" op_5_bw="0" op_6_bw="32" op_7_bw="32" op_8_bw="0" op_9_bw="0" op_10_bw="0" op_11_bw="32" op_12_bw="32" op_13_bw="32" op_14_bw="32" op_15_bw="0" op_16_bw="0">
<![CDATA[
:2  call void (...)* @_ssdm_op_SpecInterface(i128* %fifo_D_drain_in_V_V, [8 x i8]* @ap_fifo_str, i32 0, i32 0, [1 x i8]* @p_str, i32 0, i32 0, [1 x i8]* @p_str, [1 x i8]* @p_str, [1 x i8]* @p_str, i32 2, i32 2, i32 16, i32 16, [1 x i8]* @p_str, [1 x i8]* @p_str)

]]></Node>
<StgValue><ssdm name="specinterface_ln0"/></StgValue>
</operation>

<operation id="16" st_id="1" stage="1" lat="1">
<core>NULL</core>
<MemPortIdVec></MemPortIdVec>
<condition id="-1">
<or_exp><and_exp></and_exp></or_exp>
</condition>

<Node id="8" bw="0" op_0_bw="0" op_1_bw="32" op_2_bw="0" op_3_bw="0" op_4_bw="0" op_5_bw="32" op_6_bw="0" op_7_bw="0" op_8_bw="0" op_9_bw="0" op_10_bw="0">
<![CDATA[
:3  call void (...)* @_ssdm_op_SpecMemCore(float* %fifo_D_drain_local_in_V, [1 x i8]* @p_str, [9 x i8]* @p_str50, [1 x i8]* @p_str, i32 -1, [1 x i8]* @p_str, [1 x i8]* @p_str, [1 x i8]* @p_str, [1 x i8]* @p_str, [1 x i8]* @p_str)

]]></Node>
<StgValue><ssdm name="specmemcore_ln0"/></StgValue>
</operation>

<operation id="17" st_id="1" stage="1" lat="1">
<core>NULL</core>
<MemPortIdVec></MemPortIdVec>
<condition id="-1">
<or_exp><and_exp></and_exp></or_exp>
</condition>

<Node id="9" bw="0" op_0_bw="0" op_1_bw="128" op_2_bw="0" op_3_bw="0" op_4_bw="0" op_5_bw="32" op_6_bw="0" op_7_bw="0" op_8_bw="0" op_9_bw="0" op_10_bw="0">
<![CDATA[
:4  call void (...)* @_ssdm_op_SpecMemCore(i128* %fifo_D_drain_out_V_V, [1 x i8]* @p_str, [9 x i8]* @p_str50, [1 x i8]* @p_str, i32 -1, [1 x i8]* @p_str, [1 x i8]* @p_str, [1 x i8]* @p_str, [1 x i8]* @p_str, [1 x i8]* @p_str)

]]></Node>
<StgValue><ssdm name="specmemcore_ln0"/></StgValue>
</operation>

<operation id="18" st_id="1" stage="1" lat="1">
<core>NULL</core>
<MemPortIdVec></MemPortIdVec>
<condition id="-1">
<or_exp><and_exp></and_exp></or_exp>
</condition>

<Node id="10" bw="0" op_0_bw="0" op_1_bw="128" op_2_bw="0" op_3_bw="0" op_4_bw="0" op_5_bw="32" op_6_bw="0" op_7_bw="0" op_8_bw="0" op_9_bw="0" op_10_bw="0">
<![CDATA[
:5  call void (...)* @_ssdm_op_SpecMemCore(i128* %fifo_D_drain_in_V_V, [1 x i8]* @p_str, [9 x i8]* @p_str50, [1 x i8]* @p_str, i32 -1, [1 x i8]* @p_str, [1 x i8]* @p_str, [1 x i8]* @p_str, [1 x i8]* @p_str, [1 x i8]* @p_str)

]]></Node>
<StgValue><ssdm name="specmemcore_ln0"/></StgValue>
</operation>

<operation id="19" st_id="1" stage="1" lat="1">
<core>NULL</core>
<MemPortIdVec></MemPortIdVec>
<condition id="-1">
<or_exp><and_exp></and_exp></or_exp>
</condition>

<Node id="11" bw="4" op_0_bw="4" op_1_bw="4">
<![CDATA[
:6  %idy_read = call i4 @_ssdm_op_Read.ap_auto.i4(i4 %idy)

]]></Node>
<StgValue><ssdm name="idy_read"/></StgValue>
</operation>

<operation id="20" st_id="1" stage="1" lat="1">
<core>RAM_2P_BRAM</core>
<MemPortIdVec></MemPortIdVec>
<condition id="-1">
<or_exp><and_exp></and_exp></or_exp>
</condition>

<Node id="12" bw="128" op_0_bw="64">
<![CDATA[
:7  %local_D_V = alloca [32 x i128], align 8

]]></Node>
<StgValue><ssdm name="local_D_V"/><MemPortTyVec>1 0 </MemPortTyVec>
</StgValue>
</operation>

<operation id="21" st_id="1" stage="1" lat="1">
<core>NULL</core>
<MemPortIdVec></MemPortIdVec>
<condition id="-1">
<or_exp><and_exp></and_exp></or_exp>
</condition>

<Node id="13" bw="0" op_0_bw="0" op_1_bw="128" op_2_bw="0" op_3_bw="0" op_4_bw="0" op_5_bw="32" op_6_bw="0" op_7_bw="0" op_8_bw="0" op_9_bw="0" op_10_bw="0">
<![CDATA[
:8  call void (...)* @_ssdm_op_SpecMemCore([32 x i128]* %local_D_V, [1 x i8]* @p_str, [12 x i8]* @p_str9, [1 x i8]* @p_str, i32 -1, [1 x i8]* @p_str, [1 x i8]* @p_str, [1 x i8]* @p_str, [1 x i8]* @p_str, [1 x i8]* @p_str)

]]></Node>
<StgValue><ssdm name="specmemcore_ln1382"/></StgValue>
</operation>

<operation id="22" st_id="1" stage="1" lat="1">
<core>NULL</core>
<MemPortIdVec></MemPortIdVec>
<condition id="-1">
<or_exp><and_exp></and_exp></or_exp>
</condition>

<Node id="14" bw="0" op_0_bw="0">
<![CDATA[
:9  br label %.preheader

]]></Node>
<StgValue><ssdm name="br_ln1385"/></StgValue>
</operation>
</state>

<state id="2" st_id="2">

<operation id="23" st_id="2" stage="1" lat="1">
<core>NULL</core>
<MemPortIdVec></MemPortIdVec>
<condition id="-1">
<or_exp><and_exp></and_exp></or_exp>
</condition>

<Node id="16" bw="3" op_0_bw="3" op_1_bw="0" op_2_bw="3" op_3_bw="0">
<![CDATA[
.preheader:0  %indvar_flatten20 = phi i3 [ 0, %0 ], [ %add_ln1385, %.preheader.loopexit ]

]]></Node>
<StgValue><ssdm name="indvar_flatten20"/></StgValue>
</operation>

<operation id="24" st_id="2" stage="1" lat="1">
<core>Cmp</core>
<MemPortIdVec></MemPortIdVec>
<condition id="-1">
<or_exp><and_exp></and_exp></or_exp>
</condition>

<Node id="17" bw="1" op_0_bw="3" op_1_bw="3">
<![CDATA[
.preheader:1  %icmp_ln1385 = icmp eq i3 %indvar_flatten20, -4

]]></Node>
<StgValue><ssdm name="icmp_ln1385"/></StgValue>
</operation>

<operation id="25" st_id="2" stage="1" lat="1">
<core>AddSub</core>
<MemPortIdVec></MemPortIdVec>
<condition id="-1">
<or_exp><and_exp></and_exp></or_exp>
</condition>

<Node id="18" bw="3" op_0_bw="3" op_1_bw="3">
<![CDATA[
.preheader:2  %add_ln1385 = add i3 %indvar_flatten20, 1

]]></Node>
<StgValue><ssdm name="add_ln1385"/></StgValue>
</operation>

<operation id="26" st_id="2" stage="1" lat="1">
<core>NULL</core>
<MemPortIdVec></MemPortIdVec>
<condition id="-1">
<or_exp><and_exp></and_exp></or_exp>
</condition>

<Node id="19" bw="0" op_0_bw="1" op_1_bw="0" op_2_bw="0">
<![CDATA[
.preheader:3  br i1 %icmp_ln1385, label %2, label %.preheader.preheader

]]></Node>
<StgValue><ssdm name="br_ln1385"/></StgValue>
</operation>

<operation id="27" st_id="2" stage="1" lat="1">
<core>NULL</core>
<MemPortIdVec></MemPortIdVec>
<condition id="-1">
<or_exp><and_exp><literal name="icmp_ln1385" val="0"/>
</and_exp></or_exp>
</condition>

<Node id="21" bw="32" op_0_bw="32" op_1_bw="64" op_2_bw="64" op_3_bw="64">
<![CDATA[
.preheader.preheader:0  %empty_942 = call i32 (...)* @_ssdm_op_SpecLoopTripCount(i64 4, i64 4, i64 4)

]]></Node>
<StgValue><ssdm name="empty_942"/></StgValue>
</operation>

<operation id="28" st_id="2" stage="1" lat="1">
<core>NULL</core>
<MemPortIdVec></MemPortIdVec>
<condition id="-1">
<or_exp><and_exp><literal name="icmp_ln1385" val="0"/>
</and_exp></or_exp>
</condition>

<Node id="22" bw="0" op_0_bw="0">
<![CDATA[
.preheader.preheader:1  br label %.preheader.i

]]></Node>
<StgValue><ssdm name="br_ln1280"/></StgValue>
</operation>

<operation id="29" st_id="2" stage="1" lat="1">
<core>NULL</core>
<MemPortIdVec></MemPortIdVec>
<condition id="-1">
<or_exp><and_exp><literal name="icmp_ln1385" val="1"/>
</and_exp></or_exp>
</condition>

<Node id="129" bw="0">
<![CDATA[
:0  ret void

]]></Node>
<StgValue><ssdm name="ret_ln1408"/></StgValue>
</operation>
</state>

<state id="3" st_id="3">

<operation id="30" st_id="3" stage="1" lat="1">
<core>NULL</core>
<MemPortIdVec></MemPortIdVec>
<condition id="-1">
<or_exp><and_exp></and_exp></or_exp>
</condition>

<Node id="24" bw="8" op_0_bw="8" op_1_bw="0" op_2_bw="8" op_3_bw="0">
<![CDATA[
.preheader.i:0  %indvar_flatten = phi i8 [ 0, %.preheader.preheader ], [ %add_ln1280, %hls_label_29_end ]

]]></Node>
<StgValue><ssdm name="indvar_flatten"/></StgValue>
</operation>

<operation id="31" st_id="3" stage="1" lat="1">
<core>NULL</core>
<MemPortIdVec></MemPortIdVec>
<condition id="-1">
<or_exp><and_exp></and_exp></or_exp>
</condition>

<Node id="25" bw="4" op_0_bw="4" op_1_bw="0" op_2_bw="4" op_3_bw="0">
<![CDATA[
.preheader.i:1  %p_062_0_i = phi i4 [ 0, %.preheader.preheader ], [ %select_ln1371_17, %hls_label_29_end ]

]]></Node>
<StgValue><ssdm name="p_062_0_i"/></StgValue>
</operation>

<operation id="32" st_id="3" stage="1" lat="1">
<core>NULL</core>
<MemPortIdVec></MemPortIdVec>
<condition id="-1">
<or_exp><and_exp></and_exp></or_exp>
</condition>

<Node id="26" bw="5" op_0_bw="5" op_1_bw="0" op_2_bw="5" op_3_bw="0">
<![CDATA[
.preheader.i:2  %p_076_0_i = phi i5 [ 0, %.preheader.preheader ], [ %c8_V, %hls_label_29_end ]

]]></Node>
<StgValue><ssdm name="p_076_0_i"/></StgValue>
</operation>

<operation id="33" st_id="3" stage="1" lat="1">
<core>Cmp</core>
<MemPortIdVec></MemPortIdVec>
<condition id="-1">
<or_exp><and_exp></and_exp></or_exp>
</condition>

<Node id="27" bw="1" op_0_bw="8" op_1_bw="8">
<![CDATA[
.preheader.i:3  %icmp_ln1280 = icmp eq i8 %indvar_flatten, -128

]]></Node>
<StgValue><ssdm name="icmp_ln1280"/></StgValue>
</operation>

<operation id="34" st_id="3" stage="1" lat="1">
<core>AddSub</core>
<MemPortIdVec></MemPortIdVec>
<condition id="-1">
<or_exp><and_exp></and_exp></or_exp>
</condition>

<Node id="28" bw="8" op_0_bw="8" op_1_bw="8">
<![CDATA[
.preheader.i:4  %add_ln1280 = add i8 %indvar_flatten, 1

]]></Node>
<StgValue><ssdm name="add_ln1280"/></StgValue>
</operation>

<operation id="35" st_id="3" stage="1" lat="1">
<core>NULL</core>
<MemPortIdVec></MemPortIdVec>
<condition id="-1">
<or_exp><and_exp></and_exp></or_exp>
</condition>

<Node id="29" bw="0" op_0_bw="1" op_1_bw="0" op_2_bw="0">
<![CDATA[
.preheader.i:5  br i1 %icmp_ln1280, label %D_drain_IO_L1_out_intra_trans.exit.preheader, label %hls_label_29_begin

]]></Node>
<StgValue><ssdm name="br_ln1280"/></StgValue>
</operation>

<operation id="36" st_id="3" stage="1" lat="1">
<core>AddSub</core>
<MemPortIdVec></MemPortIdVec>
<condition id="-1">
<or_exp><and_exp><literal name="icmp_ln1280" val="0"/>
</and_exp></or_exp>
</condition>

<Node id="31" bw="4" op_0_bw="4" op_1_bw="4">
<![CDATA[
hls_label_29_begin:0  %c7_V = add i4 1, %p_062_0_i

]]></Node>
<StgValue><ssdm name="c7_V"/></StgValue>
</operation>

<operation id="37" st_id="3" stage="1" lat="1">
<core>Cmp</core>
<MemPortIdVec></MemPortIdVec>
<condition id="-1">
<or_exp><and_exp><literal name="icmp_ln1280" val="0"/>
</and_exp></or_exp>
</condition>

<Node id="33" bw="1" op_0_bw="5" op_1_bw="5">
<![CDATA[
hls_label_29_begin:2  %icmp_ln1282 = icmp eq i5 %p_076_0_i, -16

]]></Node>
<StgValue><ssdm name="icmp_ln1282"/></StgValue>
</operation>

<operation id="38" st_id="3" stage="1" lat="1">
<core>Sel</core>
<MemPortIdVec></MemPortIdVec>
<condition id="-1">
<or_exp><and_exp><literal name="icmp_ln1280" val="0"/>
</and_exp></or_exp>
</condition>

<Node id="34" bw="5" op_0_bw="1" op_1_bw="5" op_2_bw="5">
<![CDATA[
hls_label_29_begin:3  %select_ln1371 = select i1 %icmp_ln1282, i5 0, i5 %p_076_0_i

]]></Node>
<StgValue><ssdm name="select_ln1371"/></StgValue>
</operation>

<operation id="39" st_id="3" stage="1" lat="1">
<core>Sel</core>
<MemPortIdVec></MemPortIdVec>
<condition id="-1">
<or_exp><and_exp><literal name="icmp_ln1280" val="0"/>
</and_exp></or_exp>
</condition>

<Node id="35" bw="4" op_0_bw="1" op_1_bw="4" op_2_bw="4">
<![CDATA[
hls_label_29_begin:4  %select_ln1371_17 = select i1 %icmp_ln1282, i4 %c7_V, i4 %p_062_0_i

]]></Node>
<StgValue><ssdm name="select_ln1371_17"/></StgValue>
</operation>

<operation id="40" st_id="3" stage="1" lat="1">
<core>NULL</core>
<MemPortIdVec></MemPortIdVec>
<condition id="-1">
<or_exp><and_exp><literal name="icmp_ln1280" val="0"/>
</and_exp></or_exp>
</condition>

<Node id="36" bw="1" op_0_bw="1" op_1_bw="4" op_2_bw="32">
<![CDATA[
hls_label_29_begin:5  %tmp = call i1 @_ssdm_op_BitSelect.i1.i4.i32(i4 %select_ln1371_17, i32 2)

]]></Node>
<StgValue><ssdm name="tmp"/></StgValue>
</operation>

<operation id="41" st_id="3" stage="1" lat="1">
<core>NULL</core>
<MemPortIdVec></MemPortIdVec>
<condition id="-1">
<or_exp><and_exp><literal name="icmp_ln1280" val="0"/>
</and_exp></or_exp>
</condition>

<Node id="37" bw="2" op_0_bw="4">
<![CDATA[
hls_label_29_begin:6  %trunc_ln1371 = trunc i4 %select_ln1371_17 to i2

]]></Node>
<StgValue><ssdm name="trunc_ln1371"/></StgValue>
</operation>

<operation id="42" st_id="3" stage="1" lat="1">
<core>NULL</core>
<MemPortIdVec></MemPortIdVec>
<condition id="-1">
<or_exp><and_exp><literal name="icmp_ln1280" val="0"/>
</and_exp></or_exp>
</condition>

<Node id="41" bw="6" op_0_bw="6" op_1_bw="5" op_2_bw="1">
<![CDATA[
hls_label_29_begin:10  %tmp_34 = call i6 @_ssdm_op_BitConcatenate.i6.i5.i1(i5 %select_ln1371, i1 %tmp)

]]></Node>
<StgValue><ssdm name="tmp_34"/></StgValue>
</operation>

<operation id="43" st_id="3" stage="1" lat="1">
<core>NULL</core>
<MemPortIdVec></MemPortIdVec>
<condition id="-1">
<or_exp><and_exp><literal name="icmp_ln1280" val="0"/>
</and_exp></or_exp>
</condition>

<Node id="42" bw="64" op_0_bw="6">
<![CDATA[
hls_label_29_begin:11  %zext_ln321 = zext i6 %tmp_34 to i64

]]></Node>
<StgValue><ssdm name="zext_ln321"/></StgValue>
</operation>

<operation id="44" st_id="3" stage="1" lat="1">
<core>NULL</core>
<MemPortIdVec></MemPortIdVec>
<condition id="-1">
<or_exp><and_exp><literal name="icmp_ln1280" val="0"/>
</and_exp></or_exp>
</condition>

<Node id="43" bw="5" op_0_bw="128" op_1_bw="64" op_2_bw="64">
<![CDATA[
hls_label_29_begin:12  %local_D_V_addr = getelementptr [32 x i128]* %local_D_V, i64 0, i64 %zext_ln321

]]></Node>
<StgValue><ssdm name="local_D_V_addr"/></StgValue>
</operation>

<operation id="45" st_id="3" stage="2" lat="2">
<core>RAM_2P_BRAM</core>
<MemPortIdVec>0 </MemPortIdVec>
<condition id="-1">
<or_exp><and_exp><literal name="icmp_ln1280" val="0"/>
</and_exp></or_exp>
</condition>

<Node id="44" bw="128" op_0_bw="5">
<![CDATA[
hls_label_29_begin:13  %out_data_V = load i128* %local_D_V_addr, align 16

]]></Node>
<StgValue><ssdm name="out_data_V"/></StgValue>
</operation>

<operation id="46" st_id="3" stage="1" lat="1">
<core>AddSub</core>
<MemPortIdVec></MemPortIdVec>
<condition id="-1">
<or_exp><and_exp><literal name="icmp_ln1280" val="0"/>
</and_exp></or_exp>
</condition>

<Node id="65" bw="5" op_0_bw="5" op_1_bw="5">
<![CDATA[
hls_label_29_end:7  %c8_V = add i5 %select_ln1371, 1

]]></Node>
<StgValue><ssdm name="c8_V"/></StgValue>
</operation>
</state>

<state id="4" st_id="4">

<operation id="47" st_id="4" stage="1" lat="1">
<core>FIFO_SRL</core>
<MemPortIdVec></MemPortIdVec>
<condition id="-1">
<or_exp><and_exp><literal name="icmp_ln1280" val="0"/>
</and_exp></or_exp>
</condition>

<Node id="40" bw="32" op_0_bw="32" op_1_bw="32">
<![CDATA[
hls_label_29_begin:9  %tmp_40 = call float @_ssdm_op_Read.ap_fifo.volatile.floatP(float* %fifo_D_drain_local_in_V)

]]></Node>
<StgValue><ssdm name="tmp_40"/></StgValue>
</operation>

<operation id="48" st_id="4" stage="1" lat="2">
<core>RAM_2P_BRAM</core>
<MemPortIdVec>0 </MemPortIdVec>
<condition id="-1">
<or_exp><and_exp><literal name="icmp_ln1280" val="0"/>
</and_exp></or_exp>
</condition>

<Node id="44" bw="128" op_0_bw="5">
<![CDATA[
hls_label_29_begin:13  %out_data_V = load i128* %local_D_V_addr, align 16

]]></Node>
<StgValue><ssdm name="out_data_V"/></StgValue>
</operation>

<operation id="49" st_id="4" stage="1" lat="1">
<core>NULL</core>
<MemPortIdVec></MemPortIdVec>
<condition id="-1">
<or_exp><and_exp><literal name="icmp_ln1280" val="0"/>
</and_exp></or_exp>
</condition>

<Node id="45" bw="32" op_0_bw="128">
<![CDATA[
hls_label_29_begin:14  %data_split_0_V = trunc i128 %out_data_V to i32

]]></Node>
<StgValue><ssdm name="data_split_0_V"/></StgValue>
</operation>

<operation id="50" st_id="4" stage="1" lat="1">
<core>NULL</core>
<MemPortIdVec></MemPortIdVec>
<condition id="-1">
<or_exp><and_exp><literal name="icmp_ln1280" val="0"/>
</and_exp></or_exp>
</condition>

<Node id="46" bw="32" op_0_bw="32" op_1_bw="128" op_2_bw="32" op_3_bw="32">
<![CDATA[
hls_label_29_begin:15  %data_split_1_V = call i32 @_ssdm_op_PartSelect.i32.i128.i32.i32(i128 %out_data_V, i32 32, i32 63)

]]></Node>
<StgValue><ssdm name="data_split_1_V"/></StgValue>
</operation>

<operation id="51" st_id="4" stage="1" lat="1">
<core>NULL</core>
<MemPortIdVec></MemPortIdVec>
<condition id="-1">
<or_exp><and_exp><literal name="icmp_ln1280" val="0"/>
</and_exp></or_exp>
</condition>

<Node id="47" bw="32" op_0_bw="32" op_1_bw="128" op_2_bw="32" op_3_bw="32">
<![CDATA[
hls_label_29_begin:16  %data_split_2_V = call i32 @_ssdm_op_PartSelect.i32.i128.i32.i32(i128 %out_data_V, i32 64, i32 95)

]]></Node>
<StgValue><ssdm name="data_split_2_V"/></StgValue>
</operation>

<operation id="52" st_id="4" stage="1" lat="1">
<core>NULL</core>
<MemPortIdVec></MemPortIdVec>
<condition id="-1">
<or_exp><and_exp><literal name="icmp_ln1280" val="0"/>
</and_exp></or_exp>
</condition>

<Node id="48" bw="32" op_0_bw="32" op_1_bw="128" op_2_bw="32" op_3_bw="32">
<![CDATA[
hls_label_29_begin:17  %data_split_3_V = call i32 @_ssdm_op_PartSelect.i32.i128.i32.i32(i128 %out_data_V, i32 96, i32 127)

]]></Node>
<StgValue><ssdm name="data_split_3_V"/></StgValue>
</operation>

<operation id="53" st_id="4" stage="1" lat="1">
<core>NULL</core>
<MemPortIdVec></MemPortIdVec>
<condition id="-1">
<or_exp><and_exp><literal name="icmp_ln1280" val="0"/>
</and_exp></or_exp>
</condition>

<Node id="49" bw="32" op_0_bw="32">
<![CDATA[
hls_label_29_begin:18  %data_split_0_V_34 = bitcast float %tmp_40 to i32

]]></Node>
<StgValue><ssdm name="data_split_0_V_34"/></StgValue>
</operation>

<operation id="54" st_id="4" stage="1" lat="1">
<core>NULL</core>
<MemPortIdVec></MemPortIdVec>
<condition id="-1">
<or_exp><and_exp><literal name="icmp_ln1280" val="0"/>
</and_exp></or_exp>
</condition>

<Node id="50" bw="0" op_0_bw="2" op_1_bw="0" op_2_bw="2" op_3_bw="0" op_4_bw="2" op_5_bw="0" op_6_bw="2" op_7_bw="0">
<![CDATA[
hls_label_29_begin:19  switch i2 %trunc_ln1371, label %branch3 [
    i2 0, label %hls_label_29_end
    i2 1, label %branch1
    i2 -2, label %branch2
  ]

]]></Node>
<StgValue><ssdm name="switch_ln1298"/></StgValue>
</operation>

<operation id="55" st_id="4" stage="1" lat="1">
<core>NULL</core>
<MemPortIdVec></MemPortIdVec>
<condition id="-1">
<or_exp><and_exp><literal name="icmp_ln1280" val="0"/>
<literal name="trunc_ln1371" val="-2"/>
</and_exp></or_exp>
</condition>

<Node id="52" bw="0" op_0_bw="0">
<![CDATA[
branch2:0  br label %hls_label_29_end

]]></Node>
<StgValue><ssdm name="br_ln1298"/></StgValue>
</operation>

<operation id="56" st_id="4" stage="1" lat="1">
<core>NULL</core>
<MemPortIdVec></MemPortIdVec>
<condition id="-1">
<or_exp><and_exp><literal name="icmp_ln1280" val="0"/>
<literal name="trunc_ln1371" val="1"/>
</and_exp></or_exp>
</condition>

<Node id="54" bw="0" op_0_bw="0">
<![CDATA[
branch1:0  br label %hls_label_29_end

]]></Node>
<StgValue><ssdm name="br_ln1298"/></StgValue>
</operation>

<operation id="57" st_id="4" stage="1" lat="1">
<core>NULL</core>
<MemPortIdVec></MemPortIdVec>
<condition id="-1">
<or_exp><and_exp><literal name="icmp_ln1280" val="0"/>
<literal name="trunc_ln1371" val="-1"/>
</and_exp></or_exp>
</condition>

<Node id="56" bw="0" op_0_bw="0">
<![CDATA[
branch3:0  br label %hls_label_29_end

]]></Node>
<StgValue><ssdm name="br_ln1298"/></StgValue>
</operation>
</state>

<state id="5" st_id="5">

<operation id="58" st_id="5" stage="1" lat="1">
<core>NULL</core>
<MemPortIdVec></MemPortIdVec>
<condition id="-1">
<or_exp><and_exp><literal name="icmp_ln1280" val="0"/>
</and_exp></or_exp>
</condition>

<Node id="32" bw="32" op_0_bw="32" op_1_bw="64" op_2_bw="64" op_3_bw="64">
<![CDATA[
hls_label_29_begin:1  %empty_937 = call i32 (...)* @_ssdm_op_SpecLoopTripCount(i64 128, i64 128, i64 128)

]]></Node>
<StgValue><ssdm name="empty_937"/></StgValue>
</operation>

<operation id="59" st_id="5" stage="1" lat="1">
<core>NULL</core>
<MemPortIdVec></MemPortIdVec>
<condition id="-1">
<or_exp><and_exp><literal name="icmp_ln1280" val="0"/>
</and_exp></or_exp>
</condition>

<Node id="38" bw="32" op_0_bw="32" op_1_bw="0">
<![CDATA[
hls_label_29_begin:7  %tmp_s = call i32 (...)* @_ssdm_op_SpecRegionBegin([13 x i8]* @p_str32)

]]></Node>
<StgValue><ssdm name="tmp_s"/></StgValue>
</operation>

<operation id="60" st_id="5" stage="1" lat="1">
<core>NULL</core>
<MemPortIdVec></MemPortIdVec>
<condition id="-1">
<or_exp><and_exp><literal name="icmp_ln1280" val="0"/>
</and_exp></or_exp>
</condition>

<Node id="39" bw="0" op_0_bw="0" op_1_bw="32" op_2_bw="32" op_3_bw="32" op_4_bw="32" op_5_bw="0">
<![CDATA[
hls_label_29_begin:8  call void (...)* @_ssdm_op_SpecPipeline(i32 1, i32 1, i32 1, i32 0, [1 x i8]* @p_str) nounwind

]]></Node>
<StgValue><ssdm name="specpipeline_ln1283"/></StgValue>
</operation>

<operation id="61" st_id="5" stage="1" lat="1">
<core>NULL</core>
<MemPortIdVec></MemPortIdVec>
<condition id="-1">
<or_exp><and_exp><literal name="icmp_ln1280" val="0"/>
</and_exp></or_exp>
</condition>

<Node id="58" bw="32" op_0_bw="32" op_1_bw="0" op_2_bw="32" op_3_bw="0" op_4_bw="32" op_5_bw="0" op_6_bw="32" op_7_bw="0">
<![CDATA[
hls_label_29_end:0  %v1_V = phi i32 [ %data_split_0_V_34, %branch3 ], [ %data_split_3_V, %branch2 ], [ %data_split_3_V, %branch1 ], [ %data_split_3_V, %hls_label_29_begin ]

]]></Node>
<StgValue><ssdm name="v1_V"/></StgValue>
</operation>

<operation id="62" st_id="5" stage="1" lat="1">
<core>NULL</core>
<MemPortIdVec></MemPortIdVec>
<condition id="-1">
<or_exp><and_exp><literal name="icmp_ln1280" val="0"/>
</and_exp></or_exp>
</condition>

<Node id="59" bw="32" op_0_bw="32" op_1_bw="0" op_2_bw="32" op_3_bw="0" op_4_bw="32" op_5_bw="0" op_6_bw="32" op_7_bw="0">
<![CDATA[
hls_label_29_end:1  %v2_V_82 = phi i32 [ %data_split_2_V, %branch3 ], [ %data_split_0_V_34, %branch2 ], [ %data_split_2_V, %branch1 ], [ %data_split_2_V, %hls_label_29_begin ]

]]></Node>
<StgValue><ssdm name="v2_V_82"/></StgValue>
</operation>

<operation id="63" st_id="5" stage="1" lat="1">
<core>NULL</core>
<MemPortIdVec></MemPortIdVec>
<condition id="-1">
<or_exp><and_exp><literal name="icmp_ln1280" val="0"/>
</and_exp></or_exp>
</condition>

<Node id="60" bw="32" op_0_bw="32" op_1_bw="0" op_2_bw="32" op_3_bw="0" op_4_bw="32" op_5_bw="0" op_6_bw="32" op_7_bw="0">
<![CDATA[
hls_label_29_end:2  %v2_V_81 = phi i32 [ %data_split_1_V, %branch3 ], [ %data_split_1_V, %branch2 ], [ %data_split_0_V_34, %branch1 ], [ %data_split_1_V, %hls_label_29_begin ]

]]></Node>
<StgValue><ssdm name="v2_V_81"/></StgValue>
</operation>

<operation id="64" st_id="5" stage="1" lat="1">
<core>NULL</core>
<MemPortIdVec></MemPortIdVec>
<condition id="-1">
<or_exp><and_exp><literal name="icmp_ln1280" val="0"/>
</and_exp></or_exp>
</condition>

<Node id="61" bw="32" op_0_bw="32" op_1_bw="0" op_2_bw="32" op_3_bw="0" op_4_bw="32" op_5_bw="0" op_6_bw="32" op_7_bw="0">
<![CDATA[
hls_label_29_end:3  %v2_V = phi i32 [ %data_split_0_V, %branch3 ], [ %data_split_0_V, %branch2 ], [ %data_split_0_V, %branch1 ], [ %data_split_0_V_34, %hls_label_29_begin ]

]]></Node>
<StgValue><ssdm name="v2_V"/></StgValue>
</operation>

<operation id="65" st_id="5" stage="1" lat="1">
<core>NULL</core>
<MemPortIdVec></MemPortIdVec>
<condition id="-1">
<or_exp><and_exp><literal name="icmp_ln1280" val="0"/>
</and_exp></or_exp>
</condition>

<Node id="62" bw="128" op_0_bw="128" op_1_bw="32" op_2_bw="32" op_3_bw="32" op_4_bw="32">
<![CDATA[
hls_label_29_end:4  %p_Result_s = call i128 @_ssdm_op_BitConcatenate.i128.i32.i32.i32.i32(i32 %v1_V, i32 %v2_V_82, i32 %v2_V_81, i32 %v2_V)

]]></Node>
<StgValue><ssdm name="p_Result_s"/></StgValue>
</operation>

<operation id="66" st_id="5" stage="1" lat="1">
<core>RAM_2P_BRAM</core>
<MemPortIdVec>1 </MemPortIdVec>
<condition id="-1">
<or_exp><and_exp><literal name="icmp_ln1280" val="0"/>
</and_exp></or_exp>
</condition>

<Node id="63" bw="0" op_0_bw="128" op_1_bw="5" op_2_bw="128">
<![CDATA[
hls_label_29_end:5  store i128 %p_Result_s, i128* %local_D_V_addr, align 16

]]></Node>
<StgValue><ssdm name="store_ln1300"/></StgValue>
</operation>

<operation id="67" st_id="5" stage="1" lat="1">
<core>NULL</core>
<MemPortIdVec></MemPortIdVec>
<condition id="-1">
<or_exp><and_exp><literal name="icmp_ln1280" val="0"/>
</and_exp></or_exp>
</condition>

<Node id="64" bw="32" op_0_bw="32" op_1_bw="0" op_2_bw="32">
<![CDATA[
hls_label_29_end:6  %empty = call i32 (...)* @_ssdm_op_SpecRegionEnd([13 x i8]* @p_str32, i32 %tmp_s)

]]></Node>
<StgValue><ssdm name="empty"/></StgValue>
</operation>

<operation id="68" st_id="5" stage="1" lat="1">
<core>NULL</core>
<MemPortIdVec></MemPortIdVec>
<condition id="-1">
<or_exp><and_exp><literal name="icmp_ln1280" val="0"/>
</and_exp></or_exp>
</condition>

<Node id="66" bw="0" op_0_bw="0">
<![CDATA[
hls_label_29_end:8  br label %.preheader.i

]]></Node>
<StgValue><ssdm name="br_ln1282"/></StgValue>
</operation>
</state>

<state id="6" st_id="6">

<operation id="69" st_id="6" stage="1" lat="1">
<core>NULL</core>
<MemPortIdVec></MemPortIdVec>
<condition id="-1">
<or_exp><and_exp></and_exp></or_exp>
</condition>

<Node id="68" bw="0" op_0_bw="0">
<![CDATA[
D_drain_IO_L1_out_intra_trans.exit.preheader:0  br label %D_drain_IO_L1_out_intra_trans.exit

]]></Node>
<StgValue><ssdm name="br_ln1314"/></StgValue>
</operation>
</state>

<state id="7" st_id="7">

<operation id="70" st_id="7" stage="1" lat="1">
<core>NULL</core>
<MemPortIdVec></MemPortIdVec>
<condition id="-1">
<or_exp><and_exp></and_exp></or_exp>
</condition>

<Node id="70" bw="4" op_0_bw="4" op_1_bw="0" op_2_bw="4" op_3_bw="0">
<![CDATA[
D_drain_IO_L1_out_intra_trans.exit:0  %p_075_0_i = phi i4 [ %c4_V, %.loopexit.i ], [ %idy_read, %D_drain_IO_L1_out_intra_trans.exit.preheader ]

]]></Node>
<StgValue><ssdm name="p_075_0_i"/></StgValue>
</operation>

<operation id="71" st_id="7" stage="1" lat="1">
<core>NULL</core>
<MemPortIdVec></MemPortIdVec>
<condition id="-1">
<or_exp><and_exp></and_exp></or_exp>
</condition>

<Node id="71" bw="1" op_0_bw="1" op_1_bw="4" op_2_bw="32">
<![CDATA[
D_drain_IO_L1_out_intra_trans.exit:1  %tmp_39 = call i1 @_ssdm_op_BitSelect.i1.i4.i32(i4 %p_075_0_i, i32 3)

]]></Node>
<StgValue><ssdm name="tmp_39"/></StgValue>
</operation>

<operation id="72" st_id="7" stage="1" lat="1">
<core>NULL</core>
<MemPortIdVec></MemPortIdVec>
<condition id="-1">
<or_exp><and_exp></and_exp></or_exp>
</condition>

<Node id="72" bw="0" op_0_bw="1" op_1_bw="0" op_2_bw="0">
<![CDATA[
D_drain_IO_L1_out_intra_trans.exit:2  br i1 %tmp_39, label %.preheader.loopexit, label %1

]]></Node>
<StgValue><ssdm name="br_ln1314"/></StgValue>
</operation>

<operation id="73" st_id="7" stage="1" lat="1">
<core>Cmp</core>
<MemPortIdVec></MemPortIdVec>
<condition id="-1">
<or_exp><and_exp><literal name="tmp_39" val="0"/>
</and_exp></or_exp>
</condition>

<Node id="74" bw="1" op_0_bw="4" op_1_bw="4">
<![CDATA[
:0  %icmp_ln879 = icmp eq i4 %p_075_0_i, %idy_read

]]></Node>
<StgValue><ssdm name="icmp_ln879"/></StgValue>
</operation>

<operation id="74" st_id="7" stage="1" lat="1">
<core>NULL</core>
<MemPortIdVec></MemPortIdVec>
<condition id="-1">
<or_exp><and_exp><literal name="tmp_39" val="0"/>
</and_exp></or_exp>
</condition>

<Node id="75" bw="0" op_0_bw="1" op_1_bw="0" op_2_bw="0">
<![CDATA[
:1  br i1 %icmp_ln879, label %.preheader192.i.preheader, label %.preheader.i5.preheader

]]></Node>
<StgValue><ssdm name="br_ln1316"/></StgValue>
</operation>

<operation id="75" st_id="7" stage="1" lat="1">
<core>NULL</core>
<MemPortIdVec></MemPortIdVec>
<condition id="-1">
<or_exp><and_exp><literal name="tmp_39" val="0"/>
<literal name="icmp_ln879" val="0"/>
</and_exp></or_exp>
</condition>

<Node id="77" bw="0" op_0_bw="0">
<![CDATA[
.preheader.i5.preheader:0  br label %.preheader.i5

]]></Node>
<StgValue><ssdm name="br_ln1331"/></StgValue>
</operation>

<operation id="76" st_id="7" stage="1" lat="1">
<core>NULL</core>
<MemPortIdVec></MemPortIdVec>
<condition id="-1">
<or_exp><and_exp><literal name="tmp_39" val="0"/>
<literal name="icmp_ln879" val="1"/>
</and_exp></or_exp>
</condition>

<Node id="94" bw="0" op_0_bw="0">
<![CDATA[
.preheader192.i.preheader:0  br label %.preheader192.i

]]></Node>
<StgValue><ssdm name="br_ln1317"/></StgValue>
</operation>

<operation id="77" st_id="7" stage="1" lat="1">
<core>NULL</core>
<MemPortIdVec></MemPortIdVec>
<condition id="-1">
<or_exp><and_exp><literal name="tmp_39" val="1"/>
</and_exp></or_exp>
</condition>

<Node id="127" bw="0" op_0_bw="0">
<![CDATA[
.preheader.loopexit:0  br label %.preheader

]]></Node>
<StgValue><ssdm name="br_ln0"/></StgValue>
</operation>
</state>

<state id="8" st_id="8">

<operation id="78" st_id="8" stage="1" lat="1">
<core>NULL</core>
<MemPortIdVec></MemPortIdVec>
<condition id="-1">
<or_exp><and_exp></and_exp></or_exp>
</condition>

<Node id="79" bw="6" op_0_bw="6" op_1_bw="0" op_2_bw="6" op_3_bw="0">
<![CDATA[
.preheader.i5:0  %indvar_flatten13 = phi i6 [ %add_ln1331, %hls_label_32 ], [ 0, %.preheader.i5.preheader ]

]]></Node>
<StgValue><ssdm name="indvar_flatten13"/></StgValue>
</operation>

<operation id="79" st_id="8" stage="1" lat="1">
<core>Cmp</core>
<MemPortIdVec></MemPortIdVec>
<condition id="-1">
<or_exp><and_exp></and_exp></or_exp>
</condition>

<Node id="80" bw="1" op_0_bw="6" op_1_bw="6">
<![CDATA[
.preheader.i5:1  %icmp_ln1331 = icmp eq i6 %indvar_flatten13, -32

]]></Node>
<StgValue><ssdm name="icmp_ln1331"/></StgValue>
</operation>

<operation id="80" st_id="8" stage="1" lat="1">
<core>AddSub</core>
<MemPortIdVec></MemPortIdVec>
<condition id="-1">
<or_exp><and_exp></and_exp></or_exp>
</condition>

<Node id="81" bw="6" op_0_bw="6" op_1_bw="6">
<![CDATA[
.preheader.i5:2  %add_ln1331 = add i6 %indvar_flatten13, 1

]]></Node>
<StgValue><ssdm name="add_ln1331"/></StgValue>
</operation>

<operation id="81" st_id="8" stage="1" lat="1">
<core>NULL</core>
<MemPortIdVec></MemPortIdVec>
<condition id="-1">
<or_exp><and_exp></and_exp></or_exp>
</condition>

<Node id="82" bw="0" op_0_bw="1" op_1_bw="0" op_2_bw="0">
<![CDATA[
.preheader.i5:3  br i1 %icmp_ln1331, label %.loopexit.i.loopexit, label %hls_label_32

]]></Node>
<StgValue><ssdm name="br_ln1331"/></StgValue>
</operation>
</state>

<state id="9" st_id="9">

<operation id="82" st_id="9" stage="1" lat="1">
<core>NULL</core>
<MemPortIdVec></MemPortIdVec>
<condition id="-1">
<or_exp><and_exp><literal name="icmp_ln1331" val="0"/>
</and_exp></or_exp>
</condition>

<Node id="84" bw="32" op_0_bw="32" op_1_bw="64" op_2_bw="64" op_3_bw="64">
<![CDATA[
hls_label_32:0  %empty_940 = call i32 (...)* @_ssdm_op_SpecLoopTripCount(i64 32, i64 32, i64 32)

]]></Node>
<StgValue><ssdm name="empty_940"/></StgValue>
</operation>

<operation id="83" st_id="9" stage="1" lat="1">
<core>NULL</core>
<MemPortIdVec></MemPortIdVec>
<condition id="-1">
<or_exp><and_exp><literal name="icmp_ln1331" val="0"/>
</and_exp></or_exp>
</condition>

<Node id="85" bw="32" op_0_bw="32" op_1_bw="0">
<![CDATA[
hls_label_32:1  %tmp_8 = call i32 (...)* @_ssdm_op_SpecRegionBegin([13 x i8]* @p_str35)

]]></Node>
<StgValue><ssdm name="tmp_8"/></StgValue>
</operation>

<operation id="84" st_id="9" stage="1" lat="1">
<core>NULL</core>
<MemPortIdVec></MemPortIdVec>
<condition id="-1">
<or_exp><and_exp><literal name="icmp_ln1331" val="0"/>
</and_exp></or_exp>
</condition>

<Node id="86" bw="0" op_0_bw="0" op_1_bw="32" op_2_bw="32" op_3_bw="32" op_4_bw="32" op_5_bw="0">
<![CDATA[
hls_label_32:2  call void (...)* @_ssdm_op_SpecPipeline(i32 1, i32 1, i32 1, i32 0, [1 x i8]* @p_str) nounwind

]]></Node>
<StgValue><ssdm name="specpipeline_ln1334"/></StgValue>
</operation>

<operation id="85" st_id="9" stage="1" lat="1">
<core>FIFO_SRL</core>
<MemPortIdVec></MemPortIdVec>
<condition id="-1">
<or_exp><and_exp><literal name="icmp_ln1331" val="0"/>
</and_exp></or_exp>
</condition>

<Node id="87" bw="128" op_0_bw="128" op_1_bw="128">
<![CDATA[
hls_label_32:3  %tmp_V_36 = call i128 @_ssdm_op_Read.ap_fifo.volatile.i128P(i128* %fifo_D_drain_in_V_V)

]]></Node>
<StgValue><ssdm name="tmp_V_36"/></StgValue>
</operation>

<operation id="86" st_id="9" stage="1" lat="1">
<core>FIFO_SRL</core>
<MemPortIdVec></MemPortIdVec>
<condition id="-1">
<or_exp><and_exp><literal name="icmp_ln1331" val="0"/>
</and_exp></or_exp>
</condition>

<Node id="88" bw="0" op_0_bw="0" op_1_bw="128" op_2_bw="128">
<![CDATA[
hls_label_32:4  call void @_ssdm_op_Write.ap_fifo.volatile.i128P(i128* %fifo_D_drain_out_V_V, i128 %tmp_V_36)

]]></Node>
<StgValue><ssdm name="write_ln1340"/></StgValue>
</operation>

<operation id="87" st_id="9" stage="1" lat="1">
<core>NULL</core>
<MemPortIdVec></MemPortIdVec>
<condition id="-1">
<or_exp><and_exp><literal name="icmp_ln1331" val="0"/>
</and_exp></or_exp>
</condition>

<Node id="89" bw="32" op_0_bw="32" op_1_bw="0" op_2_bw="32">
<![CDATA[
hls_label_32:5  %empty_941 = call i32 (...)* @_ssdm_op_SpecRegionEnd([13 x i8]* @p_str35, i32 %tmp_8)

]]></Node>
<StgValue><ssdm name="empty_941"/></StgValue>
</operation>

<operation id="88" st_id="9" stage="1" lat="1">
<core>NULL</core>
<MemPortIdVec></MemPortIdVec>
<condition id="-1">
<or_exp><and_exp><literal name="icmp_ln1331" val="0"/>
</and_exp></or_exp>
</condition>

<Node id="90" bw="0" op_0_bw="0">
<![CDATA[
hls_label_32:6  br label %.preheader.i5

]]></Node>
<StgValue><ssdm name="br_ln1333"/></StgValue>
</operation>
</state>

<state id="10" st_id="10">

<operation id="89" st_id="10" stage="1" lat="1">
<core>NULL</core>
<MemPortIdVec></MemPortIdVec>
<condition id="-1">
<or_exp><and_exp><literal name="icmp_ln879" val="0"/>
</and_exp></or_exp>
</condition>

<Node id="92" bw="0" op_0_bw="0">
<![CDATA[
.loopexit.i.loopexit:0  br label %.loopexit.i

]]></Node>
<StgValue><ssdm name="br_ln0"/></StgValue>
</operation>

<operation id="90" st_id="10" stage="1" lat="1">
<core>NULL</core>
<MemPortIdVec></MemPortIdVec>
<condition id="-1">
<or_exp><and_exp><literal name="icmp_ln879" val="1"/>
</and_exp></or_exp>
</condition>

<Node id="122" bw="0" op_0_bw="0">
<![CDATA[
.loopexit.i.loopexit48:0  br label %.loopexit.i

]]></Node>
<StgValue><ssdm name="br_ln0"/></StgValue>
</operation>

<operation id="91" st_id="10" stage="1" lat="1">
<core>AddSub</core>
<MemPortIdVec></MemPortIdVec>
<condition id="-1">
<or_exp><and_exp></and_exp></or_exp>
</condition>

<Node id="124" bw="4" op_0_bw="4" op_1_bw="4">
<![CDATA[
.loopexit.i:0  %c4_V = add i4 %p_075_0_i, 1

]]></Node>
<StgValue><ssdm name="c4_V"/></StgValue>
</operation>

<operation id="92" st_id="10" stage="1" lat="1">
<core>NULL</core>
<MemPortIdVec></MemPortIdVec>
<condition id="-1">
<or_exp><and_exp></and_exp></or_exp>
</condition>

<Node id="125" bw="0" op_0_bw="0">
<![CDATA[
.loopexit.i:1  br label %D_drain_IO_L1_out_intra_trans.exit

]]></Node>
<StgValue><ssdm name="br_ln1314"/></StgValue>
</operation>
</state>

<state id="11" st_id="11">

<operation id="93" st_id="11" stage="1" lat="1">
<core>NULL</core>
<MemPortIdVec></MemPortIdVec>
<condition id="-1">
<or_exp><and_exp></and_exp></or_exp>
</condition>

<Node id="96" bw="6" op_0_bw="6" op_1_bw="0" op_2_bw="6" op_3_bw="0">
<![CDATA[
.preheader192.i:0  %indvar_flatten6 = phi i6 [ %add_ln1317, %hls_label_31 ], [ 0, %.preheader192.i.preheader ]

]]></Node>
<StgValue><ssdm name="indvar_flatten6"/></StgValue>
</operation>

<operation id="94" st_id="11" stage="1" lat="1">
<core>NULL</core>
<MemPortIdVec></MemPortIdVec>
<condition id="-1">
<or_exp><and_exp></and_exp></or_exp>
</condition>

<Node id="97" bw="5" op_0_bw="5" op_1_bw="0" op_2_bw="5" op_3_bw="0">
<![CDATA[
.preheader192.i:1  %p_044_0_i = phi i5 [ %select_ln544_20, %hls_label_31 ], [ 0, %.preheader192.i.preheader ]

]]></Node>
<StgValue><ssdm name="p_044_0_i"/></StgValue>
</operation>

<operation id="95" st_id="11" stage="1" lat="1">
<core>NULL</core>
<MemPortIdVec></MemPortIdVec>
<condition id="-1">
<or_exp><and_exp></and_exp></or_exp>
</condition>

<Node id="98" bw="2" op_0_bw="2" op_1_bw="0" op_2_bw="2" op_3_bw="0">
<![CDATA[
.preheader192.i:2  %p_068_0_i = phi i2 [ %c6_V, %hls_label_31 ], [ 0, %.preheader192.i.preheader ]

]]></Node>
<StgValue><ssdm name="p_068_0_i"/></StgValue>
</operation>

<operation id="96" st_id="11" stage="1" lat="1">
<core>Cmp</core>
<MemPortIdVec></MemPortIdVec>
<condition id="-1">
<or_exp><and_exp></and_exp></or_exp>
</condition>

<Node id="99" bw="1" op_0_bw="6" op_1_bw="6">
<![CDATA[
.preheader192.i:3  %icmp_ln1317 = icmp eq i6 %indvar_flatten6, -32

]]></Node>
<StgValue><ssdm name="icmp_ln1317"/></StgValue>
</operation>

<operation id="97" st_id="11" stage="1" lat="1">
<core>AddSub</core>
<MemPortIdVec></MemPortIdVec>
<condition id="-1">
<or_exp><and_exp></and_exp></or_exp>
</condition>

<Node id="100" bw="6" op_0_bw="6" op_1_bw="6">
<![CDATA[
.preheader192.i:4  %add_ln1317 = add i6 %indvar_flatten6, 1

]]></Node>
<StgValue><ssdm name="add_ln1317"/></StgValue>
</operation>

<operation id="98" st_id="11" stage="1" lat="1">
<core>NULL</core>
<MemPortIdVec></MemPortIdVec>
<condition id="-1">
<or_exp><and_exp></and_exp></or_exp>
</condition>

<Node id="101" bw="0" op_0_bw="1" op_1_bw="0" op_2_bw="0">
<![CDATA[
.preheader192.i:5  br i1 %icmp_ln1317, label %.loopexit.i.loopexit48, label %hls_label_31

]]></Node>
<StgValue><ssdm name="br_ln1317"/></StgValue>
</operation>

<operation id="99" st_id="11" stage="1" lat="1">
<core>AddSub</core>
<MemPortIdVec></MemPortIdVec>
<condition id="-1">
<or_exp><and_exp><literal name="icmp_ln1317" val="0"/>
</and_exp></or_exp>
</condition>

<Node id="103" bw="5" op_0_bw="5" op_1_bw="5">
<![CDATA[
hls_label_31:0  %c5_V = add i5 %p_044_0_i, 1

]]></Node>
<StgValue><ssdm name="c5_V"/></StgValue>
</operation>

<operation id="100" st_id="11" stage="1" lat="1">
<core>Cmp</core>
<MemPortIdVec></MemPortIdVec>
<condition id="-1">
<or_exp><and_exp><literal name="icmp_ln1317" val="0"/>
</and_exp></or_exp>
</condition>

<Node id="105" bw="1" op_0_bw="2" op_1_bw="2">
<![CDATA[
hls_label_31:2  %icmp_ln1319 = icmp eq i2 %p_068_0_i, -2

]]></Node>
<StgValue><ssdm name="icmp_ln1319"/></StgValue>
</operation>

<operation id="101" st_id="11" stage="1" lat="1">
<core>Sel</core>
<MemPortIdVec></MemPortIdVec>
<condition id="-1">
<or_exp><and_exp><literal name="icmp_ln1317" val="0"/>
</and_exp></or_exp>
</condition>

<Node id="106" bw="2" op_0_bw="1" op_1_bw="2" op_2_bw="2">
<![CDATA[
hls_label_31:3  %select_ln544 = select i1 %icmp_ln1319, i2 0, i2 %p_068_0_i

]]></Node>
<StgValue><ssdm name="select_ln544"/></StgValue>
</operation>

<operation id="102" st_id="11" stage="1" lat="1">
<core>Sel</core>
<MemPortIdVec></MemPortIdVec>
<condition id="-1">
<or_exp><and_exp><literal name="icmp_ln1317" val="0"/>
</and_exp></or_exp>
</condition>

<Node id="107" bw="5" op_0_bw="1" op_1_bw="5" op_2_bw="5">
<![CDATA[
hls_label_31:4  %select_ln544_20 = select i1 %icmp_ln1319, i5 %c5_V, i5 %p_044_0_i

]]></Node>
<StgValue><ssdm name="select_ln544_20"/></StgValue>
</operation>

<operation id="103" st_id="11" stage="1" lat="1">
<core>NULL</core>
<MemPortIdVec></MemPortIdVec>
<condition id="-1">
<or_exp><and_exp><literal name="icmp_ln1317" val="0"/>
</and_exp></or_exp>
</condition>

<Node id="108" bw="6" op_0_bw="6" op_1_bw="5" op_2_bw="1">
<![CDATA[
hls_label_31:5  %tmp_35 = call i6 @_ssdm_op_BitConcatenate.i6.i5.i1(i5 %select_ln544_20, i1 false)

]]></Node>
<StgValue><ssdm name="tmp_35"/></StgValue>
</operation>

<operation id="104" st_id="11" stage="1" lat="1">
<core>NULL</core>
<MemPortIdVec></MemPortIdVec>
<condition id="-1">
<or_exp><and_exp><literal name="icmp_ln1317" val="0"/>
</and_exp></or_exp>
</condition>

<Node id="109" bw="7" op_0_bw="6">
<![CDATA[
hls_label_31:6  %zext_ln1319 = zext i6 %tmp_35 to i7

]]></Node>
<StgValue><ssdm name="zext_ln1319"/></StgValue>
</operation>

<operation id="105" st_id="11" stage="1" lat="1">
<core>NULL</core>
<MemPortIdVec></MemPortIdVec>
<condition id="-1">
<or_exp><and_exp><literal name="icmp_ln1317" val="0"/>
</and_exp></or_exp>
</condition>

<Node id="112" bw="7" op_0_bw="2">
<![CDATA[
hls_label_31:9  %zext_ln321_33 = zext i2 %select_ln544 to i7

]]></Node>
<StgValue><ssdm name="zext_ln321_33"/></StgValue>
</operation>

<operation id="106" st_id="11" stage="1" lat="1">
<core>AddSub</core>
<MemPortIdVec></MemPortIdVec>
<condition id="-1">
<or_exp><and_exp><literal name="icmp_ln1317" val="0"/>
</and_exp></or_exp>
</condition>

<Node id="113" bw="7" op_0_bw="7" op_1_bw="7">
<![CDATA[
hls_label_31:10  %add_ln321 = add i7 %zext_ln321_33, %zext_ln1319

]]></Node>
<StgValue><ssdm name="add_ln321"/></StgValue>
</operation>

<operation id="107" st_id="11" stage="1" lat="1">
<core>NULL</core>
<MemPortIdVec></MemPortIdVec>
<condition id="-1">
<or_exp><and_exp><literal name="icmp_ln1317" val="0"/>
</and_exp></or_exp>
</condition>

<Node id="114" bw="64" op_0_bw="7">
<![CDATA[
hls_label_31:11  %zext_ln321_34 = zext i7 %add_ln321 to i64

]]></Node>
<StgValue><ssdm name="zext_ln321_34"/></StgValue>
</operation>

<operation id="108" st_id="11" stage="1" lat="1">
<core>NULL</core>
<MemPortIdVec></MemPortIdVec>
<condition id="-1">
<or_exp><and_exp><literal name="icmp_ln1317" val="0"/>
</and_exp></or_exp>
</condition>

<Node id="115" bw="5" op_0_bw="128" op_1_bw="64" op_2_bw="64">
<![CDATA[
hls_label_31:12  %local_D_V_addr_2 = getelementptr [32 x i128]* %local_D_V, i64 0, i64 %zext_ln321_34

]]></Node>
<StgValue><ssdm name="local_D_V_addr_2"/></StgValue>
</operation>

<operation id="109" st_id="11" stage="2" lat="2">
<core>RAM_2P_BRAM</core>
<MemPortIdVec>0 </MemPortIdVec>
<condition id="-1">
<or_exp><and_exp><literal name="icmp_ln1317" val="0"/>
</and_exp></or_exp>
</condition>

<Node id="116" bw="128" op_0_bw="5">
<![CDATA[
hls_label_31:13  %in_data_V = load i128* %local_D_V_addr_2, align 16

]]></Node>
<StgValue><ssdm name="in_data_V"/></StgValue>
</operation>

<operation id="110" st_id="11" stage="1" lat="1">
<core>AddSub</core>
<MemPortIdVec></MemPortIdVec>
<condition id="-1">
<or_exp><and_exp><literal name="icmp_ln1317" val="0"/>
</and_exp></or_exp>
</condition>

<Node id="119" bw="2" op_0_bw="2" op_1_bw="2">
<![CDATA[
hls_label_31:16  %c6_V = add i2 %select_ln544, 1

]]></Node>
<StgValue><ssdm name="c6_V"/></StgValue>
</operation>
</state>

<state id="12" st_id="12">

<operation id="111" st_id="12" stage="1" lat="1">
<core>NULL</core>
<MemPortIdVec></MemPortIdVec>
<condition id="-1">
<or_exp><and_exp><literal name="icmp_ln1317" val="0"/>
</and_exp></or_exp>
</condition>

<Node id="104" bw="32" op_0_bw="32" op_1_bw="64" op_2_bw="64" op_3_bw="64">
<![CDATA[
hls_label_31:1  %empty_938 = call i32 (...)* @_ssdm_op_SpecLoopTripCount(i64 32, i64 32, i64 32)

]]></Node>
<StgValue><ssdm name="empty_938"/></StgValue>
</operation>

<operation id="112" st_id="12" stage="1" lat="1">
<core>NULL</core>
<MemPortIdVec></MemPortIdVec>
<condition id="-1">
<or_exp><and_exp><literal name="icmp_ln1317" val="0"/>
</and_exp></or_exp>
</condition>

<Node id="110" bw="32" op_0_bw="32" op_1_bw="0">
<![CDATA[
hls_label_31:7  %tmp_7 = call i32 (...)* @_ssdm_op_SpecRegionBegin([13 x i8]* @p_str34)

]]></Node>
<StgValue><ssdm name="tmp_7"/></StgValue>
</operation>

<operation id="113" st_id="12" stage="1" lat="1">
<core>NULL</core>
<MemPortIdVec></MemPortIdVec>
<condition id="-1">
<or_exp><and_exp><literal name="icmp_ln1317" val="0"/>
</and_exp></or_exp>
</condition>

<Node id="111" bw="0" op_0_bw="0" op_1_bw="32" op_2_bw="32" op_3_bw="32" op_4_bw="32" op_5_bw="0">
<![CDATA[
hls_label_31:8  call void (...)* @_ssdm_op_SpecPipeline(i32 1, i32 1, i32 1, i32 0, [1 x i8]* @p_str) nounwind

]]></Node>
<StgValue><ssdm name="specpipeline_ln1320"/></StgValue>
</operation>

<operation id="114" st_id="12" stage="1" lat="2">
<core>RAM_2P_BRAM</core>
<MemPortIdVec>0 </MemPortIdVec>
<condition id="-1">
<or_exp><and_exp><literal name="icmp_ln1317" val="0"/>
</and_exp></or_exp>
</condition>

<Node id="116" bw="128" op_0_bw="5">
<![CDATA[
hls_label_31:13  %in_data_V = load i128* %local_D_V_addr_2, align 16

]]></Node>
<StgValue><ssdm name="in_data_V"/></StgValue>
</operation>

<operation id="115" st_id="12" stage="1" lat="1">
<core>FIFO_SRL</core>
<MemPortIdVec></MemPortIdVec>
<condition id="-1">
<or_exp><and_exp><literal name="icmp_ln1317" val="0"/>
</and_exp></or_exp>
</condition>

<Node id="117" bw="0" op_0_bw="0" op_1_bw="128" op_2_bw="128">
<![CDATA[
hls_label_31:14  call void @_ssdm_op_Write.ap_fifo.volatile.i128P(i128* %fifo_D_drain_out_V_V, i128 %in_data_V)

]]></Node>
<StgValue><ssdm name="write_ln1326"/></StgValue>
</operation>

<operation id="116" st_id="12" stage="1" lat="1">
<core>NULL</core>
<MemPortIdVec></MemPortIdVec>
<condition id="-1">
<or_exp><and_exp><literal name="icmp_ln1317" val="0"/>
</and_exp></or_exp>
</condition>

<Node id="118" bw="32" op_0_bw="32" op_1_bw="0" op_2_bw="32">
<![CDATA[
hls_label_31:15  %empty_939 = call i32 (...)* @_ssdm_op_SpecRegionEnd([13 x i8]* @p_str34, i32 %tmp_7)

]]></Node>
<StgValue><ssdm name="empty_939"/></StgValue>
</operation>

<operation id="117" st_id="12" stage="1" lat="1">
<core>NULL</core>
<MemPortIdVec></MemPortIdVec>
<condition id="-1">
<or_exp><and_exp><literal name="icmp_ln1317" val="0"/>
</and_exp></or_exp>
</condition>

<Node id="120" bw="0" op_0_bw="0">
<![CDATA[
hls_label_31:17  br label %.preheader192.i

]]></Node>
<StgValue><ssdm name="br_ln1319"/></StgValue>
</operation>
</state>
</state_list>


<ports>
<port id="155" name="idy" dir="0" iftype="0">
<core>NULL</core><StgValue><ssdm name="idy"/></StgValue>
</port>
<port id="156" name="fifo_D_drain_in_V_V" dir="0" iftype="3">
<core>FIFO_SRL</core><StgValue><ssdm name="fifo_D_drain_in_V_V"/></StgValue>
</port>
<port id="157" name="fifo_D_drain_out_V_V" dir="1" iftype="3">
<core>FIFO_SRL</core><StgValue><ssdm name="fifo_D_drain_out_V_V"/></StgValue>
</port>
<port id="158" name="fifo_D_drain_local_in_V" dir="0" iftype="3">
<core>FIFO_SRL</core><StgValue><ssdm name="fifo_D_drain_local_in_V"/></StgValue>
</port>
</ports>


<dataflows>
<dataflow id="160" from="_ssdm_op_SpecInterface" to="specinterface_ln0" fromId="159" toId="13">
</dataflow>
<dataflow id="161" from="fifo_D_drain_local_in_V" to="specinterface_ln0" fromId="158" toId="13">
</dataflow>
<dataflow id="163" from="ap_fifo_str" to="specinterface_ln0" fromId="162" toId="13">
</dataflow>
<dataflow id="165" from="StgValue_164" to="specinterface_ln0" fromId="164" toId="13">
</dataflow>
<dataflow id="166" from="StgValue_164" to="specinterface_ln0" fromId="164" toId="13">
</dataflow>
<dataflow id="168" from="p_str" to="specinterface_ln0" fromId="167" toId="13">
</dataflow>
<dataflow id="169" from="StgValue_164" to="specinterface_ln0" fromId="164" toId="13">
</dataflow>
<dataflow id="170" from="StgValue_164" to="specinterface_ln0" fromId="164" toId="13">
</dataflow>
<dataflow id="171" from="p_str" to="specinterface_ln0" fromId="167" toId="13">
</dataflow>
<dataflow id="172" from="p_str" to="specinterface_ln0" fromId="167" toId="13">
</dataflow>
<dataflow id="173" from="p_str" to="specinterface_ln0" fromId="167" toId="13">
</dataflow>
<dataflow id="175" from="StgValue_174" to="specinterface_ln0" fromId="174" toId="13">
</dataflow>
<dataflow id="176" from="StgValue_174" to="specinterface_ln0" fromId="174" toId="13">
</dataflow>
<dataflow id="178" from="StgValue_177" to="specinterface_ln0" fromId="177" toId="13">
</dataflow>
<dataflow id="179" from="StgValue_177" to="specinterface_ln0" fromId="177" toId="13">
</dataflow>
<dataflow id="180" from="p_str" to="specinterface_ln0" fromId="167" toId="13">
</dataflow>
<dataflow id="181" from="p_str" to="specinterface_ln0" fromId="167" toId="13">
</dataflow>
<dataflow id="182" from="_ssdm_op_SpecInterface" to="specinterface_ln0" fromId="159" toId="14">
</dataflow>
<dataflow id="183" from="fifo_D_drain_out_V_V" to="specinterface_ln0" fromId="157" toId="14">
</dataflow>
<dataflow id="184" from="ap_fifo_str" to="specinterface_ln0" fromId="162" toId="14">
</dataflow>
<dataflow id="185" from="StgValue_164" to="specinterface_ln0" fromId="164" toId="14">
</dataflow>
<dataflow id="186" from="StgValue_164" to="specinterface_ln0" fromId="164" toId="14">
</dataflow>
<dataflow id="187" from="p_str" to="specinterface_ln0" fromId="167" toId="14">
</dataflow>
<dataflow id="188" from="StgValue_164" to="specinterface_ln0" fromId="164" toId="14">
</dataflow>
<dataflow id="189" from="StgValue_164" to="specinterface_ln0" fromId="164" toId="14">
</dataflow>
<dataflow id="190" from="p_str" to="specinterface_ln0" fromId="167" toId="14">
</dataflow>
<dataflow id="191" from="p_str" to="specinterface_ln0" fromId="167" toId="14">
</dataflow>
<dataflow id="192" from="p_str" to="specinterface_ln0" fromId="167" toId="14">
</dataflow>
<dataflow id="193" from="StgValue_174" to="specinterface_ln0" fromId="174" toId="14">
</dataflow>
<dataflow id="194" from="StgValue_174" to="specinterface_ln0" fromId="174" toId="14">
</dataflow>
<dataflow id="195" from="StgValue_177" to="specinterface_ln0" fromId="177" toId="14">
</dataflow>
<dataflow id="196" from="StgValue_177" to="specinterface_ln0" fromId="177" toId="14">
</dataflow>
<dataflow id="197" from="p_str" to="specinterface_ln0" fromId="167" toId="14">
</dataflow>
<dataflow id="198" from="p_str" to="specinterface_ln0" fromId="167" toId="14">
</dataflow>
<dataflow id="199" from="_ssdm_op_SpecInterface" to="specinterface_ln0" fromId="159" toId="15">
</dataflow>
<dataflow id="200" from="fifo_D_drain_in_V_V" to="specinterface_ln0" fromId="156" toId="15">
</dataflow>
<dataflow id="201" from="ap_fifo_str" to="specinterface_ln0" fromId="162" toId="15">
</dataflow>
<dataflow id="202" from="StgValue_164" to="specinterface_ln0" fromId="164" toId="15">
</dataflow>
<dataflow id="203" from="StgValue_164" to="specinterface_ln0" fromId="164" toId="15">
</dataflow>
<dataflow id="204" from="p_str" to="specinterface_ln0" fromId="167" toId="15">
</dataflow>
<dataflow id="205" from="StgValue_164" to="specinterface_ln0" fromId="164" toId="15">
</dataflow>
<dataflow id="206" from="StgValue_164" to="specinterface_ln0" fromId="164" toId="15">
</dataflow>
<dataflow id="207" from="p_str" to="specinterface_ln0" fromId="167" toId="15">
</dataflow>
<dataflow id="208" from="p_str" to="specinterface_ln0" fromId="167" toId="15">
</dataflow>
<dataflow id="209" from="p_str" to="specinterface_ln0" fromId="167" toId="15">
</dataflow>
<dataflow id="210" from="StgValue_174" to="specinterface_ln0" fromId="174" toId="15">
</dataflow>
<dataflow id="211" from="StgValue_174" to="specinterface_ln0" fromId="174" toId="15">
</dataflow>
<dataflow id="212" from="StgValue_177" to="specinterface_ln0" fromId="177" toId="15">
</dataflow>
<dataflow id="213" from="StgValue_177" to="specinterface_ln0" fromId="177" toId="15">
</dataflow>
<dataflow id="214" from="p_str" to="specinterface_ln0" fromId="167" toId="15">
</dataflow>
<dataflow id="215" from="p_str" to="specinterface_ln0" fromId="167" toId="15">
</dataflow>
<dataflow id="217" from="_ssdm_op_SpecMemCore" to="specmemcore_ln0" fromId="216" toId="16">
</dataflow>
<dataflow id="218" from="fifo_D_drain_local_in_V" to="specmemcore_ln0" fromId="158" toId="16">
</dataflow>
<dataflow id="219" from="p_str" to="specmemcore_ln0" fromId="167" toId="16">
</dataflow>
<dataflow id="221" from="p_str50" to="specmemcore_ln0" fromId="220" toId="16">
</dataflow>
<dataflow id="222" from="p_str" to="specmemcore_ln0" fromId="167" toId="16">
</dataflow>
<dataflow id="224" from="StgValue_223" to="specmemcore_ln0" fromId="223" toId="16">
</dataflow>
<dataflow id="225" from="p_str" to="specmemcore_ln0" fromId="167" toId="16">
</dataflow>
<dataflow id="226" from="p_str" to="specmemcore_ln0" fromId="167" toId="16">
</dataflow>
<dataflow id="227" from="p_str" to="specmemcore_ln0" fromId="167" toId="16">
</dataflow>
<dataflow id="228" from="p_str" to="specmemcore_ln0" fromId="167" toId="16">
</dataflow>
<dataflow id="229" from="p_str" to="specmemcore_ln0" fromId="167" toId="16">
</dataflow>
<dataflow id="230" from="_ssdm_op_SpecMemCore" to="specmemcore_ln0" fromId="216" toId="17">
</dataflow>
<dataflow id="231" from="fifo_D_drain_out_V_V" to="specmemcore_ln0" fromId="157" toId="17">
</dataflow>
<dataflow id="232" from="p_str" to="specmemcore_ln0" fromId="167" toId="17">
</dataflow>
<dataflow id="233" from="p_str50" to="specmemcore_ln0" fromId="220" toId="17">
</dataflow>
<dataflow id="234" from="p_str" to="specmemcore_ln0" fromId="167" toId="17">
</dataflow>
<dataflow id="235" from="StgValue_223" to="specmemcore_ln0" fromId="223" toId="17">
</dataflow>
<dataflow id="236" from="p_str" to="specmemcore_ln0" fromId="167" toId="17">
</dataflow>
<dataflow id="237" from="p_str" to="specmemcore_ln0" fromId="167" toId="17">
</dataflow>
<dataflow id="238" from="p_str" to="specmemcore_ln0" fromId="167" toId="17">
</dataflow>
<dataflow id="239" from="p_str" to="specmemcore_ln0" fromId="167" toId="17">
</dataflow>
<dataflow id="240" from="p_str" to="specmemcore_ln0" fromId="167" toId="17">
</dataflow>
<dataflow id="241" from="_ssdm_op_SpecMemCore" to="specmemcore_ln0" fromId="216" toId="18">
</dataflow>
<dataflow id="242" from="fifo_D_drain_in_V_V" to="specmemcore_ln0" fromId="156" toId="18">
</dataflow>
<dataflow id="243" from="p_str" to="specmemcore_ln0" fromId="167" toId="18">
</dataflow>
<dataflow id="244" from="p_str50" to="specmemcore_ln0" fromId="220" toId="18">
</dataflow>
<dataflow id="245" from="p_str" to="specmemcore_ln0" fromId="167" toId="18">
</dataflow>
<dataflow id="246" from="StgValue_223" to="specmemcore_ln0" fromId="223" toId="18">
</dataflow>
<dataflow id="247" from="p_str" to="specmemcore_ln0" fromId="167" toId="18">
</dataflow>
<dataflow id="248" from="p_str" to="specmemcore_ln0" fromId="167" toId="18">
</dataflow>
<dataflow id="249" from="p_str" to="specmemcore_ln0" fromId="167" toId="18">
</dataflow>
<dataflow id="250" from="p_str" to="specmemcore_ln0" fromId="167" toId="18">
</dataflow>
<dataflow id="251" from="p_str" to="specmemcore_ln0" fromId="167" toId="18">
</dataflow>
<dataflow id="253" from="_ssdm_op_Read.ap_auto.i4" to="idy_read" fromId="252" toId="19">
</dataflow>
<dataflow id="254" from="idy" to="idy_read" fromId="155" toId="19">
</dataflow>
<dataflow id="256" from="StgValue_255" to="local_D_V" fromId="255" toId="20">
</dataflow>
<dataflow id="257" from="_ssdm_op_SpecMemCore" to="specmemcore_ln1382" fromId="216" toId="21">
</dataflow>
<dataflow id="258" from="local_D_V" to="specmemcore_ln1382" fromId="20" toId="21">
</dataflow>
<dataflow id="259" from="p_str" to="specmemcore_ln1382" fromId="167" toId="21">
</dataflow>
<dataflow id="261" from="p_str9" to="specmemcore_ln1382" fromId="260" toId="21">
</dataflow>
<dataflow id="262" from="p_str" to="specmemcore_ln1382" fromId="167" toId="21">
</dataflow>
<dataflow id="263" from="StgValue_223" to="specmemcore_ln1382" fromId="223" toId="21">
</dataflow>
<dataflow id="264" from="p_str" to="specmemcore_ln1382" fromId="167" toId="21">
</dataflow>
<dataflow id="265" from="p_str" to="specmemcore_ln1382" fromId="167" toId="21">
</dataflow>
<dataflow id="266" from="p_str" to="specmemcore_ln1382" fromId="167" toId="21">
</dataflow>
<dataflow id="267" from="p_str" to="specmemcore_ln1382" fromId="167" toId="21">
</dataflow>
<dataflow id="268" from="p_str" to="specmemcore_ln1382" fromId="167" toId="21">
</dataflow>
<dataflow id="270" from="StgValue_269" to="indvar_flatten20" fromId="269" toId="23">
<condition id="-1">
<or_exp><and_exp></and_exp></or_exp>
</condition>
</dataflow>
<dataflow id="271" from="br_ln1385" to="indvar_flatten20" fromId="22" toId="23">
</dataflow>
<dataflow id="272" from="add_ln1385" to="indvar_flatten20" fromId="25" toId="23">
<BackEdge/>
<condition id="-1">
<or_exp><and_exp><literal name="tmp_39" val="1"/>
</and_exp></or_exp>
</condition>
</dataflow>
<dataflow id="273" from="br_ln0" to="indvar_flatten20" fromId="77" toId="23">
<BackEdge/>
</dataflow>
<dataflow id="274" from="indvar_flatten20" to="icmp_ln1385" fromId="23" toId="24">
</dataflow>
<dataflow id="276" from="StgValue_275" to="icmp_ln1385" fromId="275" toId="24">
</dataflow>
<dataflow id="277" from="indvar_flatten20" to="add_ln1385" fromId="23" toId="25">
</dataflow>
<dataflow id="279" from="StgValue_278" to="add_ln1385" fromId="278" toId="25">
</dataflow>
<dataflow id="280" from="icmp_ln1385" to="br_ln1385" fromId="24" toId="26">
</dataflow>
<dataflow id="282" from="_ssdm_op_SpecLoopTripCount" to="empty_942" fromId="281" toId="27">
</dataflow>
<dataflow id="284" from="StgValue_283" to="empty_942" fromId="283" toId="27">
</dataflow>
<dataflow id="285" from="StgValue_283" to="empty_942" fromId="283" toId="27">
</dataflow>
<dataflow id="286" from="StgValue_283" to="empty_942" fromId="283" toId="27">
</dataflow>
<dataflow id="288" from="StgValue_287" to="indvar_flatten" fromId="287" toId="30">
<condition id="-1">
<or_exp><and_exp><literal name="icmp_ln1385" val="0"/>
</and_exp></or_exp>
</condition>
</dataflow>
<dataflow id="289" from="br_ln1280" to="indvar_flatten" fromId="28" toId="30">
</dataflow>
<dataflow id="290" from="add_ln1280" to="indvar_flatten" fromId="34" toId="30">
<BackEdge/>
<condition id="-1">
<or_exp><and_exp><literal name="icmp_ln1280" val="0"/>
</and_exp></or_exp>
</condition>
</dataflow>
<dataflow id="291" from="br_ln1282" to="indvar_flatten" fromId="68" toId="30">
<BackEdge/>
</dataflow>
<dataflow id="293" from="StgValue_292" to="p_062_0_i" fromId="292" toId="31">
<condition id="-1">
<or_exp><and_exp><literal name="icmp_ln1385" val="0"/>
</and_exp></or_exp>
</condition>
</dataflow>
<dataflow id="294" from="br_ln1280" to="p_062_0_i" fromId="28" toId="31">
</dataflow>
<dataflow id="295" from="select_ln1371_17" to="p_062_0_i" fromId="39" toId="31">
<BackEdge/>
<condition id="-1">
<or_exp><and_exp><literal name="icmp_ln1280" val="0"/>
</and_exp></or_exp>
</condition>
</dataflow>
<dataflow id="296" from="br_ln1282" to="p_062_0_i" fromId="68" toId="31">
<BackEdge/>
</dataflow>
<dataflow id="298" from="StgValue_297" to="p_076_0_i" fromId="297" toId="32">
<condition id="-1">
<or_exp><and_exp><literal name="icmp_ln1385" val="0"/>
</and_exp></or_exp>
</condition>
</dataflow>
<dataflow id="299" from="br_ln1280" to="p_076_0_i" fromId="28" toId="32">
</dataflow>
<dataflow id="300" from="c8_V" to="p_076_0_i" fromId="46" toId="32">
<BackEdge/>
<condition id="-1">
<or_exp><and_exp><literal name="icmp_ln1280" val="0"/>
</and_exp></or_exp>
</condition>
</dataflow>
<dataflow id="301" from="br_ln1282" to="p_076_0_i" fromId="68" toId="32">
<BackEdge/>
</dataflow>
<dataflow id="302" from="indvar_flatten" to="icmp_ln1280" fromId="30" toId="33">
</dataflow>
<dataflow id="304" from="StgValue_303" to="icmp_ln1280" fromId="303" toId="33">
</dataflow>
<dataflow id="305" from="indvar_flatten" to="add_ln1280" fromId="30" toId="34">
</dataflow>
<dataflow id="307" from="StgValue_306" to="add_ln1280" fromId="306" toId="34">
</dataflow>
<dataflow id="308" from="icmp_ln1280" to="br_ln1280" fromId="33" toId="35">
</dataflow>
<dataflow id="310" from="StgValue_309" to="c7_V" fromId="309" toId="36">
</dataflow>
<dataflow id="311" from="p_062_0_i" to="c7_V" fromId="31" toId="36">
</dataflow>
<dataflow id="312" from="p_076_0_i" to="icmp_ln1282" fromId="32" toId="37">
</dataflow>
<dataflow id="314" from="StgValue_313" to="icmp_ln1282" fromId="313" toId="37">
</dataflow>
<dataflow id="315" from="icmp_ln1282" to="select_ln1371" fromId="37" toId="38">
</dataflow>
<dataflow id="316" from="StgValue_297" to="select_ln1371" fromId="297" toId="38">
</dataflow>
<dataflow id="317" from="p_076_0_i" to="select_ln1371" fromId="32" toId="38">
</dataflow>
<dataflow id="318" from="icmp_ln1282" to="select_ln1371_17" fromId="37" toId="39">
</dataflow>
<dataflow id="319" from="c7_V" to="select_ln1371_17" fromId="36" toId="39">
</dataflow>
<dataflow id="320" from="p_062_0_i" to="select_ln1371_17" fromId="31" toId="39">
</dataflow>
<dataflow id="322" from="_ssdm_op_BitSelect.i1.i4.i32" to="tmp" fromId="321" toId="40">
</dataflow>
<dataflow id="323" from="select_ln1371_17" to="tmp" fromId="39" toId="40">
</dataflow>
<dataflow id="324" from="StgValue_174" to="tmp" fromId="174" toId="40">
</dataflow>
<dataflow id="325" from="select_ln1371_17" to="trunc_ln1371" fromId="39" toId="41">
</dataflow>
<dataflow id="327" from="_ssdm_op_BitConcatenate.i6.i5.i1" to="tmp_34" fromId="326" toId="42">
</dataflow>
<dataflow id="328" from="select_ln1371" to="tmp_34" fromId="38" toId="42">
</dataflow>
<dataflow id="329" from="tmp" to="tmp_34" fromId="40" toId="42">
</dataflow>
<dataflow id="330" from="tmp_34" to="zext_ln321" fromId="42" toId="43">
</dataflow>
<dataflow id="331" from="local_D_V" to="local_D_V_addr" fromId="20" toId="44">
</dataflow>
<dataflow id="333" from="StgValue_332" to="local_D_V_addr" fromId="332" toId="44">
</dataflow>
<dataflow id="334" from="zext_ln321" to="local_D_V_addr" fromId="43" toId="44">
</dataflow>
<dataflow id="335" from="local_D_V_addr" to="out_data_V" fromId="44" toId="45">
</dataflow>
<dataflow id="336" from="select_ln1371" to="c8_V" fromId="38" toId="46">
</dataflow>
<dataflow id="338" from="StgValue_337" to="c8_V" fromId="337" toId="46">
</dataflow>
<dataflow id="340" from="_ssdm_op_Read.ap_fifo.volatile.floatP" to="tmp_40" fromId="339" toId="47">
</dataflow>
<dataflow id="341" from="fifo_D_drain_local_in_V" to="tmp_40" fromId="158" toId="47">
</dataflow>
<dataflow id="342" from="local_D_V_addr" to="out_data_V" fromId="44" toId="48">
</dataflow>
<dataflow id="343" from="out_data_V" to="data_split_0_V" fromId="48" toId="49">
</dataflow>
<dataflow id="345" from="_ssdm_op_PartSelect.i32.i128.i32.i32" to="data_split_1_V" fromId="344" toId="50">
</dataflow>
<dataflow id="346" from="out_data_V" to="data_split_1_V" fromId="48" toId="50">
</dataflow>
<dataflow id="348" from="StgValue_347" to="data_split_1_V" fromId="347" toId="50">
</dataflow>
<dataflow id="350" from="StgValue_349" to="data_split_1_V" fromId="349" toId="50">
</dataflow>
<dataflow id="351" from="_ssdm_op_PartSelect.i32.i128.i32.i32" to="data_split_2_V" fromId="344" toId="51">
</dataflow>
<dataflow id="352" from="out_data_V" to="data_split_2_V" fromId="48" toId="51">
</dataflow>
<dataflow id="354" from="StgValue_353" to="data_split_2_V" fromId="353" toId="51">
</dataflow>
<dataflow id="356" from="StgValue_355" to="data_split_2_V" fromId="355" toId="51">
</dataflow>
<dataflow id="357" from="_ssdm_op_PartSelect.i32.i128.i32.i32" to="data_split_3_V" fromId="344" toId="52">
</dataflow>
<dataflow id="358" from="out_data_V" to="data_split_3_V" fromId="48" toId="52">
</dataflow>
<dataflow id="360" from="StgValue_359" to="data_split_3_V" fromId="359" toId="52">
</dataflow>
<dataflow id="362" from="StgValue_361" to="data_split_3_V" fromId="361" toId="52">
</dataflow>
<dataflow id="363" from="tmp_40" to="data_split_0_V_34" fromId="47" toId="53">
</dataflow>
<dataflow id="364" from="trunc_ln1371" to="switch_ln1298" fromId="41" toId="54">
</dataflow>
<dataflow id="366" from="StgValue_365" to="switch_ln1298" fromId="365" toId="54">
</dataflow>
<dataflow id="368" from="StgValue_367" to="switch_ln1298" fromId="367" toId="54">
</dataflow>
<dataflow id="370" from="StgValue_369" to="switch_ln1298" fromId="369" toId="54">
</dataflow>
<dataflow id="371" from="_ssdm_op_SpecLoopTripCount" to="empty_937" fromId="281" toId="58">
</dataflow>
<dataflow id="373" from="StgValue_372" to="empty_937" fromId="372" toId="58">
</dataflow>
<dataflow id="374" from="StgValue_372" to="empty_937" fromId="372" toId="58">
</dataflow>
<dataflow id="375" from="StgValue_372" to="empty_937" fromId="372" toId="58">
</dataflow>
<dataflow id="377" from="_ssdm_op_SpecRegionBegin" to="tmp_s" fromId="376" toId="59">
</dataflow>
<dataflow id="379" from="p_str32" to="tmp_s" fromId="378" toId="59">
</dataflow>
<dataflow id="381" from="_ssdm_op_SpecPipeline" to="specpipeline_ln1283" fromId="380" toId="60">
</dataflow>
<dataflow id="383" from="StgValue_382" to="specpipeline_ln1283" fromId="382" toId="60">
</dataflow>
<dataflow id="384" from="StgValue_382" to="specpipeline_ln1283" fromId="382" toId="60">
</dataflow>
<dataflow id="385" from="StgValue_382" to="specpipeline_ln1283" fromId="382" toId="60">
</dataflow>
<dataflow id="386" from="StgValue_164" to="specpipeline_ln1283" fromId="164" toId="60">
</dataflow>
<dataflow id="387" from="p_str" to="specpipeline_ln1283" fromId="167" toId="60">
</dataflow>
<dataflow id="388" from="data_split_0_V_34" to="v1_V" fromId="53" toId="61">
<condition id="-1">
<or_exp><and_exp><literal name="icmp_ln1280" val="0"/>
<literal name="trunc_ln1371" val="-1"/>
</and_exp></or_exp>
</condition>
</dataflow>
<dataflow id="389" from="br_ln1298" to="v1_V" fromId="57" toId="61">
</dataflow>
<dataflow id="390" from="data_split_3_V" to="v1_V" fromId="52" toId="61">
<condition id="-1">
<or_exp><and_exp><literal name="icmp_ln1280" val="0"/>
<literal name="trunc_ln1371" val="-2"/>
</and_exp></or_exp>
</condition>
</dataflow>
<dataflow id="391" from="br_ln1298" to="v1_V" fromId="55" toId="61">
</dataflow>
<dataflow id="392" from="data_split_3_V" to="v1_V" fromId="52" toId="61">
<condition id="-1">
<or_exp><and_exp><literal name="icmp_ln1280" val="0"/>
<literal name="trunc_ln1371" val="1"/>
</and_exp></or_exp>
</condition>
</dataflow>
<dataflow id="393" from="br_ln1298" to="v1_V" fromId="56" toId="61">
</dataflow>
<dataflow id="394" from="data_split_3_V" to="v1_V" fromId="52" toId="61">
<condition id="-1">
<or_exp><and_exp><literal name="icmp_ln1280" val="0"/>
<literal name="trunc_ln1371" val="0"/>
</and_exp></or_exp>
</condition>
</dataflow>
<dataflow id="395" from="switch_ln1298" to="v1_V" fromId="54" toId="61">
</dataflow>
<dataflow id="396" from="data_split_2_V" to="v2_V_82" fromId="51" toId="62">
<condition id="-1">
<or_exp><and_exp><literal name="icmp_ln1280" val="0"/>
<literal name="trunc_ln1371" val="-1"/>
</and_exp></or_exp>
</condition>
</dataflow>
<dataflow id="397" from="br_ln1298" to="v2_V_82" fromId="57" toId="62">
</dataflow>
<dataflow id="398" from="data_split_0_V_34" to="v2_V_82" fromId="53" toId="62">
<condition id="-1">
<or_exp><and_exp><literal name="icmp_ln1280" val="0"/>
<literal name="trunc_ln1371" val="-2"/>
</and_exp></or_exp>
</condition>
</dataflow>
<dataflow id="399" from="br_ln1298" to="v2_V_82" fromId="55" toId="62">
</dataflow>
<dataflow id="400" from="data_split_2_V" to="v2_V_82" fromId="51" toId="62">
<condition id="-1">
<or_exp><and_exp><literal name="icmp_ln1280" val="0"/>
<literal name="trunc_ln1371" val="1"/>
</and_exp></or_exp>
</condition>
</dataflow>
<dataflow id="401" from="br_ln1298" to="v2_V_82" fromId="56" toId="62">
</dataflow>
<dataflow id="402" from="data_split_2_V" to="v2_V_82" fromId="51" toId="62">
<condition id="-1">
<or_exp><and_exp><literal name="icmp_ln1280" val="0"/>
<literal name="trunc_ln1371" val="0"/>
</and_exp></or_exp>
</condition>
</dataflow>
<dataflow id="403" from="switch_ln1298" to="v2_V_82" fromId="54" toId="62">
</dataflow>
<dataflow id="404" from="data_split_1_V" to="v2_V_81" fromId="50" toId="63">
<condition id="-1">
<or_exp><and_exp><literal name="icmp_ln1280" val="0"/>
<literal name="trunc_ln1371" val="-1"/>
</and_exp></or_exp>
</condition>
</dataflow>
<dataflow id="405" from="br_ln1298" to="v2_V_81" fromId="57" toId="63">
</dataflow>
<dataflow id="406" from="data_split_1_V" to="v2_V_81" fromId="50" toId="63">
<condition id="-1">
<or_exp><and_exp><literal name="icmp_ln1280" val="0"/>
<literal name="trunc_ln1371" val="-2"/>
</and_exp></or_exp>
</condition>
</dataflow>
<dataflow id="407" from="br_ln1298" to="v2_V_81" fromId="55" toId="63">
</dataflow>
<dataflow id="408" from="data_split_0_V_34" to="v2_V_81" fromId="53" toId="63">
<condition id="-1">
<or_exp><and_exp><literal name="icmp_ln1280" val="0"/>
<literal name="trunc_ln1371" val="1"/>
</and_exp></or_exp>
</condition>
</dataflow>
<dataflow id="409" from="br_ln1298" to="v2_V_81" fromId="56" toId="63">
</dataflow>
<dataflow id="410" from="data_split_1_V" to="v2_V_81" fromId="50" toId="63">
<condition id="-1">
<or_exp><and_exp><literal name="icmp_ln1280" val="0"/>
<literal name="trunc_ln1371" val="0"/>
</and_exp></or_exp>
</condition>
</dataflow>
<dataflow id="411" from="switch_ln1298" to="v2_V_81" fromId="54" toId="63">
</dataflow>
<dataflow id="412" from="data_split_0_V" to="v2_V" fromId="49" toId="64">
<condition id="-1">
<or_exp><and_exp><literal name="icmp_ln1280" val="0"/>
<literal name="trunc_ln1371" val="-1"/>
</and_exp></or_exp>
</condition>
</dataflow>
<dataflow id="413" from="br_ln1298" to="v2_V" fromId="57" toId="64">
</dataflow>
<dataflow id="414" from="data_split_0_V" to="v2_V" fromId="49" toId="64">
<condition id="-1">
<or_exp><and_exp><literal name="icmp_ln1280" val="0"/>
<literal name="trunc_ln1371" val="-2"/>
</and_exp></or_exp>
</condition>
</dataflow>
<dataflow id="415" from="br_ln1298" to="v2_V" fromId="55" toId="64">
</dataflow>
<dataflow id="416" from="data_split_0_V" to="v2_V" fromId="49" toId="64">
<condition id="-1">
<or_exp><and_exp><literal name="icmp_ln1280" val="0"/>
<literal name="trunc_ln1371" val="1"/>
</and_exp></or_exp>
</condition>
</dataflow>
<dataflow id="417" from="br_ln1298" to="v2_V" fromId="56" toId="64">
</dataflow>
<dataflow id="418" from="data_split_0_V_34" to="v2_V" fromId="53" toId="64">
<condition id="-1">
<or_exp><and_exp><literal name="icmp_ln1280" val="0"/>
<literal name="trunc_ln1371" val="0"/>
</and_exp></or_exp>
</condition>
</dataflow>
<dataflow id="419" from="switch_ln1298" to="v2_V" fromId="54" toId="64">
</dataflow>
<dataflow id="421" from="_ssdm_op_BitConcatenate.i128.i32.i32.i32.i32" to="p_Result_s" fromId="420" toId="65">
</dataflow>
<dataflow id="422" from="v1_V" to="p_Result_s" fromId="61" toId="65">
</dataflow>
<dataflow id="423" from="v2_V_82" to="p_Result_s" fromId="62" toId="65">
</dataflow>
<dataflow id="424" from="v2_V_81" to="p_Result_s" fromId="63" toId="65">
</dataflow>
<dataflow id="425" from="v2_V" to="p_Result_s" fromId="64" toId="65">
</dataflow>
<dataflow id="426" from="p_Result_s" to="store_ln1300" fromId="65" toId="66">
</dataflow>
<dataflow id="427" from="local_D_V_addr" to="store_ln1300" fromId="44" toId="66">
</dataflow>
<dataflow id="429" from="_ssdm_op_SpecRegionEnd" to="empty" fromId="428" toId="67">
</dataflow>
<dataflow id="430" from="p_str32" to="empty" fromId="378" toId="67">
</dataflow>
<dataflow id="431" from="tmp_s" to="empty" fromId="59" toId="67">
</dataflow>
<dataflow id="432" from="c4_V" to="p_075_0_i" fromId="91" toId="70">
<BackEdge/>
<condition id="-1">
<or_exp><and_exp></and_exp></or_exp>
</condition>
</dataflow>
<dataflow id="433" from="br_ln1314" to="p_075_0_i" fromId="92" toId="70">
<BackEdge/>
</dataflow>
<dataflow id="434" from="idy_read" to="p_075_0_i" fromId="19" toId="70">
<condition id="-1">
<or_exp><and_exp></and_exp></or_exp>
</condition>
</dataflow>
<dataflow id="435" from="br_ln1314" to="p_075_0_i" fromId="69" toId="70">
</dataflow>
<dataflow id="436" from="_ssdm_op_BitSelect.i1.i4.i32" to="tmp_39" fromId="321" toId="71">
</dataflow>
<dataflow id="437" from="p_075_0_i" to="tmp_39" fromId="70" toId="71">
</dataflow>
<dataflow id="439" from="StgValue_438" to="tmp_39" fromId="438" toId="71">
</dataflow>
<dataflow id="440" from="tmp_39" to="br_ln1314" fromId="71" toId="72">
</dataflow>
<dataflow id="441" from="p_075_0_i" to="icmp_ln879" fromId="70" toId="73">
</dataflow>
<dataflow id="442" from="idy_read" to="icmp_ln879" fromId="19" toId="73">
</dataflow>
<dataflow id="443" from="icmp_ln879" to="br_ln1316" fromId="73" toId="74">
</dataflow>
<dataflow id="444" from="add_ln1331" to="indvar_flatten13" fromId="80" toId="78">
<BackEdge/>
<condition id="-1">
<or_exp><and_exp><literal name="icmp_ln1331" val="0"/>
</and_exp></or_exp>
</condition>
</dataflow>
<dataflow id="445" from="br_ln1333" to="indvar_flatten13" fromId="88" toId="78">
<BackEdge/>
</dataflow>
<dataflow id="447" from="StgValue_446" to="indvar_flatten13" fromId="446" toId="78">
<condition id="-1">
<or_exp><and_exp><literal name="tmp_39" val="0"/>
<literal name="icmp_ln879" val="0"/>
</and_exp></or_exp>
</condition>
</dataflow>
<dataflow id="448" from="br_ln1331" to="indvar_flatten13" fromId="75" toId="78">
</dataflow>
<dataflow id="449" from="indvar_flatten13" to="icmp_ln1331" fromId="78" toId="79">
</dataflow>
<dataflow id="451" from="StgValue_450" to="icmp_ln1331" fromId="450" toId="79">
</dataflow>
<dataflow id="452" from="indvar_flatten13" to="add_ln1331" fromId="78" toId="80">
</dataflow>
<dataflow id="454" from="StgValue_453" to="add_ln1331" fromId="453" toId="80">
</dataflow>
<dataflow id="455" from="icmp_ln1331" to="br_ln1331" fromId="79" toId="81">
</dataflow>
<dataflow id="456" from="_ssdm_op_SpecLoopTripCount" to="empty_940" fromId="281" toId="82">
</dataflow>
<dataflow id="458" from="StgValue_457" to="empty_940" fromId="457" toId="82">
</dataflow>
<dataflow id="459" from="StgValue_457" to="empty_940" fromId="457" toId="82">
</dataflow>
<dataflow id="460" from="StgValue_457" to="empty_940" fromId="457" toId="82">
</dataflow>
<dataflow id="461" from="_ssdm_op_SpecRegionBegin" to="tmp_8" fromId="376" toId="83">
</dataflow>
<dataflow id="463" from="p_str35" to="tmp_8" fromId="462" toId="83">
</dataflow>
<dataflow id="464" from="_ssdm_op_SpecPipeline" to="specpipeline_ln1334" fromId="380" toId="84">
</dataflow>
<dataflow id="465" from="StgValue_382" to="specpipeline_ln1334" fromId="382" toId="84">
</dataflow>
<dataflow id="466" from="StgValue_382" to="specpipeline_ln1334" fromId="382" toId="84">
</dataflow>
<dataflow id="467" from="StgValue_382" to="specpipeline_ln1334" fromId="382" toId="84">
</dataflow>
<dataflow id="468" from="StgValue_164" to="specpipeline_ln1334" fromId="164" toId="84">
</dataflow>
<dataflow id="469" from="p_str" to="specpipeline_ln1334" fromId="167" toId="84">
</dataflow>
<dataflow id="471" from="_ssdm_op_Read.ap_fifo.volatile.i128P" to="tmp_V_36" fromId="470" toId="85">
</dataflow>
<dataflow id="472" from="fifo_D_drain_in_V_V" to="tmp_V_36" fromId="156" toId="85">
</dataflow>
<dataflow id="474" from="_ssdm_op_Write.ap_fifo.volatile.i128P" to="write_ln1340" fromId="473" toId="86">
</dataflow>
<dataflow id="475" from="fifo_D_drain_out_V_V" to="write_ln1340" fromId="157" toId="86">
</dataflow>
<dataflow id="476" from="tmp_V_36" to="write_ln1340" fromId="85" toId="86">
</dataflow>
<dataflow id="477" from="_ssdm_op_SpecRegionEnd" to="empty_941" fromId="428" toId="87">
</dataflow>
<dataflow id="478" from="p_str35" to="empty_941" fromId="462" toId="87">
</dataflow>
<dataflow id="479" from="tmp_8" to="empty_941" fromId="83" toId="87">
</dataflow>
<dataflow id="480" from="p_075_0_i" to="c4_V" fromId="70" toId="91">
</dataflow>
<dataflow id="481" from="StgValue_309" to="c4_V" fromId="309" toId="91">
</dataflow>
<dataflow id="482" from="add_ln1317" to="indvar_flatten6" fromId="97" toId="93">
<BackEdge/>
<condition id="-1">
<or_exp><and_exp><literal name="icmp_ln1317" val="0"/>
</and_exp></or_exp>
</condition>
</dataflow>
<dataflow id="483" from="br_ln1319" to="indvar_flatten6" fromId="117" toId="93">
<BackEdge/>
</dataflow>
<dataflow id="484" from="StgValue_446" to="indvar_flatten6" fromId="446" toId="93">
<condition id="-1">
<or_exp><and_exp><literal name="tmp_39" val="0"/>
<literal name="icmp_ln879" val="1"/>
</and_exp></or_exp>
</condition>
</dataflow>
<dataflow id="485" from="br_ln1317" to="indvar_flatten6" fromId="76" toId="93">
</dataflow>
<dataflow id="486" from="select_ln544_20" to="p_044_0_i" fromId="102" toId="94">
<BackEdge/>
<condition id="-1">
<or_exp><and_exp><literal name="icmp_ln1317" val="0"/>
</and_exp></or_exp>
</condition>
</dataflow>
<dataflow id="487" from="br_ln1319" to="p_044_0_i" fromId="117" toId="94">
<BackEdge/>
</dataflow>
<dataflow id="488" from="StgValue_297" to="p_044_0_i" fromId="297" toId="94">
<condition id="-1">
<or_exp><and_exp><literal name="tmp_39" val="0"/>
<literal name="icmp_ln879" val="1"/>
</and_exp></or_exp>
</condition>
</dataflow>
<dataflow id="489" from="br_ln1317" to="p_044_0_i" fromId="76" toId="94">
</dataflow>
<dataflow id="490" from="c6_V" to="p_068_0_i" fromId="110" toId="95">
<BackEdge/>
<condition id="-1">
<or_exp><and_exp><literal name="icmp_ln1317" val="0"/>
</and_exp></or_exp>
</condition>
</dataflow>
<dataflow id="491" from="br_ln1319" to="p_068_0_i" fromId="117" toId="95">
<BackEdge/>
</dataflow>
<dataflow id="492" from="StgValue_365" to="p_068_0_i" fromId="365" toId="95">
<condition id="-1">
<or_exp><and_exp><literal name="tmp_39" val="0"/>
<literal name="icmp_ln879" val="1"/>
</and_exp></or_exp>
</condition>
</dataflow>
<dataflow id="493" from="br_ln1317" to="p_068_0_i" fromId="76" toId="95">
</dataflow>
<dataflow id="494" from="indvar_flatten6" to="icmp_ln1317" fromId="93" toId="96">
</dataflow>
<dataflow id="495" from="StgValue_450" to="icmp_ln1317" fromId="450" toId="96">
</dataflow>
<dataflow id="496" from="indvar_flatten6" to="add_ln1317" fromId="93" toId="97">
</dataflow>
<dataflow id="497" from="StgValue_453" to="add_ln1317" fromId="453" toId="97">
</dataflow>
<dataflow id="498" from="icmp_ln1317" to="br_ln1317" fromId="96" toId="98">
</dataflow>
<dataflow id="499" from="p_044_0_i" to="c5_V" fromId="94" toId="99">
</dataflow>
<dataflow id="500" from="StgValue_337" to="c5_V" fromId="337" toId="99">
</dataflow>
<dataflow id="501" from="p_068_0_i" to="icmp_ln1319" fromId="95" toId="100">
</dataflow>
<dataflow id="502" from="StgValue_369" to="icmp_ln1319" fromId="369" toId="100">
</dataflow>
<dataflow id="503" from="icmp_ln1319" to="select_ln544" fromId="100" toId="101">
</dataflow>
<dataflow id="504" from="StgValue_365" to="select_ln544" fromId="365" toId="101">
</dataflow>
<dataflow id="505" from="p_068_0_i" to="select_ln544" fromId="95" toId="101">
</dataflow>
<dataflow id="506" from="icmp_ln1319" to="select_ln544_20" fromId="100" toId="102">
</dataflow>
<dataflow id="507" from="c5_V" to="select_ln544_20" fromId="99" toId="102">
</dataflow>
<dataflow id="508" from="p_044_0_i" to="select_ln544_20" fromId="94" toId="102">
</dataflow>
<dataflow id="509" from="_ssdm_op_BitConcatenate.i6.i5.i1" to="tmp_35" fromId="326" toId="103">
</dataflow>
<dataflow id="510" from="select_ln544_20" to="tmp_35" fromId="102" toId="103">
</dataflow>
<dataflow id="512" from="StgValue_511" to="tmp_35" fromId="511" toId="103">
</dataflow>
<dataflow id="513" from="tmp_35" to="zext_ln1319" fromId="103" toId="104">
</dataflow>
<dataflow id="514" from="select_ln544" to="zext_ln321_33" fromId="101" toId="105">
</dataflow>
<dataflow id="515" from="zext_ln321_33" to="add_ln321" fromId="105" toId="106">
</dataflow>
<dataflow id="516" from="zext_ln1319" to="add_ln321" fromId="104" toId="106">
</dataflow>
<dataflow id="517" from="add_ln321" to="zext_ln321_34" fromId="106" toId="107">
</dataflow>
<dataflow id="518" from="local_D_V" to="local_D_V_addr_2" fromId="20" toId="108">
</dataflow>
<dataflow id="519" from="StgValue_332" to="local_D_V_addr_2" fromId="332" toId="108">
</dataflow>
<dataflow id="520" from="zext_ln321_34" to="local_D_V_addr_2" fromId="107" toId="108">
</dataflow>
<dataflow id="521" from="local_D_V_addr_2" to="in_data_V" fromId="108" toId="109">
</dataflow>
<dataflow id="522" from="select_ln544" to="c6_V" fromId="101" toId="110">
</dataflow>
<dataflow id="523" from="StgValue_367" to="c6_V" fromId="367" toId="110">
</dataflow>
<dataflow id="524" from="_ssdm_op_SpecLoopTripCount" to="empty_938" fromId="281" toId="111">
</dataflow>
<dataflow id="525" from="StgValue_457" to="empty_938" fromId="457" toId="111">
</dataflow>
<dataflow id="526" from="StgValue_457" to="empty_938" fromId="457" toId="111">
</dataflow>
<dataflow id="527" from="StgValue_457" to="empty_938" fromId="457" toId="111">
</dataflow>
<dataflow id="528" from="_ssdm_op_SpecRegionBegin" to="tmp_7" fromId="376" toId="112">
</dataflow>
<dataflow id="530" from="p_str34" to="tmp_7" fromId="529" toId="112">
</dataflow>
<dataflow id="531" from="_ssdm_op_SpecPipeline" to="specpipeline_ln1320" fromId="380" toId="113">
</dataflow>
<dataflow id="532" from="StgValue_382" to="specpipeline_ln1320" fromId="382" toId="113">
</dataflow>
<dataflow id="533" from="StgValue_382" to="specpipeline_ln1320" fromId="382" toId="113">
</dataflow>
<dataflow id="534" from="StgValue_382" to="specpipeline_ln1320" fromId="382" toId="113">
</dataflow>
<dataflow id="535" from="StgValue_164" to="specpipeline_ln1320" fromId="164" toId="113">
</dataflow>
<dataflow id="536" from="p_str" to="specpipeline_ln1320" fromId="167" toId="113">
</dataflow>
<dataflow id="537" from="local_D_V_addr_2" to="in_data_V" fromId="108" toId="114">
</dataflow>
<dataflow id="538" from="_ssdm_op_Write.ap_fifo.volatile.i128P" to="write_ln1326" fromId="473" toId="115">
</dataflow>
<dataflow id="539" from="fifo_D_drain_out_V_V" to="write_ln1326" fromId="157" toId="115">
</dataflow>
<dataflow id="540" from="in_data_V" to="write_ln1326" fromId="114" toId="115">
</dataflow>
<dataflow id="541" from="_ssdm_op_SpecRegionEnd" to="empty_939" fromId="428" toId="116">
</dataflow>
<dataflow id="542" from="p_str34" to="empty_939" fromId="529" toId="116">
</dataflow>
<dataflow id="543" from="tmp_7" to="empty_939" fromId="112" toId="116">
</dataflow>
<dataflow id="544" from="icmp_ln1385" to="StgValue_2" fromId="24" toId="2">
</dataflow>
<dataflow id="545" from="icmp_ln1280" to="StgValue_3" fromId="33" toId="3">
</dataflow>
<dataflow id="546" from="icmp_ln1280" to="StgValue_4" fromId="33" toId="4">
</dataflow>
<dataflow id="547" from="trunc_ln1371" to="StgValue_4" fromId="41" toId="4">
</dataflow>
<dataflow id="548" from="icmp_ln1280" to="StgValue_5" fromId="33" toId="5">
</dataflow>
<dataflow id="549" from="tmp_39" to="StgValue_7" fromId="71" toId="7">
</dataflow>
<dataflow id="550" from="icmp_ln879" to="StgValue_7" fromId="73" toId="7">
</dataflow>
<dataflow id="551" from="icmp_ln1331" to="StgValue_9" fromId="79" toId="9">
</dataflow>
<dataflow id="552" from="icmp_ln879" to="StgValue_10" fromId="73" toId="10">
</dataflow>
<dataflow id="553" from="icmp_ln1317" to="StgValue_11" fromId="96" toId="11">
</dataflow>
<dataflow id="554" from="icmp_ln1317" to="StgValue_12" fromId="96" toId="12">
</dataflow>
<dataflow id="555" from="icmp_ln1331" to="StgValue_8" fromId="79" toId="8">
</dataflow>
<dataflow id="556" from="icmp_ln1385" to="StgValue_3" fromId="24" toId="3">
</dataflow>
<dataflow id="557" from="icmp_ln1385" to="StgValue_4" fromId="24" toId="4">
</dataflow>
<dataflow id="558" from="icmp_ln1385" to="StgValue_5" fromId="24" toId="5">
</dataflow>
<dataflow id="559" from="trunc_ln1371" to="StgValue_5" fromId="41" toId="5">
</dataflow>
<dataflow id="560" from="tmp_39" to="StgValue_8" fromId="71" toId="8">
</dataflow>
<dataflow id="561" from="icmp_ln879" to="StgValue_8" fromId="73" toId="8">
</dataflow>
<dataflow id="562" from="tmp_39" to="StgValue_9" fromId="71" toId="9">
</dataflow>
<dataflow id="563" from="icmp_ln879" to="StgValue_9" fromId="73" toId="9">
</dataflow>
<dataflow id="564" from="tmp_39" to="StgValue_11" fromId="71" toId="11">
</dataflow>
<dataflow id="565" from="icmp_ln879" to="StgValue_11" fromId="73" toId="11">
</dataflow>
<dataflow id="566" from="tmp_39" to="StgValue_12" fromId="71" toId="12">
</dataflow>
<dataflow id="567" from="icmp_ln879" to="StgValue_12" fromId="73" toId="12">
</dataflow>
</dataflows>


</stg>
