<profile>

<section name = "Vivado HLS Report for 'D_drain_IO_L1_out_boundary_wrapper458'" level="0">
<item name = "Date">Thu Aug 26 21:41:37 2021
</item>
<item name = "Version">2020.1 (Build 2897737 on Wed May 27 20:21:37 MDT 2020)</item>
<item name = "Project">hls_prj</item>
<item name = "Solution">solution1</item>
<item name = "Product family">virtexuplus</item>
<item name = "Target device">xcu250-figd2104-2L-e</item>
</section>

<section name = "Performance Estimates" level="0">
<item name = "Timing">
<section name = "" level="1">
<item name = "Summary"><table name="" hasTotal="0">
<keys size="4">Clock, Target, Estimated, Uncertainty</keys>
<column name="ap_clk">3.33 ns, 2.850 ns, 0.42 ns</column>
</table>
</item>
</section>
</item>
<item name = "Latency">
<section name = "" level="1">
<item name = "Summary"><table name="" hasTotal="0">
<keys size="8">, min, max, min, max, min, max, Type</keys>
<column name="">665, 665, 2.214 us, 2.214 us, 665, 665, none</column>
</table>
</item>
<item name = "Detail">
<section name = "" level="1">
<item name = "Instance"><table name="" hasTotal="0">
<keys size="9">Instance, Module, min, max, min, max, min, max, Type</keys>
</table>
</item>
<item name = "Loop"><table name="" hasTotal="0">
<keys size="8">Loop Name, min, max, Latency, achieved, target, Count, Pipelined</keys>
<column name="- Loop 1">664, 664, 166, -, -, 4, no</column>
<column name=" + Loop 1.1">129, 129, 3, 1, 1, 128, yes</column>
<column name=" + Loop 1.2">32, 32, 2, 1, 1, 32, yes</column>
</table>
</item>
</section>
</item>
</section>
</item>
</section>
</profile>
