<stg><name>D_drain_IO_L1_out_boundary_wrapper434</name>


<trans_list>

<trans id="90" from="1" to="2">
<condition id="-1">
<or_exp><and_exp></and_exp></or_exp>
</condition>
</trans>

<trans id="91" from="2" to="3">
<condition id="-1">
<or_exp><and_exp><literal name="icmp_ln1432" val="0"/>
</and_exp></or_exp>
</condition>
</trans>

<trans id="111" from="3" to="6">
<condition id="-1">
<or_exp><and_exp><literal name="icmp_ln1280" val="1"/>
</and_exp></or_exp>
</condition>
</trans>

<trans id="112" from="3" to="4">
<condition id="-1">
<or_exp><and_exp><literal name="icmp_ln1280" val="0"/>
</and_exp></or_exp>
</condition>
</trans>

<trans id="109" from="4" to="5">
<condition id="-1">
<or_exp><and_exp></and_exp></or_exp>
</condition>
</trans>

<trans id="110" from="5" to="3">
<condition id="-1">
<or_exp><and_exp></and_exp></or_exp>
</condition>
</trans>

<trans id="102" from="6" to="7">
<condition id="-1">
<or_exp><and_exp></and_exp></or_exp>
</condition>
</trans>

<trans id="115" from="7" to="9">
<condition id="-1">
<or_exp><and_exp><literal name="icmp_ln1359" val="1"/>
</and_exp></or_exp>
</condition>
</trans>

<trans id="116" from="7" to="8">
<condition id="-1">
<or_exp><and_exp><literal name="icmp_ln1359" val="0"/>
</and_exp></or_exp>
</condition>
</trans>

<trans id="114" from="8" to="7">
<condition id="-1">
<or_exp><and_exp></and_exp></or_exp>
</condition>
</trans>

<trans id="107" from="9" to="2">
<condition id="-1">
<or_exp><and_exp></and_exp></or_exp>
</condition>
</trans>
</trans_list>



<state_list>

<state id="1" st_id="1">

<operation id="10" st_id="1" stage="1" lat="1">
<core>NULL</core>
<MemPortIdVec></MemPortIdVec>
<condition id="-1">
<or_exp><and_exp></and_exp></or_exp>
</condition>

<Node id="3" bw="0" op_0_bw="0" op_1_bw="128" op_2_bw="0" op_3_bw="32" op_4_bw="32" op_5_bw="0" op_6_bw="32" op_7_bw="32" op_8_bw="0" op_9_bw="0" op_10_bw="0" op_11_bw="32" op_12_bw="32" op_13_bw="32" op_14_bw="32" op_15_bw="0" op_16_bw="0">
<![CDATA[
:0  call void (...)* @_ssdm_op_SpecInterface(i128* %fifo_D_drain_out_V_V, [8 x i8]* @ap_fifo_str, i32 0, i32 0, [1 x i8]* @p_str, i32 0, i32 0, [1 x i8]* @p_str, [1 x i8]* @p_str, [1 x i8]* @p_str, i32 2, i32 2, i32 16, i32 16, [1 x i8]* @p_str, [1 x i8]* @p_str)

]]></Node>
<StgValue><ssdm name="specinterface_ln0"/></StgValue>
</operation>

<operation id="11" st_id="1" stage="1" lat="1">
<core>NULL</core>
<MemPortIdVec></MemPortIdVec>
<condition id="-1">
<or_exp><and_exp></and_exp></or_exp>
</condition>

<Node id="4" bw="0" op_0_bw="0" op_1_bw="32" op_2_bw="0" op_3_bw="32" op_4_bw="32" op_5_bw="0" op_6_bw="32" op_7_bw="32" op_8_bw="0" op_9_bw="0" op_10_bw="0" op_11_bw="32" op_12_bw="32" op_13_bw="32" op_14_bw="32" op_15_bw="0" op_16_bw="0">
<![CDATA[
:1  call void (...)* @_ssdm_op_SpecInterface(float* %fifo_D_drain_local_in_V, [8 x i8]* @ap_fifo_str, i32 0, i32 0, [1 x i8]* @p_str, i32 0, i32 0, [1 x i8]* @p_str, [1 x i8]* @p_str, [1 x i8]* @p_str, i32 2, i32 2, i32 16, i32 16, [1 x i8]* @p_str, [1 x i8]* @p_str)

]]></Node>
<StgValue><ssdm name="specinterface_ln0"/></StgValue>
</operation>

<operation id="12" st_id="1" stage="1" lat="1">
<core>NULL</core>
<MemPortIdVec></MemPortIdVec>
<condition id="-1">
<or_exp><and_exp></and_exp></or_exp>
</condition>

<Node id="5" bw="0" op_0_bw="0" op_1_bw="128" op_2_bw="0" op_3_bw="0" op_4_bw="0" op_5_bw="32" op_6_bw="0" op_7_bw="0" op_8_bw="0" op_9_bw="0" op_10_bw="0">
<![CDATA[
:2  call void (...)* @_ssdm_op_SpecMemCore(i128* %fifo_D_drain_out_V_V, [1 x i8]* @p_str, [9 x i8]* @p_str50, [1 x i8]* @p_str, i32 -1, [1 x i8]* @p_str, [1 x i8]* @p_str, [1 x i8]* @p_str, [1 x i8]* @p_str, [1 x i8]* @p_str)

]]></Node>
<StgValue><ssdm name="specmemcore_ln0"/></StgValue>
</operation>

<operation id="13" st_id="1" stage="1" lat="1">
<core>NULL</core>
<MemPortIdVec></MemPortIdVec>
<condition id="-1">
<or_exp><and_exp></and_exp></or_exp>
</condition>

<Node id="6" bw="0" op_0_bw="0" op_1_bw="32" op_2_bw="0" op_3_bw="0" op_4_bw="0" op_5_bw="32" op_6_bw="0" op_7_bw="0" op_8_bw="0" op_9_bw="0" op_10_bw="0">
<![CDATA[
:3  call void (...)* @_ssdm_op_SpecMemCore(float* %fifo_D_drain_local_in_V, [1 x i8]* @p_str, [9 x i8]* @p_str50, [1 x i8]* @p_str, i32 -1, [1 x i8]* @p_str, [1 x i8]* @p_str, [1 x i8]* @p_str, [1 x i8]* @p_str, [1 x i8]* @p_str)

]]></Node>
<StgValue><ssdm name="specmemcore_ln0"/></StgValue>
</operation>

<operation id="14" st_id="1" stage="1" lat="1">
<core>RAM_2P_BRAM</core>
<MemPortIdVec></MemPortIdVec>
<condition id="-1">
<or_exp><and_exp></and_exp></or_exp>
</condition>

<Node id="7" bw="128" op_0_bw="64">
<![CDATA[
:4  %local_D_V = alloca [32 x i128], align 8

]]></Node>
<StgValue><ssdm name="local_D_V"/></StgValue>
</operation>

<operation id="15" st_id="1" stage="1" lat="1">
<core>NULL</core>
<MemPortIdVec></MemPortIdVec>
<condition id="-1">
<or_exp><and_exp></and_exp></or_exp>
</condition>

<Node id="8" bw="0" op_0_bw="0" op_1_bw="128" op_2_bw="0" op_3_bw="0" op_4_bw="0" op_5_bw="32" op_6_bw="0" op_7_bw="0" op_8_bw="0" op_9_bw="0" op_10_bw="0">
<![CDATA[
:5  call void (...)* @_ssdm_op_SpecMemCore([32 x i128]* %local_D_V, [1 x i8]* @p_str, [12 x i8]* @p_str9, [1 x i8]* @p_str, i32 -1, [1 x i8]* @p_str, [1 x i8]* @p_str, [1 x i8]* @p_str, [1 x i8]* @p_str, [1 x i8]* @p_str)

]]></Node>
<StgValue><ssdm name="specmemcore_ln1429"/></StgValue>
</operation>

<operation id="16" st_id="1" stage="1" lat="1">
<core>NULL</core>
<MemPortIdVec></MemPortIdVec>
<condition id="-1">
<or_exp><and_exp></and_exp></or_exp>
</condition>

<Node id="9" bw="0" op_0_bw="0">
<![CDATA[
:6  br label %.preheader.i

]]></Node>
<StgValue><ssdm name="br_ln1432"/></StgValue>
</operation>
</state>

<state id="2" st_id="2">

<operation id="17" st_id="2" stage="1" lat="1">
<core>NULL</core>
<MemPortIdVec></MemPortIdVec>
<condition id="-1">
<or_exp><and_exp></and_exp></or_exp>
</condition>

<Node id="11" bw="3" op_0_bw="3" op_1_bw="0" op_2_bw="3" op_3_bw="0">
<![CDATA[
.preheader.i:0  %indvar_flatten13 = phi i3 [ 0, %0 ], [ %add_ln1432, %.preheader.i.loopexit ]

]]></Node>
<StgValue><ssdm name="indvar_flatten13"/></StgValue>
</operation>

<operation id="18" st_id="2" stage="1" lat="1">
<core>Cmp</core>
<MemPortIdVec></MemPortIdVec>
<condition id="-1">
<or_exp><and_exp></and_exp></or_exp>
</condition>

<Node id="12" bw="1" op_0_bw="3" op_1_bw="3">
<![CDATA[
.preheader.i:1  %icmp_ln1432 = icmp eq i3 %indvar_flatten13, -4

]]></Node>
<StgValue><ssdm name="icmp_ln1432"/></StgValue>
</operation>

<operation id="19" st_id="2" stage="1" lat="1">
<core>AddSub</core>
<MemPortIdVec></MemPortIdVec>
<condition id="-1">
<or_exp><and_exp></and_exp></or_exp>
</condition>

<Node id="13" bw="3" op_0_bw="3" op_1_bw="3">
<![CDATA[
.preheader.i:2  %add_ln1432 = add i3 %indvar_flatten13, 1

]]></Node>
<StgValue><ssdm name="add_ln1432"/></StgValue>
</operation>

<operation id="20" st_id="2" stage="1" lat="1">
<core>NULL</core>
<MemPortIdVec></MemPortIdVec>
<condition id="-1">
<or_exp><and_exp></and_exp></or_exp>
</condition>

<Node id="14" bw="0" op_0_bw="1" op_1_bw="0" op_2_bw="0">
<![CDATA[
.preheader.i:3  br i1 %icmp_ln1432, label %D_drain_IO_L1_out_boundary.exit, label %.preheader.i.preheader

]]></Node>
<StgValue><ssdm name="br_ln1432"/></StgValue>
</operation>

<operation id="21" st_id="2" stage="1" lat="1">
<core>NULL</core>
<MemPortIdVec></MemPortIdVec>
<condition id="-1">
<or_exp><and_exp><literal name="icmp_ln1432" val="0"/>
</and_exp></or_exp>
</condition>

<Node id="16" bw="32" op_0_bw="32" op_1_bw="64" op_2_bw="64" op_3_bw="64">
<![CDATA[
.preheader.i.preheader:0  %empty_896 = call i32 (...)* @_ssdm_op_SpecLoopTripCount(i64 4, i64 4, i64 4)

]]></Node>
<StgValue><ssdm name="empty_896"/></StgValue>
</operation>

<operation id="22" st_id="2" stage="1" lat="1">
<core>NULL</core>
<MemPortIdVec></MemPortIdVec>
<condition id="-1">
<or_exp><and_exp><literal name="icmp_ln1432" val="0"/>
</and_exp></or_exp>
</condition>

<Node id="17" bw="0" op_0_bw="0">
<![CDATA[
.preheader.i.preheader:1  br label %.preheader.i.i

]]></Node>
<StgValue><ssdm name="br_ln1280"/></StgValue>
</operation>

<operation id="23" st_id="2" stage="1" lat="1">
<core>NULL</core>
<MemPortIdVec></MemPortIdVec>
<condition id="-1">
<or_exp><and_exp><literal name="icmp_ln1432" val="1"/>
</and_exp></or_exp>
</condition>

<Node id="93" bw="0">
<![CDATA[
D_drain_IO_L1_out_boundary.exit:0  ret void

]]></Node>
<StgValue><ssdm name="ret_ln1465"/></StgValue>
</operation>
</state>

<state id="3" st_id="3">

<operation id="24" st_id="3" stage="1" lat="1">
<core>NULL</core>
<MemPortIdVec></MemPortIdVec>
<condition id="-1">
<or_exp><and_exp></and_exp></or_exp>
</condition>

<Node id="19" bw="8" op_0_bw="8" op_1_bw="0" op_2_bw="8" op_3_bw="0">
<![CDATA[
.preheader.i.i:0  %indvar_flatten = phi i8 [ 0, %.preheader.i.preheader ], [ %add_ln1280, %hls_label_29_end ]

]]></Node>
<StgValue><ssdm name="indvar_flatten"/></StgValue>
</operation>

<operation id="25" st_id="3" stage="1" lat="1">
<core>NULL</core>
<MemPortIdVec></MemPortIdVec>
<condition id="-1">
<or_exp><and_exp></and_exp></or_exp>
</condition>

<Node id="20" bw="4" op_0_bw="4" op_1_bw="0" op_2_bw="4" op_3_bw="0">
<![CDATA[
.preheader.i.i:1  %p_062_0_i_i = phi i4 [ 0, %.preheader.i.preheader ], [ %select_ln1371_6, %hls_label_29_end ]

]]></Node>
<StgValue><ssdm name="p_062_0_i_i"/></StgValue>
</operation>

<operation id="26" st_id="3" stage="1" lat="1">
<core>NULL</core>
<MemPortIdVec></MemPortIdVec>
<condition id="-1">
<or_exp><and_exp></and_exp></or_exp>
</condition>

<Node id="21" bw="5" op_0_bw="5" op_1_bw="0" op_2_bw="5" op_3_bw="0">
<![CDATA[
.preheader.i.i:2  %p_076_0_i_i = phi i5 [ 0, %.preheader.i.preheader ], [ %c8_V, %hls_label_29_end ]

]]></Node>
<StgValue><ssdm name="p_076_0_i_i"/></StgValue>
</operation>

<operation id="27" st_id="3" stage="1" lat="1">
<core>Cmp</core>
<MemPortIdVec></MemPortIdVec>
<condition id="-1">
<or_exp><and_exp></and_exp></or_exp>
</condition>

<Node id="22" bw="1" op_0_bw="8" op_1_bw="8">
<![CDATA[
.preheader.i.i:3  %icmp_ln1280 = icmp eq i8 %indvar_flatten, -128

]]></Node>
<StgValue><ssdm name="icmp_ln1280"/></StgValue>
</operation>

<operation id="28" st_id="3" stage="1" lat="1">
<core>AddSub</core>
<MemPortIdVec></MemPortIdVec>
<condition id="-1">
<or_exp><and_exp></and_exp></or_exp>
</condition>

<Node id="23" bw="8" op_0_bw="8" op_1_bw="8">
<![CDATA[
.preheader.i.i:4  %add_ln1280 = add i8 %indvar_flatten, 1

]]></Node>
<StgValue><ssdm name="add_ln1280"/></StgValue>
</operation>

<operation id="29" st_id="3" stage="1" lat="1">
<core>NULL</core>
<MemPortIdVec></MemPortIdVec>
<condition id="-1">
<or_exp><and_exp></and_exp></or_exp>
</condition>

<Node id="24" bw="0" op_0_bw="1" op_1_bw="0" op_2_bw="0">
<![CDATA[
.preheader.i.i:5  br i1 %icmp_ln1280, label %.preheader.i4.i.0.preheader, label %hls_label_29_begin

]]></Node>
<StgValue><ssdm name="br_ln1280"/></StgValue>
</operation>

<operation id="30" st_id="3" stage="1" lat="1">
<core>AddSub</core>
<MemPortIdVec></MemPortIdVec>
<condition id="-1">
<or_exp><and_exp><literal name="icmp_ln1280" val="0"/>
</and_exp></or_exp>
</condition>

<Node id="26" bw="4" op_0_bw="4" op_1_bw="4">
<![CDATA[
hls_label_29_begin:0  %c7_V = add i4 1, %p_062_0_i_i

]]></Node>
<StgValue><ssdm name="c7_V"/></StgValue>
</operation>

<operation id="31" st_id="3" stage="1" lat="1">
<core>Cmp</core>
<MemPortIdVec></MemPortIdVec>
<condition id="-1">
<or_exp><and_exp><literal name="icmp_ln1280" val="0"/>
</and_exp></or_exp>
</condition>

<Node id="28" bw="1" op_0_bw="5" op_1_bw="5">
<![CDATA[
hls_label_29_begin:2  %icmp_ln1282 = icmp eq i5 %p_076_0_i_i, -16

]]></Node>
<StgValue><ssdm name="icmp_ln1282"/></StgValue>
</operation>

<operation id="32" st_id="3" stage="1" lat="1">
<core>Sel</core>
<MemPortIdVec></MemPortIdVec>
<condition id="-1">
<or_exp><and_exp><literal name="icmp_ln1280" val="0"/>
</and_exp></or_exp>
</condition>

<Node id="29" bw="5" op_0_bw="1" op_1_bw="5" op_2_bw="5">
<![CDATA[
hls_label_29_begin:3  %select_ln1371 = select i1 %icmp_ln1282, i5 0, i5 %p_076_0_i_i

]]></Node>
<StgValue><ssdm name="select_ln1371"/></StgValue>
</operation>

<operation id="33" st_id="3" stage="1" lat="1">
<core>Sel</core>
<MemPortIdVec></MemPortIdVec>
<condition id="-1">
<or_exp><and_exp><literal name="icmp_ln1280" val="0"/>
</and_exp></or_exp>
</condition>

<Node id="30" bw="4" op_0_bw="1" op_1_bw="4" op_2_bw="4">
<![CDATA[
hls_label_29_begin:4  %select_ln1371_6 = select i1 %icmp_ln1282, i4 %c7_V, i4 %p_062_0_i_i

]]></Node>
<StgValue><ssdm name="select_ln1371_6"/></StgValue>
</operation>

<operation id="34" st_id="3" stage="1" lat="1">
<core>NULL</core>
<MemPortIdVec></MemPortIdVec>
<condition id="-1">
<or_exp><and_exp><literal name="icmp_ln1280" val="0"/>
</and_exp></or_exp>
</condition>

<Node id="31" bw="1" op_0_bw="1" op_1_bw="4" op_2_bw="32">
<![CDATA[
hls_label_29_begin:5  %tmp = call i1 @_ssdm_op_BitSelect.i1.i4.i32(i4 %select_ln1371_6, i32 2)

]]></Node>
<StgValue><ssdm name="tmp"/></StgValue>
</operation>

<operation id="35" st_id="3" stage="1" lat="1">
<core>NULL</core>
<MemPortIdVec></MemPortIdVec>
<condition id="-1">
<or_exp><and_exp><literal name="icmp_ln1280" val="0"/>
</and_exp></or_exp>
</condition>

<Node id="32" bw="2" op_0_bw="4">
<![CDATA[
hls_label_29_begin:6  %trunc_ln1371 = trunc i4 %select_ln1371_6 to i2

]]></Node>
<StgValue><ssdm name="trunc_ln1371"/></StgValue>
</operation>

<operation id="36" st_id="3" stage="1" lat="1">
<core>NULL</core>
<MemPortIdVec></MemPortIdVec>
<condition id="-1">
<or_exp><and_exp><literal name="icmp_ln1280" val="0"/>
</and_exp></or_exp>
</condition>

<Node id="36" bw="6" op_0_bw="6" op_1_bw="5" op_2_bw="1">
<![CDATA[
hls_label_29_begin:10  %tmp_12 = call i6 @_ssdm_op_BitConcatenate.i6.i5.i1(i5 %select_ln1371, i1 %tmp)

]]></Node>
<StgValue><ssdm name="tmp_12"/></StgValue>
</operation>

<operation id="37" st_id="3" stage="1" lat="1">
<core>NULL</core>
<MemPortIdVec></MemPortIdVec>
<condition id="-1">
<or_exp><and_exp><literal name="icmp_ln1280" val="0"/>
</and_exp></or_exp>
</condition>

<Node id="37" bw="64" op_0_bw="6">
<![CDATA[
hls_label_29_begin:11  %zext_ln321 = zext i6 %tmp_12 to i64

]]></Node>
<StgValue><ssdm name="zext_ln321"/></StgValue>
</operation>

<operation id="38" st_id="3" stage="1" lat="1">
<core>NULL</core>
<MemPortIdVec></MemPortIdVec>
<condition id="-1">
<or_exp><and_exp><literal name="icmp_ln1280" val="0"/>
</and_exp></or_exp>
</condition>

<Node id="38" bw="5" op_0_bw="128" op_1_bw="64" op_2_bw="64">
<![CDATA[
hls_label_29_begin:12  %local_D_V_addr_1 = getelementptr [32 x i128]* %local_D_V, i64 0, i64 %zext_ln321

]]></Node>
<StgValue><ssdm name="local_D_V_addr_1"/></StgValue>
</operation>

<operation id="39" st_id="3" stage="2" lat="2">
<core>RAM_2P_BRAM</core>
<MemPortIdVec></MemPortIdVec>
<condition id="-1">
<or_exp><and_exp><literal name="icmp_ln1280" val="0"/>
</and_exp></or_exp>
</condition>

<Node id="39" bw="128" op_0_bw="5">
<![CDATA[
hls_label_29_begin:13  %out_data_V = load i128* %local_D_V_addr_1, align 16

]]></Node>
<StgValue><ssdm name="out_data_V"/></StgValue>
</operation>

<operation id="40" st_id="3" stage="1" lat="1">
<core>AddSub</core>
<MemPortIdVec></MemPortIdVec>
<condition id="-1">
<or_exp><and_exp><literal name="icmp_ln1280" val="0"/>
</and_exp></or_exp>
</condition>

<Node id="60" bw="5" op_0_bw="5" op_1_bw="5">
<![CDATA[
hls_label_29_end:7  %c8_V = add i5 %select_ln1371, 1

]]></Node>
<StgValue><ssdm name="c8_V"/></StgValue>
</operation>
</state>

<state id="4" st_id="4">

<operation id="41" st_id="4" stage="1" lat="1">
<core>FIFO_SRL</core>
<MemPortIdVec></MemPortIdVec>
<condition id="-1">
<or_exp><and_exp><literal name="icmp_ln1280" val="0"/>
</and_exp></or_exp>
</condition>

<Node id="35" bw="32" op_0_bw="32" op_1_bw="32">
<![CDATA[
hls_label_29_begin:9  %tmp_17 = call float @_ssdm_op_Read.ap_fifo.volatile.floatP(float* %fifo_D_drain_local_in_V)

]]></Node>
<StgValue><ssdm name="tmp_17"/></StgValue>
</operation>

<operation id="42" st_id="4" stage="1" lat="2">
<core>RAM_2P_BRAM</core>
<MemPortIdVec></MemPortIdVec>
<condition id="-1">
<or_exp><and_exp><literal name="icmp_ln1280" val="0"/>
</and_exp></or_exp>
</condition>

<Node id="39" bw="128" op_0_bw="5">
<![CDATA[
hls_label_29_begin:13  %out_data_V = load i128* %local_D_V_addr_1, align 16

]]></Node>
<StgValue><ssdm name="out_data_V"/></StgValue>
</operation>

<operation id="43" st_id="4" stage="1" lat="1">
<core>NULL</core>
<MemPortIdVec></MemPortIdVec>
<condition id="-1">
<or_exp><and_exp><literal name="icmp_ln1280" val="0"/>
</and_exp></or_exp>
</condition>

<Node id="40" bw="32" op_0_bw="128">
<![CDATA[
hls_label_29_begin:14  %data_split_0_V = trunc i128 %out_data_V to i32

]]></Node>
<StgValue><ssdm name="data_split_0_V"/></StgValue>
</operation>

<operation id="44" st_id="4" stage="1" lat="1">
<core>NULL</core>
<MemPortIdVec></MemPortIdVec>
<condition id="-1">
<or_exp><and_exp><literal name="icmp_ln1280" val="0"/>
</and_exp></or_exp>
</condition>

<Node id="41" bw="32" op_0_bw="32" op_1_bw="128" op_2_bw="32" op_3_bw="32">
<![CDATA[
hls_label_29_begin:15  %data_split_1_V = call i32 @_ssdm_op_PartSelect.i32.i128.i32.i32(i128 %out_data_V, i32 32, i32 63)

]]></Node>
<StgValue><ssdm name="data_split_1_V"/></StgValue>
</operation>

<operation id="45" st_id="4" stage="1" lat="1">
<core>NULL</core>
<MemPortIdVec></MemPortIdVec>
<condition id="-1">
<or_exp><and_exp><literal name="icmp_ln1280" val="0"/>
</and_exp></or_exp>
</condition>

<Node id="42" bw="32" op_0_bw="32" op_1_bw="128" op_2_bw="32" op_3_bw="32">
<![CDATA[
hls_label_29_begin:16  %data_split_2_V = call i32 @_ssdm_op_PartSelect.i32.i128.i32.i32(i128 %out_data_V, i32 64, i32 95)

]]></Node>
<StgValue><ssdm name="data_split_2_V"/></StgValue>
</operation>

<operation id="46" st_id="4" stage="1" lat="1">
<core>NULL</core>
<MemPortIdVec></MemPortIdVec>
<condition id="-1">
<or_exp><and_exp><literal name="icmp_ln1280" val="0"/>
</and_exp></or_exp>
</condition>

<Node id="43" bw="32" op_0_bw="32" op_1_bw="128" op_2_bw="32" op_3_bw="32">
<![CDATA[
hls_label_29_begin:17  %data_split_3_V = call i32 @_ssdm_op_PartSelect.i32.i128.i32.i32(i128 %out_data_V, i32 96, i32 127)

]]></Node>
<StgValue><ssdm name="data_split_3_V"/></StgValue>
</operation>

<operation id="47" st_id="4" stage="1" lat="1">
<core>NULL</core>
<MemPortIdVec></MemPortIdVec>
<condition id="-1">
<or_exp><and_exp><literal name="icmp_ln1280" val="0"/>
</and_exp></or_exp>
</condition>

<Node id="44" bw="32" op_0_bw="32">
<![CDATA[
hls_label_29_begin:18  %data_split_0_V_12 = bitcast float %tmp_17 to i32

]]></Node>
<StgValue><ssdm name="data_split_0_V_12"/></StgValue>
</operation>

<operation id="48" st_id="4" stage="1" lat="1">
<core>NULL</core>
<MemPortIdVec></MemPortIdVec>
<condition id="-1">
<or_exp><and_exp><literal name="icmp_ln1280" val="0"/>
</and_exp></or_exp>
</condition>

<Node id="45" bw="0" op_0_bw="2" op_1_bw="0" op_2_bw="2" op_3_bw="0" op_4_bw="2" op_5_bw="0" op_6_bw="2" op_7_bw="0">
<![CDATA[
hls_label_29_begin:19  switch i2 %trunc_ln1371, label %branch3 [
    i2 0, label %hls_label_29_end
    i2 1, label %branch1
    i2 -2, label %branch2
  ]

]]></Node>
<StgValue><ssdm name="switch_ln1298"/></StgValue>
</operation>

<operation id="49" st_id="4" stage="1" lat="1">
<core>NULL</core>
<MemPortIdVec></MemPortIdVec>
<condition id="-1">
<or_exp><and_exp><literal name="icmp_ln1280" val="0"/>
<literal name="trunc_ln1371" val="-2"/>
</and_exp></or_exp>
</condition>

<Node id="47" bw="0" op_0_bw="0">
<![CDATA[
branch2:0  br label %hls_label_29_end

]]></Node>
<StgValue><ssdm name="br_ln1298"/></StgValue>
</operation>

<operation id="50" st_id="4" stage="1" lat="1">
<core>NULL</core>
<MemPortIdVec></MemPortIdVec>
<condition id="-1">
<or_exp><and_exp><literal name="icmp_ln1280" val="0"/>
<literal name="trunc_ln1371" val="1"/>
</and_exp></or_exp>
</condition>

<Node id="49" bw="0" op_0_bw="0">
<![CDATA[
branch1:0  br label %hls_label_29_end

]]></Node>
<StgValue><ssdm name="br_ln1298"/></StgValue>
</operation>

<operation id="51" st_id="4" stage="1" lat="1">
<core>NULL</core>
<MemPortIdVec></MemPortIdVec>
<condition id="-1">
<or_exp><and_exp><literal name="icmp_ln1280" val="0"/>
<literal name="trunc_ln1371" val="-1"/>
</and_exp></or_exp>
</condition>

<Node id="51" bw="0" op_0_bw="0">
<![CDATA[
branch3:0  br label %hls_label_29_end

]]></Node>
<StgValue><ssdm name="br_ln1298"/></StgValue>
</operation>
</state>

<state id="5" st_id="5">

<operation id="52" st_id="5" stage="1" lat="1">
<core>NULL</core>
<MemPortIdVec></MemPortIdVec>
<condition id="-1">
<or_exp><and_exp><literal name="icmp_ln1280" val="0"/>
</and_exp></or_exp>
</condition>

<Node id="27" bw="32" op_0_bw="32" op_1_bw="64" op_2_bw="64" op_3_bw="64">
<![CDATA[
hls_label_29_begin:1  %empty_893 = call i32 (...)* @_ssdm_op_SpecLoopTripCount(i64 128, i64 128, i64 128)

]]></Node>
<StgValue><ssdm name="empty_893"/></StgValue>
</operation>

<operation id="53" st_id="5" stage="1" lat="1">
<core>NULL</core>
<MemPortIdVec></MemPortIdVec>
<condition id="-1">
<or_exp><and_exp><literal name="icmp_ln1280" val="0"/>
</and_exp></or_exp>
</condition>

<Node id="33" bw="32" op_0_bw="32" op_1_bw="0">
<![CDATA[
hls_label_29_begin:7  %tmp_s = call i32 (...)* @_ssdm_op_SpecRegionBegin([13 x i8]* @p_str32)

]]></Node>
<StgValue><ssdm name="tmp_s"/></StgValue>
</operation>

<operation id="54" st_id="5" stage="1" lat="1">
<core>NULL</core>
<MemPortIdVec></MemPortIdVec>
<condition id="-1">
<or_exp><and_exp><literal name="icmp_ln1280" val="0"/>
</and_exp></or_exp>
</condition>

<Node id="34" bw="0" op_0_bw="0" op_1_bw="32" op_2_bw="32" op_3_bw="32" op_4_bw="32" op_5_bw="0">
<![CDATA[
hls_label_29_begin:8  call void (...)* @_ssdm_op_SpecPipeline(i32 1, i32 1, i32 1, i32 0, [1 x i8]* @p_str) nounwind

]]></Node>
<StgValue><ssdm name="specpipeline_ln1283"/></StgValue>
</operation>

<operation id="55" st_id="5" stage="1" lat="1">
<core>NULL</core>
<MemPortIdVec></MemPortIdVec>
<condition id="-1">
<or_exp><and_exp><literal name="icmp_ln1280" val="0"/>
</and_exp></or_exp>
</condition>

<Node id="53" bw="32" op_0_bw="32" op_1_bw="0" op_2_bw="32" op_3_bw="0" op_4_bw="32" op_5_bw="0" op_6_bw="32" op_7_bw="0">
<![CDATA[
hls_label_29_end:0  %v1_V = phi i32 [ %data_split_0_V_12, %branch3 ], [ %data_split_3_V, %branch2 ], [ %data_split_3_V, %branch1 ], [ %data_split_3_V, %hls_label_29_begin ]

]]></Node>
<StgValue><ssdm name="v1_V"/></StgValue>
</operation>

<operation id="56" st_id="5" stage="1" lat="1">
<core>NULL</core>
<MemPortIdVec></MemPortIdVec>
<condition id="-1">
<or_exp><and_exp><literal name="icmp_ln1280" val="0"/>
</and_exp></or_exp>
</condition>

<Node id="54" bw="32" op_0_bw="32" op_1_bw="0" op_2_bw="32" op_3_bw="0" op_4_bw="32" op_5_bw="0" op_6_bw="32" op_7_bw="0">
<![CDATA[
hls_label_29_end:1  %v2_V_38 = phi i32 [ %data_split_2_V, %branch3 ], [ %data_split_0_V_12, %branch2 ], [ %data_split_2_V, %branch1 ], [ %data_split_2_V, %hls_label_29_begin ]

]]></Node>
<StgValue><ssdm name="v2_V_38"/></StgValue>
</operation>

<operation id="57" st_id="5" stage="1" lat="1">
<core>NULL</core>
<MemPortIdVec></MemPortIdVec>
<condition id="-1">
<or_exp><and_exp><literal name="icmp_ln1280" val="0"/>
</and_exp></or_exp>
</condition>

<Node id="55" bw="32" op_0_bw="32" op_1_bw="0" op_2_bw="32" op_3_bw="0" op_4_bw="32" op_5_bw="0" op_6_bw="32" op_7_bw="0">
<![CDATA[
hls_label_29_end:2  %v2_V_37 = phi i32 [ %data_split_1_V, %branch3 ], [ %data_split_1_V, %branch2 ], [ %data_split_0_V_12, %branch1 ], [ %data_split_1_V, %hls_label_29_begin ]

]]></Node>
<StgValue><ssdm name="v2_V_37"/></StgValue>
</operation>

<operation id="58" st_id="5" stage="1" lat="1">
<core>NULL</core>
<MemPortIdVec></MemPortIdVec>
<condition id="-1">
<or_exp><and_exp><literal name="icmp_ln1280" val="0"/>
</and_exp></or_exp>
</condition>

<Node id="56" bw="32" op_0_bw="32" op_1_bw="0" op_2_bw="32" op_3_bw="0" op_4_bw="32" op_5_bw="0" op_6_bw="32" op_7_bw="0">
<![CDATA[
hls_label_29_end:3  %v2_V = phi i32 [ %data_split_0_V, %branch3 ], [ %data_split_0_V, %branch2 ], [ %data_split_0_V, %branch1 ], [ %data_split_0_V_12, %hls_label_29_begin ]

]]></Node>
<StgValue><ssdm name="v2_V"/></StgValue>
</operation>

<operation id="59" st_id="5" stage="1" lat="1">
<core>NULL</core>
<MemPortIdVec></MemPortIdVec>
<condition id="-1">
<or_exp><and_exp><literal name="icmp_ln1280" val="0"/>
</and_exp></or_exp>
</condition>

<Node id="57" bw="128" op_0_bw="128" op_1_bw="32" op_2_bw="32" op_3_bw="32" op_4_bw="32">
<![CDATA[
hls_label_29_end:4  %p_Result_s = call i128 @_ssdm_op_BitConcatenate.i128.i32.i32.i32.i32(i32 %v1_V, i32 %v2_V_38, i32 %v2_V_37, i32 %v2_V)

]]></Node>
<StgValue><ssdm name="p_Result_s"/></StgValue>
</operation>

<operation id="60" st_id="5" stage="1" lat="1">
<core>RAM_2P_BRAM</core>
<MemPortIdVec></MemPortIdVec>
<condition id="-1">
<or_exp><and_exp><literal name="icmp_ln1280" val="0"/>
</and_exp></or_exp>
</condition>

<Node id="58" bw="0" op_0_bw="128" op_1_bw="5" op_2_bw="128">
<![CDATA[
hls_label_29_end:5  store i128 %p_Result_s, i128* %local_D_V_addr_1, align 16

]]></Node>
<StgValue><ssdm name="store_ln1300"/></StgValue>
</operation>

<operation id="61" st_id="5" stage="1" lat="1">
<core>NULL</core>
<MemPortIdVec></MemPortIdVec>
<condition id="-1">
<or_exp><and_exp><literal name="icmp_ln1280" val="0"/>
</and_exp></or_exp>
</condition>

<Node id="59" bw="32" op_0_bw="32" op_1_bw="0" op_2_bw="32">
<![CDATA[
hls_label_29_end:6  %empty = call i32 (...)* @_ssdm_op_SpecRegionEnd([13 x i8]* @p_str32, i32 %tmp_s)

]]></Node>
<StgValue><ssdm name="empty"/></StgValue>
</operation>

<operation id="62" st_id="5" stage="1" lat="1">
<core>NULL</core>
<MemPortIdVec></MemPortIdVec>
<condition id="-1">
<or_exp><and_exp><literal name="icmp_ln1280" val="0"/>
</and_exp></or_exp>
</condition>

<Node id="61" bw="0" op_0_bw="0">
<![CDATA[
hls_label_29_end:8  br label %.preheader.i.i

]]></Node>
<StgValue><ssdm name="br_ln1282"/></StgValue>
</operation>
</state>

<state id="6" st_id="6">

<operation id="63" st_id="6" stage="1" lat="1">
<core>NULL</core>
<MemPortIdVec></MemPortIdVec>
<condition id="-1">
<or_exp><and_exp></and_exp></or_exp>
</condition>

<Node id="63" bw="0" op_0_bw="0">
<![CDATA[
.preheader.i4.i.0.preheader:0  br label %.preheader.i4.i.0

]]></Node>
<StgValue><ssdm name="br_ln1359"/></StgValue>
</operation>
</state>

<state id="7" st_id="7">

<operation id="64" st_id="7" stage="1" lat="1">
<core>NULL</core>
<MemPortIdVec></MemPortIdVec>
<condition id="-1">
<or_exp><and_exp></and_exp></or_exp>
</condition>

<Node id="65" bw="6" op_0_bw="6" op_1_bw="0" op_2_bw="6" op_3_bw="0">
<![CDATA[
.preheader.i4.i.0:0  %indvar_flatten6 = phi i6 [ %add_ln1359, %hls_label_33 ], [ 0, %.preheader.i4.i.0.preheader ]

]]></Node>
<StgValue><ssdm name="indvar_flatten6"/></StgValue>
</operation>

<operation id="65" st_id="7" stage="1" lat="1">
<core>NULL</core>
<MemPortIdVec></MemPortIdVec>
<condition id="-1">
<or_exp><and_exp></and_exp></or_exp>
</condition>

<Node id="66" bw="5" op_0_bw="5" op_1_bw="0" op_2_bw="5" op_3_bw="0">
<![CDATA[
.preheader.i4.i.0:1  %p_064_0_i_i_0 = phi i5 [ %select_ln544_9, %hls_label_33 ], [ 0, %.preheader.i4.i.0.preheader ]

]]></Node>
<StgValue><ssdm name="p_064_0_i_i_0"/></StgValue>
</operation>

<operation id="66" st_id="7" stage="1" lat="1">
<core>NULL</core>
<MemPortIdVec></MemPortIdVec>
<condition id="-1">
<or_exp><and_exp></and_exp></or_exp>
</condition>

<Node id="67" bw="2" op_0_bw="2" op_1_bw="0" op_2_bw="2" op_3_bw="0">
<![CDATA[
.preheader.i4.i.0:2  %p_054_0_i_i_0 = phi i2 [ %add_ln700_13, %hls_label_33 ], [ 0, %.preheader.i4.i.0.preheader ]

]]></Node>
<StgValue><ssdm name="p_054_0_i_i_0"/></StgValue>
</operation>

<operation id="67" st_id="7" stage="1" lat="1">
<core>Cmp</core>
<MemPortIdVec></MemPortIdVec>
<condition id="-1">
<or_exp><and_exp></and_exp></or_exp>
</condition>

<Node id="68" bw="1" op_0_bw="6" op_1_bw="6">
<![CDATA[
.preheader.i4.i.0:3  %icmp_ln1359 = icmp eq i6 %indvar_flatten6, -32

]]></Node>
<StgValue><ssdm name="icmp_ln1359"/></StgValue>
</operation>

<operation id="68" st_id="7" stage="1" lat="1">
<core>AddSub</core>
<MemPortIdVec></MemPortIdVec>
<condition id="-1">
<or_exp><and_exp></and_exp></or_exp>
</condition>

<Node id="69" bw="6" op_0_bw="6" op_1_bw="6">
<![CDATA[
.preheader.i4.i.0:4  %add_ln1359 = add i6 %indvar_flatten6, 1

]]></Node>
<StgValue><ssdm name="add_ln1359"/></StgValue>
</operation>

<operation id="69" st_id="7" stage="1" lat="1">
<core>NULL</core>
<MemPortIdVec></MemPortIdVec>
<condition id="-1">
<or_exp><and_exp></and_exp></or_exp>
</condition>

<Node id="70" bw="0" op_0_bw="1" op_1_bw="0" op_2_bw="0">
<![CDATA[
.preheader.i4.i.0:5  br i1 %icmp_ln1359, label %.preheader.i.loopexit, label %hls_label_33

]]></Node>
<StgValue><ssdm name="br_ln1359"/></StgValue>
</operation>

<operation id="70" st_id="7" stage="1" lat="1">
<core>AddSub</core>
<MemPortIdVec></MemPortIdVec>
<condition id="-1">
<or_exp><and_exp><literal name="icmp_ln1359" val="0"/>
</and_exp></or_exp>
</condition>

<Node id="72" bw="5" op_0_bw="5" op_1_bw="5">
<![CDATA[
hls_label_33:0  %add_ln700 = add i5 %p_064_0_i_i_0, 1

]]></Node>
<StgValue><ssdm name="add_ln700"/></StgValue>
</operation>

<operation id="71" st_id="7" stage="1" lat="1">
<core>Cmp</core>
<MemPortIdVec></MemPortIdVec>
<condition id="-1">
<or_exp><and_exp><literal name="icmp_ln1359" val="0"/>
</and_exp></or_exp>
</condition>

<Node id="74" bw="1" op_0_bw="2" op_1_bw="2">
<![CDATA[
hls_label_33:2  %icmp_ln1361 = icmp eq i2 %p_054_0_i_i_0, -2

]]></Node>
<StgValue><ssdm name="icmp_ln1361"/></StgValue>
</operation>

<operation id="72" st_id="7" stage="1" lat="1">
<core>Sel</core>
<MemPortIdVec></MemPortIdVec>
<condition id="-1">
<or_exp><and_exp><literal name="icmp_ln1359" val="0"/>
</and_exp></or_exp>
</condition>

<Node id="75" bw="2" op_0_bw="1" op_1_bw="2" op_2_bw="2">
<![CDATA[
hls_label_33:3  %select_ln544 = select i1 %icmp_ln1361, i2 0, i2 %p_054_0_i_i_0

]]></Node>
<StgValue><ssdm name="select_ln544"/></StgValue>
</operation>

<operation id="73" st_id="7" stage="1" lat="1">
<core>Sel</core>
<MemPortIdVec></MemPortIdVec>
<condition id="-1">
<or_exp><and_exp><literal name="icmp_ln1359" val="0"/>
</and_exp></or_exp>
</condition>

<Node id="76" bw="5" op_0_bw="1" op_1_bw="5" op_2_bw="5">
<![CDATA[
hls_label_33:4  %select_ln544_9 = select i1 %icmp_ln1361, i5 %add_ln700, i5 %p_064_0_i_i_0

]]></Node>
<StgValue><ssdm name="select_ln544_9"/></StgValue>
</operation>

<operation id="74" st_id="7" stage="1" lat="1">
<core>NULL</core>
<MemPortIdVec></MemPortIdVec>
<condition id="-1">
<or_exp><and_exp><literal name="icmp_ln1359" val="0"/>
</and_exp></or_exp>
</condition>

<Node id="77" bw="6" op_0_bw="6" op_1_bw="5" op_2_bw="1">
<![CDATA[
hls_label_33:5  %tmp_13 = call i6 @_ssdm_op_BitConcatenate.i6.i5.i1(i5 %select_ln544_9, i1 false)

]]></Node>
<StgValue><ssdm name="tmp_13"/></StgValue>
</operation>

<operation id="75" st_id="7" stage="1" lat="1">
<core>NULL</core>
<MemPortIdVec></MemPortIdVec>
<condition id="-1">
<or_exp><and_exp><literal name="icmp_ln1359" val="0"/>
</and_exp></or_exp>
</condition>

<Node id="78" bw="7" op_0_bw="6">
<![CDATA[
hls_label_33:6  %zext_ln1361 = zext i6 %tmp_13 to i7

]]></Node>
<StgValue><ssdm name="zext_ln1361"/></StgValue>
</operation>

<operation id="76" st_id="7" stage="1" lat="1">
<core>NULL</core>
<MemPortIdVec></MemPortIdVec>
<condition id="-1">
<or_exp><and_exp><literal name="icmp_ln1359" val="0"/>
</and_exp></or_exp>
</condition>

<Node id="81" bw="7" op_0_bw="2">
<![CDATA[
hls_label_33:9  %zext_ln321_11 = zext i2 %select_ln544 to i7

]]></Node>
<StgValue><ssdm name="zext_ln321_11"/></StgValue>
</operation>

<operation id="77" st_id="7" stage="1" lat="1">
<core>AddSub</core>
<MemPortIdVec></MemPortIdVec>
<condition id="-1">
<or_exp><and_exp><literal name="icmp_ln1359" val="0"/>
</and_exp></or_exp>
</condition>

<Node id="82" bw="7" op_0_bw="7" op_1_bw="7">
<![CDATA[
hls_label_33:10  %add_ln321 = add i7 %zext_ln321_11, %zext_ln1361

]]></Node>
<StgValue><ssdm name="add_ln321"/></StgValue>
</operation>

<operation id="78" st_id="7" stage="1" lat="1">
<core>NULL</core>
<MemPortIdVec></MemPortIdVec>
<condition id="-1">
<or_exp><and_exp><literal name="icmp_ln1359" val="0"/>
</and_exp></or_exp>
</condition>

<Node id="83" bw="64" op_0_bw="7">
<![CDATA[
hls_label_33:11  %zext_ln321_12 = zext i7 %add_ln321 to i64

]]></Node>
<StgValue><ssdm name="zext_ln321_12"/></StgValue>
</operation>

<operation id="79" st_id="7" stage="1" lat="1">
<core>NULL</core>
<MemPortIdVec></MemPortIdVec>
<condition id="-1">
<or_exp><and_exp><literal name="icmp_ln1359" val="0"/>
</and_exp></or_exp>
</condition>

<Node id="84" bw="5" op_0_bw="128" op_1_bw="64" op_2_bw="64">
<![CDATA[
hls_label_33:12  %local_D_V_addr = getelementptr [32 x i128]* %local_D_V, i64 0, i64 %zext_ln321_12

]]></Node>
<StgValue><ssdm name="local_D_V_addr"/></StgValue>
</operation>

<operation id="80" st_id="7" stage="2" lat="2">
<core>RAM_2P_BRAM</core>
<MemPortIdVec></MemPortIdVec>
<condition id="-1">
<or_exp><and_exp><literal name="icmp_ln1359" val="0"/>
</and_exp></or_exp>
</condition>

<Node id="85" bw="128" op_0_bw="5">
<![CDATA[
hls_label_33:13  %tmp_V = load i128* %local_D_V_addr, align 16

]]></Node>
<StgValue><ssdm name="tmp_V"/></StgValue>
</operation>

<operation id="81" st_id="7" stage="1" lat="1">
<core>AddSub</core>
<MemPortIdVec></MemPortIdVec>
<condition id="-1">
<or_exp><and_exp><literal name="icmp_ln1359" val="0"/>
</and_exp></or_exp>
</condition>

<Node id="88" bw="2" op_0_bw="2" op_1_bw="2">
<![CDATA[
hls_label_33:16  %add_ln700_13 = add i2 %select_ln544, 1

]]></Node>
<StgValue><ssdm name="add_ln700_13"/></StgValue>
</operation>
</state>

<state id="8" st_id="8">

<operation id="82" st_id="8" stage="1" lat="1">
<core>NULL</core>
<MemPortIdVec></MemPortIdVec>
<condition id="-1">
<or_exp><and_exp><literal name="icmp_ln1359" val="0"/>
</and_exp></or_exp>
</condition>

<Node id="73" bw="32" op_0_bw="32" op_1_bw="64" op_2_bw="64" op_3_bw="64">
<![CDATA[
hls_label_33:1  %empty_894 = call i32 (...)* @_ssdm_op_SpecLoopTripCount(i64 32, i64 32, i64 32)

]]></Node>
<StgValue><ssdm name="empty_894"/></StgValue>
</operation>

<operation id="83" st_id="8" stage="1" lat="1">
<core>NULL</core>
<MemPortIdVec></MemPortIdVec>
<condition id="-1">
<or_exp><and_exp><literal name="icmp_ln1359" val="0"/>
</and_exp></or_exp>
</condition>

<Node id="79" bw="32" op_0_bw="32" op_1_bw="0">
<![CDATA[
hls_label_33:7  %tmp_5 = call i32 (...)* @_ssdm_op_SpecRegionBegin([13 x i8]* @p_str36)

]]></Node>
<StgValue><ssdm name="tmp_5"/></StgValue>
</operation>

<operation id="84" st_id="8" stage="1" lat="1">
<core>NULL</core>
<MemPortIdVec></MemPortIdVec>
<condition id="-1">
<or_exp><and_exp><literal name="icmp_ln1359" val="0"/>
</and_exp></or_exp>
</condition>

<Node id="80" bw="0" op_0_bw="0" op_1_bw="32" op_2_bw="32" op_3_bw="32" op_4_bw="32" op_5_bw="0">
<![CDATA[
hls_label_33:8  call void (...)* @_ssdm_op_SpecPipeline(i32 1, i32 1, i32 1, i32 0, [1 x i8]* @p_str) nounwind

]]></Node>
<StgValue><ssdm name="specpipeline_ln1362"/></StgValue>
</operation>

<operation id="85" st_id="8" stage="1" lat="2">
<core>RAM_2P_BRAM</core>
<MemPortIdVec></MemPortIdVec>
<condition id="-1">
<or_exp><and_exp><literal name="icmp_ln1359" val="0"/>
</and_exp></or_exp>
</condition>

<Node id="85" bw="128" op_0_bw="5">
<![CDATA[
hls_label_33:13  %tmp_V = load i128* %local_D_V_addr, align 16

]]></Node>
<StgValue><ssdm name="tmp_V"/></StgValue>
</operation>

<operation id="86" st_id="8" stage="1" lat="1">
<core>FIFO_SRL</core>
<MemPortIdVec></MemPortIdVec>
<condition id="-1">
<or_exp><and_exp><literal name="icmp_ln1359" val="0"/>
</and_exp></or_exp>
</condition>

<Node id="86" bw="0" op_0_bw="0" op_1_bw="128" op_2_bw="128">
<![CDATA[
hls_label_33:14  call void @_ssdm_op_Write.ap_fifo.volatile.i128P(i128* %fifo_D_drain_out_V_V, i128 %tmp_V)

]]></Node>
<StgValue><ssdm name="write_ln1368"/></StgValue>
</operation>

<operation id="87" st_id="8" stage="1" lat="1">
<core>NULL</core>
<MemPortIdVec></MemPortIdVec>
<condition id="-1">
<or_exp><and_exp><literal name="icmp_ln1359" val="0"/>
</and_exp></or_exp>
</condition>

<Node id="87" bw="32" op_0_bw="32" op_1_bw="0" op_2_bw="32">
<![CDATA[
hls_label_33:15  %empty_895 = call i32 (...)* @_ssdm_op_SpecRegionEnd([13 x i8]* @p_str36, i32 %tmp_5)

]]></Node>
<StgValue><ssdm name="empty_895"/></StgValue>
</operation>

<operation id="88" st_id="8" stage="1" lat="1">
<core>NULL</core>
<MemPortIdVec></MemPortIdVec>
<condition id="-1">
<or_exp><and_exp><literal name="icmp_ln1359" val="0"/>
</and_exp></or_exp>
</condition>

<Node id="89" bw="0" op_0_bw="0">
<![CDATA[
hls_label_33:17  br label %.preheader.i4.i.0

]]></Node>
<StgValue><ssdm name="br_ln1361"/></StgValue>
</operation>
</state>

<state id="9" st_id="9">

<operation id="89" st_id="9" stage="1" lat="1">
<core>NULL</core>
<MemPortIdVec></MemPortIdVec>
<condition id="-1">
<or_exp><and_exp></and_exp></or_exp>
</condition>

<Node id="91" bw="0" op_0_bw="0">
<![CDATA[
.preheader.i.loopexit:0  br label %.preheader.i

]]></Node>
<StgValue><ssdm name="br_ln0"/></StgValue>
</operation>
</state>
</state_list>


<ports>
</ports>


<dataflows>
</dataflows>


</stg>
