<profile>

<section name = "Vivado HLS Report for 'D_drain_IO_L1_out_boundary_wrapper394'" level="0">
<item name = "Date">Thu Aug 26 21:51:40 2021
</item>
<item name = "Version">2020.1 (Build 2897737 on Wed May 27 20:21:37 MDT 2020)</item>
<item name = "Project">hls_prj</item>
<item name = "Solution">solution1</item>
<item name = "Product family">virtexuplus</item>
<item name = "Target device">xcu250-figd2104-2L-e</item>
</section>

<section name = "Performance Estimates" level="0">
<item name = "Timing">
<section name = "" level="1">
<item name = "Summary"><table name="" hasTotal="0">
<keys size="4">Clock, Target, Estimated, Uncertainty</keys>
<column name="ap_clk">3.33 ns, 2.850 ns, 0.42 ns</column>
</table>
</item>
</section>
</item>
<item name = "Latency">
<section name = "" level="1">
<item name = "Summary"><table name="" hasTotal="0">
<keys size="8">, min, max, min, max, min, max, Type</keys>
<column name="">665, 665, 2.214 us, 2.214 us, 665, 665, none</column>
</table>
</item>
<item name = "Detail">
<section name = "" level="1">
<item name = "Instance"><table name="" hasTotal="0">
<keys size="9">Instance, Module, min, max, min, max, min, max, Type</keys>
</table>
</item>
<item name = "Loop"><table name="" hasTotal="0">
<keys size="8">Loop Name, min, max, Latency, achieved, target, Count, Pipelined</keys>
<column name="- Loop 1">664, 664, 166, -, -, 4, no</column>
<column name=" + Loop 1.1">129, 129, 3, 1, 1, 128, yes</column>
<column name=" + Loop 1.2">32, 32, 2, 1, 1, 32, yes</column>
</table>
</item>
</section>
</item>
</section>
</item>
</section>

<section name = "Utilization Estimates" level="0">
<item name = "Summary"><table name="" hasTotal="1">
<keys size="6">Name, BRAM_18K, DSP48E, FF, LUT, URAM</keys>
<column name="DSP">-, -, -, -, -</column>
<column name="Expression">-, -, 0, 194, -</column>
<column name="FIFO">-, -, -, -, -</column>
<column name="Instance">-, -, -, -, -</column>
<column name="Memory">4, -, 0, 0, 0</column>
<column name="Multiplexer">-, -, -, 254, -</column>
<column name="Register">-, -, 328, -, -</column>
<specialColumn name="Available SLR">1344, 3072, 864000, 432000, 320</specialColumn>
<specialColumn name="Utilization SLR (%)">~0, 0, ~0, ~0, 0</specialColumn>
<specialColumn name="Available">5376, 12288, 3456000, 1728000, 1280</specialColumn>
<specialColumn name="Utilization (%)">~0, 0, ~0, ~0, 0</specialColumn>
</table>
</item>
<item name = "Detail">
<section name = "" level="1">
<item name = "Instance"><table name="" hasTotal="1">
<keys size="7">Instance, Module, BRAM_18K, DSP48E, FF, LUT, URAM</keys>
</table>
</item>
<item name = "DSP48E"><table name="" hasTotal="0">
<keys size="3">Instance, Module, Expression</keys>
</table>
</item>
<item name = "Memory"><table name="" hasTotal="1">
<keys size="10">Memory, Module, BRAM_18K, FF, LUT, URAM, Words, Bits, Banks, W*Bits*Banks</keys>
<column name="local_D_V_U">D_drain_IO_L1_out_boundary_wrapper362_local_D_V, 4, 0, 0, 0, 32, 128, 1, 4096</column>
</table>
</item>
<item name = "FIFO"><table name="" hasTotal="1">
<keys size="8">Name, BRAM_18K, FF, LUT, URAM, Depth, Bits, Size:D*B</keys>
</table>
</item>
<item name = "Expression"><table name="" hasTotal="1">
<keys size="7">Variable Name, Operation, DSP48E, FF, LUT, Bitwidth P0, Bitwidth P1</keys>
<column name="add_ln1280_fu_296_p2">+, 0, 0, 15, 8, 1</column>
<column name="add_ln1359_fu_418_p2">+, 0, 0, 15, 6, 1</column>
<column name="add_ln1432_fu_284_p2">+, 0, 0, 11, 3, 1</column>
<column name="add_ln321_fu_468_p2">+, 0, 0, 15, 7, 7</column>
<column name="add_ln700_23_fu_479_p2">+, 0, 0, 9, 2, 1</column>
<column name="add_ln700_fu_424_p2">+, 0, 0, 15, 5, 1</column>
<column name="c7_V_fu_302_p2">+, 0, 0, 12, 1, 4</column>
<column name="c8_V_fu_355_p2">+, 0, 0, 15, 5, 1</column>
<column name="ap_block_pp0_stage0_11001">and, 0, 0, 2, 1, 1</column>
<column name="ap_block_pp1_stage0_01001">and, 0, 0, 2, 1, 1</column>
<column name="ap_block_state4_pp0_stage0_iter1">and, 0, 0, 2, 1, 1</column>
<column name="ap_block_state8_pp1_stage0_iter1">and, 0, 0, 2, 1, 1</column>
<column name="icmp_ln1280_fu_290_p2">icmp, 0, 0, 13, 8, 9</column>
<column name="icmp_ln1282_fu_308_p2">icmp, 0, 0, 11, 5, 6</column>
<column name="icmp_ln1359_fu_412_p2">icmp, 0, 0, 11, 6, 7</column>
<column name="icmp_ln1361_fu_430_p2">icmp, 0, 0, 9, 2, 3</column>
<column name="icmp_ln1432_fu_278_p2">icmp, 0, 0, 9, 3, 4</column>
<column name="ap_block_state1">or, 0, 0, 2, 1, 1</column>
<column name="select_ln1371_11_fu_322_p3">select, 0, 0, 4, 1, 4</column>
<column name="select_ln1371_fu_314_p3">select, 0, 0, 5, 1, 1</column>
<column name="select_ln544_14_fu_444_p3">select, 0, 0, 5, 1, 5</column>
<column name="select_ln544_fu_436_p3">select, 0, 0, 2, 1, 1</column>
<column name="ap_enable_pp0">xor, 0, 0, 2, 1, 2</column>
<column name="ap_enable_pp1">xor, 0, 0, 2, 1, 2</column>
<column name="ap_enable_reg_pp0_iter1">xor, 0, 0, 2, 2, 1</column>
<column name="ap_enable_reg_pp1_iter1">xor, 0, 0, 2, 2, 1</column>
</table>
</item>
<item name = "Multiplexer"><table name="" hasTotal="1">
<keys size="5">Name, LUT, Input Size, Bits, Total Bits</keys>
<column name="ap_NS_fsm">38, 7, 1, 7</column>
<column name="ap_done">9, 2, 1, 2</column>
<column name="ap_enable_reg_pp0_iter1">9, 2, 1, 2</column>
<column name="ap_enable_reg_pp0_iter2">9, 2, 1, 2</column>
<column name="ap_enable_reg_pp1_iter1">15, 3, 1, 3</column>
<column name="ap_phi_mux_p_062_0_i_i_phi_fu_175_p4">9, 2, 4, 8</column>
<column name="ap_phi_mux_p_064_0_i_i_0_phi_fu_260_p4">9, 2, 5, 10</column>
<column name="ap_phi_reg_pp0_iter2_v1_V_reg_193">15, 3, 32, 96</column>
<column name="ap_phi_reg_pp0_iter2_v2_V_57_reg_219">15, 3, 32, 96</column>
<column name="ap_phi_reg_pp0_iter2_v2_V_58_reg_206">15, 3, 32, 96</column>
<column name="ap_phi_reg_pp0_iter2_v2_V_reg_232">15, 3, 32, 96</column>
<column name="fifo_D_drain_local_in_V_blk_n">9, 2, 1, 2</column>
<column name="fifo_D_drain_out_V_V_blk_n">9, 2, 1, 2</column>
<column name="indvar_flatten13_reg_149">9, 2, 3, 6</column>
<column name="indvar_flatten6_reg_245">9, 2, 6, 12</column>
<column name="indvar_flatten_reg_160">9, 2, 8, 16</column>
<column name="local_D_V_address0">15, 3, 5, 15</column>
<column name="p_054_0_i_i_0_reg_267">9, 2, 2, 4</column>
<column name="p_062_0_i_i_reg_171">9, 2, 4, 8</column>
<column name="p_064_0_i_i_0_reg_256">9, 2, 5, 10</column>
<column name="p_076_0_i_i_reg_182">9, 2, 5, 10</column>
</table>
</item>
<item name = "Register"><table name="" hasTotal="1">
<keys size="5">Name, FF, LUT, Bits, Const Bits</keys>
<column name="add_ln1432_reg_489">3, 0, 3, 0</column>
<column name="ap_CS_fsm">6, 0, 6, 0</column>
<column name="ap_done_reg">1, 0, 1, 0</column>
<column name="ap_enable_reg_pp0_iter0">1, 0, 1, 0</column>
<column name="ap_enable_reg_pp0_iter1">1, 0, 1, 0</column>
<column name="ap_enable_reg_pp0_iter2">1, 0, 1, 0</column>
<column name="ap_enable_reg_pp1_iter0">1, 0, 1, 0</column>
<column name="ap_enable_reg_pp1_iter1">1, 0, 1, 0</column>
<column name="ap_phi_reg_pp0_iter1_v1_V_reg_193">32, 0, 32, 0</column>
<column name="ap_phi_reg_pp0_iter1_v2_V_57_reg_219">32, 0, 32, 0</column>
<column name="ap_phi_reg_pp0_iter1_v2_V_58_reg_206">32, 0, 32, 0</column>
<column name="ap_phi_reg_pp0_iter1_v2_V_reg_232">32, 0, 32, 0</column>
<column name="ap_phi_reg_pp0_iter2_v1_V_reg_193">32, 0, 32, 0</column>
<column name="ap_phi_reg_pp0_iter2_v2_V_57_reg_219">32, 0, 32, 0</column>
<column name="ap_phi_reg_pp0_iter2_v2_V_58_reg_206">32, 0, 32, 0</column>
<column name="ap_phi_reg_pp0_iter2_v2_V_reg_232">32, 0, 32, 0</column>
<column name="icmp_ln1280_reg_494">1, 0, 1, 0</column>
<column name="icmp_ln1280_reg_494_pp0_iter1_reg">1, 0, 1, 0</column>
<column name="icmp_ln1359_reg_559">1, 0, 1, 0</column>
<column name="indvar_flatten13_reg_149">3, 0, 3, 0</column>
<column name="indvar_flatten6_reg_245">6, 0, 6, 0</column>
<column name="indvar_flatten_reg_160">8, 0, 8, 0</column>
<column name="local_D_V_addr_1_reg_512">5, 0, 5, 0</column>
<column name="local_D_V_addr_1_reg_512_pp0_iter1_reg">5, 0, 5, 0</column>
<column name="p_054_0_i_i_0_reg_267">2, 0, 2, 0</column>
<column name="p_062_0_i_i_reg_171">4, 0, 4, 0</column>
<column name="p_064_0_i_i_0_reg_256">5, 0, 5, 0</column>
<column name="p_076_0_i_i_reg_182">5, 0, 5, 0</column>
<column name="select_ln1371_11_reg_503">4, 0, 4, 0</column>
<column name="select_ln544_14_reg_568">5, 0, 5, 0</column>
<column name="trunc_ln1371_reg_508">2, 0, 2, 0</column>
</table>
</item>
</section>
</item>
</section>

<section name = "Interface" level="0">
<item name = "Summary"><table name="" hasTotal="0">
<keys size="6">RTL Ports, Dir, Bits, Protocol, Source Object, C Type</keys>
<column name="ap_clk">in, 1, ap_ctrl_hs, D_drain_IO_L1_out_boundary_wrapper394, return value</column>
<column name="ap_rst">in, 1, ap_ctrl_hs, D_drain_IO_L1_out_boundary_wrapper394, return value</column>
<column name="ap_start">in, 1, ap_ctrl_hs, D_drain_IO_L1_out_boundary_wrapper394, return value</column>
<column name="ap_done">out, 1, ap_ctrl_hs, D_drain_IO_L1_out_boundary_wrapper394, return value</column>
<column name="ap_continue">in, 1, ap_ctrl_hs, D_drain_IO_L1_out_boundary_wrapper394, return value</column>
<column name="ap_idle">out, 1, ap_ctrl_hs, D_drain_IO_L1_out_boundary_wrapper394, return value</column>
<column name="ap_ready">out, 1, ap_ctrl_hs, D_drain_IO_L1_out_boundary_wrapper394, return value</column>
<column name="fifo_D_drain_out_V_V_din">out, 128, ap_fifo, fifo_D_drain_out_V_V, pointer</column>
<column name="fifo_D_drain_out_V_V_full_n">in, 1, ap_fifo, fifo_D_drain_out_V_V, pointer</column>
<column name="fifo_D_drain_out_V_V_write">out, 1, ap_fifo, fifo_D_drain_out_V_V, pointer</column>
<column name="fifo_D_drain_local_in_V_dout">in, 32, ap_fifo, fifo_D_drain_local_in_V, pointer</column>
<column name="fifo_D_drain_local_in_V_empty_n">in, 1, ap_fifo, fifo_D_drain_local_in_V, pointer</column>
<column name="fifo_D_drain_local_in_V_read">out, 1, ap_fifo, fifo_D_drain_local_in_V, pointer</column>
</table>
</item>
</section>
</profile>
