<stg><name>PE_wrapper242</name>


<trans_list>

<trans id="20" from="1" to="2">
<condition id="-1">
<or_exp><and_exp></and_exp></or_exp>
</condition>
</trans>
</trans_list>



<state_list>

<state id="1" st_id="1">

<operation id="3" st_id="1" stage="2" lat="2">
<core></core>
<MemPortIdVec></MemPortIdVec>
<condition id="-1">
<or_exp><and_exp></and_exp></or_exp>
</condition>

<Node id="22" bw="0" op_0_bw="0" op_1_bw="256" op_2_bw="256" op_3_bw="32" op_4_bw="32" op_5_bw="256" op_6_bw="256" op_7_bw="32">
<![CDATA[
:14  call fastcc void @PE(i256* %fifo_A_in_V_V, i256* %fifo_A_out_V_V, float* %fifo_B_in_V, float* %fifo_B_out_V, i256* %fifo_C_in_V_V, i256* %fifo_C_out_V_V, float* %fifo_D_drain_out_V)

]]></Node>
<StgValue><ssdm name="call_ln1161"/></StgValue>
</operation>
</state>

<state id="2" st_id="2">

<operation id="4" st_id="2" stage="1" lat="1">
<core>NULL</core>
<MemPortIdVec></MemPortIdVec>
<condition id="-1">
<or_exp><and_exp></and_exp></or_exp>
</condition>

<Node id="8" bw="0" op_0_bw="0" op_1_bw="32" op_2_bw="0" op_3_bw="32" op_4_bw="32" op_5_bw="0" op_6_bw="32" op_7_bw="32" op_8_bw="0" op_9_bw="0" op_10_bw="0" op_11_bw="32" op_12_bw="32" op_13_bw="32" op_14_bw="32" op_15_bw="0" op_16_bw="0">
<![CDATA[
:0  call void (...)* @_ssdm_op_SpecInterface(float* %fifo_D_drain_out_V, [8 x i8]* @ap_fifo_str, i32 0, i32 0, [1 x i8]* @p_str, i32 0, i32 0, [1 x i8]* @p_str, [1 x i8]* @p_str, [1 x i8]* @p_str, i32 2, i32 2, i32 16, i32 16, [1 x i8]* @p_str, [1 x i8]* @p_str)

]]></Node>
<StgValue><ssdm name="specinterface_ln0"/></StgValue>
</operation>

<operation id="5" st_id="2" stage="1" lat="1">
<core>NULL</core>
<MemPortIdVec></MemPortIdVec>
<condition id="-1">
<or_exp><and_exp></and_exp></or_exp>
</condition>

<Node id="9" bw="0" op_0_bw="0" op_1_bw="256" op_2_bw="0" op_3_bw="32" op_4_bw="32" op_5_bw="0" op_6_bw="32" op_7_bw="32" op_8_bw="0" op_9_bw="0" op_10_bw="0" op_11_bw="32" op_12_bw="32" op_13_bw="32" op_14_bw="32" op_15_bw="0" op_16_bw="0">
<![CDATA[
:1  call void (...)* @_ssdm_op_SpecInterface(i256* %fifo_C_out_V_V, [8 x i8]* @ap_fifo_str, i32 0, i32 0, [1 x i8]* @p_str, i32 0, i32 0, [1 x i8]* @p_str, [1 x i8]* @p_str, [1 x i8]* @p_str, i32 2, i32 2, i32 16, i32 16, [1 x i8]* @p_str, [1 x i8]* @p_str)

]]></Node>
<StgValue><ssdm name="specinterface_ln0"/></StgValue>
</operation>

<operation id="6" st_id="2" stage="1" lat="1">
<core>NULL</core>
<MemPortIdVec></MemPortIdVec>
<condition id="-1">
<or_exp><and_exp></and_exp></or_exp>
</condition>

<Node id="10" bw="0" op_0_bw="0" op_1_bw="256" op_2_bw="0" op_3_bw="32" op_4_bw="32" op_5_bw="0" op_6_bw="32" op_7_bw="32" op_8_bw="0" op_9_bw="0" op_10_bw="0" op_11_bw="32" op_12_bw="32" op_13_bw="32" op_14_bw="32" op_15_bw="0" op_16_bw="0">
<![CDATA[
:2  call void (...)* @_ssdm_op_SpecInterface(i256* %fifo_C_in_V_V, [8 x i8]* @ap_fifo_str, i32 0, i32 0, [1 x i8]* @p_str, i32 0, i32 0, [1 x i8]* @p_str, [1 x i8]* @p_str, [1 x i8]* @p_str, i32 2, i32 2, i32 16, i32 16, [1 x i8]* @p_str, [1 x i8]* @p_str)

]]></Node>
<StgValue><ssdm name="specinterface_ln0"/></StgValue>
</operation>

<operation id="7" st_id="2" stage="1" lat="1">
<core>NULL</core>
<MemPortIdVec></MemPortIdVec>
<condition id="-1">
<or_exp><and_exp></and_exp></or_exp>
</condition>

<Node id="11" bw="0" op_0_bw="0" op_1_bw="32" op_2_bw="0" op_3_bw="32" op_4_bw="32" op_5_bw="0" op_6_bw="32" op_7_bw="32" op_8_bw="0" op_9_bw="0" op_10_bw="0" op_11_bw="32" op_12_bw="32" op_13_bw="32" op_14_bw="32" op_15_bw="0" op_16_bw="0">
<![CDATA[
:3  call void (...)* @_ssdm_op_SpecInterface(float* %fifo_B_out_V, [8 x i8]* @ap_fifo_str, i32 0, i32 0, [1 x i8]* @p_str, i32 0, i32 0, [1 x i8]* @p_str, [1 x i8]* @p_str, [1 x i8]* @p_str, i32 2, i32 2, i32 16, i32 16, [1 x i8]* @p_str, [1 x i8]* @p_str)

]]></Node>
<StgValue><ssdm name="specinterface_ln0"/></StgValue>
</operation>

<operation id="8" st_id="2" stage="1" lat="1">
<core>NULL</core>
<MemPortIdVec></MemPortIdVec>
<condition id="-1">
<or_exp><and_exp></and_exp></or_exp>
</condition>

<Node id="12" bw="0" op_0_bw="0" op_1_bw="32" op_2_bw="0" op_3_bw="32" op_4_bw="32" op_5_bw="0" op_6_bw="32" op_7_bw="32" op_8_bw="0" op_9_bw="0" op_10_bw="0" op_11_bw="32" op_12_bw="32" op_13_bw="32" op_14_bw="32" op_15_bw="0" op_16_bw="0">
<![CDATA[
:4  call void (...)* @_ssdm_op_SpecInterface(float* %fifo_B_in_V, [8 x i8]* @ap_fifo_str, i32 0, i32 0, [1 x i8]* @p_str, i32 0, i32 0, [1 x i8]* @p_str, [1 x i8]* @p_str, [1 x i8]* @p_str, i32 2, i32 2, i32 16, i32 16, [1 x i8]* @p_str, [1 x i8]* @p_str)

]]></Node>
<StgValue><ssdm name="specinterface_ln0"/></StgValue>
</operation>

<operation id="9" st_id="2" stage="1" lat="1">
<core>NULL</core>
<MemPortIdVec></MemPortIdVec>
<condition id="-1">
<or_exp><and_exp></and_exp></or_exp>
</condition>

<Node id="13" bw="0" op_0_bw="0" op_1_bw="256" op_2_bw="0" op_3_bw="32" op_4_bw="32" op_5_bw="0" op_6_bw="32" op_7_bw="32" op_8_bw="0" op_9_bw="0" op_10_bw="0" op_11_bw="32" op_12_bw="32" op_13_bw="32" op_14_bw="32" op_15_bw="0" op_16_bw="0">
<![CDATA[
:5  call void (...)* @_ssdm_op_SpecInterface(i256* %fifo_A_out_V_V, [8 x i8]* @ap_fifo_str, i32 0, i32 0, [1 x i8]* @p_str, i32 0, i32 0, [1 x i8]* @p_str, [1 x i8]* @p_str, [1 x i8]* @p_str, i32 2, i32 2, i32 16, i32 16, [1 x i8]* @p_str, [1 x i8]* @p_str)

]]></Node>
<StgValue><ssdm name="specinterface_ln0"/></StgValue>
</operation>

<operation id="10" st_id="2" stage="1" lat="1">
<core>NULL</core>
<MemPortIdVec></MemPortIdVec>
<condition id="-1">
<or_exp><and_exp></and_exp></or_exp>
</condition>

<Node id="14" bw="0" op_0_bw="0" op_1_bw="256" op_2_bw="0" op_3_bw="32" op_4_bw="32" op_5_bw="0" op_6_bw="32" op_7_bw="32" op_8_bw="0" op_9_bw="0" op_10_bw="0" op_11_bw="32" op_12_bw="32" op_13_bw="32" op_14_bw="32" op_15_bw="0" op_16_bw="0">
<![CDATA[
:6  call void (...)* @_ssdm_op_SpecInterface(i256* %fifo_A_in_V_V, [8 x i8]* @ap_fifo_str, i32 0, i32 0, [1 x i8]* @p_str, i32 0, i32 0, [1 x i8]* @p_str, [1 x i8]* @p_str, [1 x i8]* @p_str, i32 2, i32 2, i32 16, i32 16, [1 x i8]* @p_str, [1 x i8]* @p_str)

]]></Node>
<StgValue><ssdm name="specinterface_ln0"/></StgValue>
</operation>

<operation id="11" st_id="2" stage="1" lat="1">
<core>NULL</core>
<MemPortIdVec></MemPortIdVec>
<condition id="-1">
<or_exp><and_exp></and_exp></or_exp>
</condition>

<Node id="15" bw="0" op_0_bw="0" op_1_bw="32" op_2_bw="0" op_3_bw="0" op_4_bw="0" op_5_bw="32" op_6_bw="0" op_7_bw="0" op_8_bw="0" op_9_bw="0" op_10_bw="0">
<![CDATA[
:7  call void (...)* @_ssdm_op_SpecMemCore(float* %fifo_D_drain_out_V, [1 x i8]* @p_str, [9 x i8]* @p_str50, [1 x i8]* @p_str, i32 -1, [1 x i8]* @p_str, [1 x i8]* @p_str, [1 x i8]* @p_str, [1 x i8]* @p_str, [1 x i8]* @p_str)

]]></Node>
<StgValue><ssdm name="specmemcore_ln0"/></StgValue>
</operation>

<operation id="12" st_id="2" stage="1" lat="1">
<core>NULL</core>
<MemPortIdVec></MemPortIdVec>
<condition id="-1">
<or_exp><and_exp></and_exp></or_exp>
</condition>

<Node id="16" bw="0" op_0_bw="0" op_1_bw="256" op_2_bw="0" op_3_bw="0" op_4_bw="0" op_5_bw="32" op_6_bw="0" op_7_bw="0" op_8_bw="0" op_9_bw="0" op_10_bw="0">
<![CDATA[
:8  call void (...)* @_ssdm_op_SpecMemCore(i256* %fifo_C_out_V_V, [1 x i8]* @p_str, [9 x i8]* @p_str50, [1 x i8]* @p_str, i32 -1, [1 x i8]* @p_str, [1 x i8]* @p_str, [1 x i8]* @p_str, [1 x i8]* @p_str, [1 x i8]* @p_str)

]]></Node>
<StgValue><ssdm name="specmemcore_ln0"/></StgValue>
</operation>

<operation id="13" st_id="2" stage="1" lat="1">
<core>NULL</core>
<MemPortIdVec></MemPortIdVec>
<condition id="-1">
<or_exp><and_exp></and_exp></or_exp>
</condition>

<Node id="17" bw="0" op_0_bw="0" op_1_bw="256" op_2_bw="0" op_3_bw="0" op_4_bw="0" op_5_bw="32" op_6_bw="0" op_7_bw="0" op_8_bw="0" op_9_bw="0" op_10_bw="0">
<![CDATA[
:9  call void (...)* @_ssdm_op_SpecMemCore(i256* %fifo_C_in_V_V, [1 x i8]* @p_str, [9 x i8]* @p_str50, [1 x i8]* @p_str, i32 -1, [1 x i8]* @p_str, [1 x i8]* @p_str, [1 x i8]* @p_str, [1 x i8]* @p_str, [1 x i8]* @p_str)

]]></Node>
<StgValue><ssdm name="specmemcore_ln0"/></StgValue>
</operation>

<operation id="14" st_id="2" stage="1" lat="1">
<core>NULL</core>
<MemPortIdVec></MemPortIdVec>
<condition id="-1">
<or_exp><and_exp></and_exp></or_exp>
</condition>

<Node id="18" bw="0" op_0_bw="0" op_1_bw="32" op_2_bw="0" op_3_bw="0" op_4_bw="0" op_5_bw="32" op_6_bw="0" op_7_bw="0" op_8_bw="0" op_9_bw="0" op_10_bw="0">
<![CDATA[
:10  call void (...)* @_ssdm_op_SpecMemCore(float* %fifo_B_out_V, [1 x i8]* @p_str, [9 x i8]* @p_str50, [1 x i8]* @p_str, i32 -1, [1 x i8]* @p_str, [1 x i8]* @p_str, [1 x i8]* @p_str, [1 x i8]* @p_str, [1 x i8]* @p_str)

]]></Node>
<StgValue><ssdm name="specmemcore_ln0"/></StgValue>
</operation>

<operation id="15" st_id="2" stage="1" lat="1">
<core>NULL</core>
<MemPortIdVec></MemPortIdVec>
<condition id="-1">
<or_exp><and_exp></and_exp></or_exp>
</condition>

<Node id="19" bw="0" op_0_bw="0" op_1_bw="32" op_2_bw="0" op_3_bw="0" op_4_bw="0" op_5_bw="32" op_6_bw="0" op_7_bw="0" op_8_bw="0" op_9_bw="0" op_10_bw="0">
<![CDATA[
:11  call void (...)* @_ssdm_op_SpecMemCore(float* %fifo_B_in_V, [1 x i8]* @p_str, [9 x i8]* @p_str50, [1 x i8]* @p_str, i32 -1, [1 x i8]* @p_str, [1 x i8]* @p_str, [1 x i8]* @p_str, [1 x i8]* @p_str, [1 x i8]* @p_str)

]]></Node>
<StgValue><ssdm name="specmemcore_ln0"/></StgValue>
</operation>

<operation id="16" st_id="2" stage="1" lat="1">
<core>NULL</core>
<MemPortIdVec></MemPortIdVec>
<condition id="-1">
<or_exp><and_exp></and_exp></or_exp>
</condition>

<Node id="20" bw="0" op_0_bw="0" op_1_bw="256" op_2_bw="0" op_3_bw="0" op_4_bw="0" op_5_bw="32" op_6_bw="0" op_7_bw="0" op_8_bw="0" op_9_bw="0" op_10_bw="0">
<![CDATA[
:12  call void (...)* @_ssdm_op_SpecMemCore(i256* %fifo_A_out_V_V, [1 x i8]* @p_str, [9 x i8]* @p_str50, [1 x i8]* @p_str, i32 -1, [1 x i8]* @p_str, [1 x i8]* @p_str, [1 x i8]* @p_str, [1 x i8]* @p_str, [1 x i8]* @p_str)

]]></Node>
<StgValue><ssdm name="specmemcore_ln0"/></StgValue>
</operation>

<operation id="17" st_id="2" stage="1" lat="1">
<core>NULL</core>
<MemPortIdVec></MemPortIdVec>
<condition id="-1">
<or_exp><and_exp></and_exp></or_exp>
</condition>

<Node id="21" bw="0" op_0_bw="0" op_1_bw="256" op_2_bw="0" op_3_bw="0" op_4_bw="0" op_5_bw="32" op_6_bw="0" op_7_bw="0" op_8_bw="0" op_9_bw="0" op_10_bw="0">
<![CDATA[
:13  call void (...)* @_ssdm_op_SpecMemCore(i256* %fifo_A_in_V_V, [1 x i8]* @p_str, [9 x i8]* @p_str50, [1 x i8]* @p_str, i32 -1, [1 x i8]* @p_str, [1 x i8]* @p_str, [1 x i8]* @p_str, [1 x i8]* @p_str, [1 x i8]* @p_str)

]]></Node>
<StgValue><ssdm name="specmemcore_ln0"/></StgValue>
</operation>

<operation id="18" st_id="2" stage="1" lat="2">
<core></core>
<MemPortIdVec></MemPortIdVec>
<condition id="-1">
<or_exp><and_exp></and_exp></or_exp>
</condition>

<Node id="22" bw="0" op_0_bw="0" op_1_bw="256" op_2_bw="256" op_3_bw="32" op_4_bw="32" op_5_bw="256" op_6_bw="256" op_7_bw="32">
<![CDATA[
:14  call fastcc void @PE(i256* %fifo_A_in_V_V, i256* %fifo_A_out_V_V, float* %fifo_B_in_V, float* %fifo_B_out_V, i256* %fifo_C_in_V_V, i256* %fifo_C_out_V_V, float* %fifo_D_drain_out_V)

]]></Node>
<StgValue><ssdm name="call_ln1161"/></StgValue>
</operation>

<operation id="19" st_id="2" stage="1" lat="1">
<core>NULL</core>
<MemPortIdVec></MemPortIdVec>
<condition id="-1">
<or_exp><and_exp></and_exp></or_exp>
</condition>

<Node id="23" bw="0">
<![CDATA[
:15  ret void

]]></Node>
<StgValue><ssdm name="ret_ln1171"/></StgValue>
</operation>
</state>
</state_list>


<ports>
<port id="21" name="fifo_A_in_V_V" dir="0" iftype="3">
<core>FIFO_SRL</core><StgValue><ssdm name="fifo_A_in_V_V"/></StgValue>
</port>
<port id="22" name="fifo_A_out_V_V" dir="1" iftype="3">
<core>FIFO_SRL</core><StgValue><ssdm name="fifo_A_out_V_V"/></StgValue>
</port>
<port id="23" name="fifo_B_in_V" dir="0" iftype="3">
<core>FIFO_SRL</core><StgValue><ssdm name="fifo_B_in_V"/></StgValue>
</port>
<port id="24" name="fifo_B_out_V" dir="1" iftype="3">
<core>FIFO_SRL</core><StgValue><ssdm name="fifo_B_out_V"/></StgValue>
</port>
<port id="25" name="fifo_C_in_V_V" dir="0" iftype="3">
<core>FIFO_SRL</core><StgValue><ssdm name="fifo_C_in_V_V"/></StgValue>
</port>
<port id="26" name="fifo_C_out_V_V" dir="1" iftype="3">
<core>FIFO_SRL</core><StgValue><ssdm name="fifo_C_out_V_V"/></StgValue>
</port>
<port id="27" name="fifo_D_drain_out_V" dir="1" iftype="3">
<core>FIFO_SRL</core><StgValue><ssdm name="fifo_D_drain_out_V"/></StgValue>
</port>
</ports>


<dataflows>
<dataflow id="29" from="PE" to="call_ln1161" fromId="28" toId="3">
</dataflow>
<dataflow id="30" from="fifo_A_in_V_V" to="call_ln1161" fromId="21" toId="3">
</dataflow>
<dataflow id="31" from="fifo_A_out_V_V" to="call_ln1161" fromId="22" toId="3">
</dataflow>
<dataflow id="32" from="fifo_B_in_V" to="call_ln1161" fromId="23" toId="3">
</dataflow>
<dataflow id="33" from="fifo_B_out_V" to="call_ln1161" fromId="24" toId="3">
</dataflow>
<dataflow id="34" from="fifo_C_in_V_V" to="call_ln1161" fromId="25" toId="3">
</dataflow>
<dataflow id="35" from="fifo_C_out_V_V" to="call_ln1161" fromId="26" toId="3">
</dataflow>
<dataflow id="36" from="fifo_D_drain_out_V" to="call_ln1161" fromId="27" toId="3">
</dataflow>
<dataflow id="38" from="_ssdm_op_SpecInterface" to="specinterface_ln0" fromId="37" toId="4">
</dataflow>
<dataflow id="39" from="fifo_D_drain_out_V" to="specinterface_ln0" fromId="27" toId="4">
</dataflow>
<dataflow id="41" from="ap_fifo_str" to="specinterface_ln0" fromId="40" toId="4">
</dataflow>
<dataflow id="43" from="StgValue_42" to="specinterface_ln0" fromId="42" toId="4">
</dataflow>
<dataflow id="44" from="StgValue_42" to="specinterface_ln0" fromId="42" toId="4">
</dataflow>
<dataflow id="46" from="p_str" to="specinterface_ln0" fromId="45" toId="4">
</dataflow>
<dataflow id="47" from="StgValue_42" to="specinterface_ln0" fromId="42" toId="4">
</dataflow>
<dataflow id="48" from="StgValue_42" to="specinterface_ln0" fromId="42" toId="4">
</dataflow>
<dataflow id="49" from="p_str" to="specinterface_ln0" fromId="45" toId="4">
</dataflow>
<dataflow id="50" from="p_str" to="specinterface_ln0" fromId="45" toId="4">
</dataflow>
<dataflow id="51" from="p_str" to="specinterface_ln0" fromId="45" toId="4">
</dataflow>
<dataflow id="53" from="StgValue_52" to="specinterface_ln0" fromId="52" toId="4">
</dataflow>
<dataflow id="54" from="StgValue_52" to="specinterface_ln0" fromId="52" toId="4">
</dataflow>
<dataflow id="56" from="StgValue_55" to="specinterface_ln0" fromId="55" toId="4">
</dataflow>
<dataflow id="57" from="StgValue_55" to="specinterface_ln0" fromId="55" toId="4">
</dataflow>
<dataflow id="58" from="p_str" to="specinterface_ln0" fromId="45" toId="4">
</dataflow>
<dataflow id="59" from="p_str" to="specinterface_ln0" fromId="45" toId="4">
</dataflow>
<dataflow id="60" from="_ssdm_op_SpecInterface" to="specinterface_ln0" fromId="37" toId="5">
</dataflow>
<dataflow id="61" from="fifo_C_out_V_V" to="specinterface_ln0" fromId="26" toId="5">
</dataflow>
<dataflow id="62" from="ap_fifo_str" to="specinterface_ln0" fromId="40" toId="5">
</dataflow>
<dataflow id="63" from="StgValue_42" to="specinterface_ln0" fromId="42" toId="5">
</dataflow>
<dataflow id="64" from="StgValue_42" to="specinterface_ln0" fromId="42" toId="5">
</dataflow>
<dataflow id="65" from="p_str" to="specinterface_ln0" fromId="45" toId="5">
</dataflow>
<dataflow id="66" from="StgValue_42" to="specinterface_ln0" fromId="42" toId="5">
</dataflow>
<dataflow id="67" from="StgValue_42" to="specinterface_ln0" fromId="42" toId="5">
</dataflow>
<dataflow id="68" from="p_str" to="specinterface_ln0" fromId="45" toId="5">
</dataflow>
<dataflow id="69" from="p_str" to="specinterface_ln0" fromId="45" toId="5">
</dataflow>
<dataflow id="70" from="p_str" to="specinterface_ln0" fromId="45" toId="5">
</dataflow>
<dataflow id="71" from="StgValue_52" to="specinterface_ln0" fromId="52" toId="5">
</dataflow>
<dataflow id="72" from="StgValue_52" to="specinterface_ln0" fromId="52" toId="5">
</dataflow>
<dataflow id="73" from="StgValue_55" to="specinterface_ln0" fromId="55" toId="5">
</dataflow>
<dataflow id="74" from="StgValue_55" to="specinterface_ln0" fromId="55" toId="5">
</dataflow>
<dataflow id="75" from="p_str" to="specinterface_ln0" fromId="45" toId="5">
</dataflow>
<dataflow id="76" from="p_str" to="specinterface_ln0" fromId="45" toId="5">
</dataflow>
<dataflow id="77" from="_ssdm_op_SpecInterface" to="specinterface_ln0" fromId="37" toId="6">
</dataflow>
<dataflow id="78" from="fifo_C_in_V_V" to="specinterface_ln0" fromId="25" toId="6">
</dataflow>
<dataflow id="79" from="ap_fifo_str" to="specinterface_ln0" fromId="40" toId="6">
</dataflow>
<dataflow id="80" from="StgValue_42" to="specinterface_ln0" fromId="42" toId="6">
</dataflow>
<dataflow id="81" from="StgValue_42" to="specinterface_ln0" fromId="42" toId="6">
</dataflow>
<dataflow id="82" from="p_str" to="specinterface_ln0" fromId="45" toId="6">
</dataflow>
<dataflow id="83" from="StgValue_42" to="specinterface_ln0" fromId="42" toId="6">
</dataflow>
<dataflow id="84" from="StgValue_42" to="specinterface_ln0" fromId="42" toId="6">
</dataflow>
<dataflow id="85" from="p_str" to="specinterface_ln0" fromId="45" toId="6">
</dataflow>
<dataflow id="86" from="p_str" to="specinterface_ln0" fromId="45" toId="6">
</dataflow>
<dataflow id="87" from="p_str" to="specinterface_ln0" fromId="45" toId="6">
</dataflow>
<dataflow id="88" from="StgValue_52" to="specinterface_ln0" fromId="52" toId="6">
</dataflow>
<dataflow id="89" from="StgValue_52" to="specinterface_ln0" fromId="52" toId="6">
</dataflow>
<dataflow id="90" from="StgValue_55" to="specinterface_ln0" fromId="55" toId="6">
</dataflow>
<dataflow id="91" from="StgValue_55" to="specinterface_ln0" fromId="55" toId="6">
</dataflow>
<dataflow id="92" from="p_str" to="specinterface_ln0" fromId="45" toId="6">
</dataflow>
<dataflow id="93" from="p_str" to="specinterface_ln0" fromId="45" toId="6">
</dataflow>
<dataflow id="94" from="_ssdm_op_SpecInterface" to="specinterface_ln0" fromId="37" toId="7">
</dataflow>
<dataflow id="95" from="fifo_B_out_V" to="specinterface_ln0" fromId="24" toId="7">
</dataflow>
<dataflow id="96" from="ap_fifo_str" to="specinterface_ln0" fromId="40" toId="7">
</dataflow>
<dataflow id="97" from="StgValue_42" to="specinterface_ln0" fromId="42" toId="7">
</dataflow>
<dataflow id="98" from="StgValue_42" to="specinterface_ln0" fromId="42" toId="7">
</dataflow>
<dataflow id="99" from="p_str" to="specinterface_ln0" fromId="45" toId="7">
</dataflow>
<dataflow id="100" from="StgValue_42" to="specinterface_ln0" fromId="42" toId="7">
</dataflow>
<dataflow id="101" from="StgValue_42" to="specinterface_ln0" fromId="42" toId="7">
</dataflow>
<dataflow id="102" from="p_str" to="specinterface_ln0" fromId="45" toId="7">
</dataflow>
<dataflow id="103" from="p_str" to="specinterface_ln0" fromId="45" toId="7">
</dataflow>
<dataflow id="104" from="p_str" to="specinterface_ln0" fromId="45" toId="7">
</dataflow>
<dataflow id="105" from="StgValue_52" to="specinterface_ln0" fromId="52" toId="7">
</dataflow>
<dataflow id="106" from="StgValue_52" to="specinterface_ln0" fromId="52" toId="7">
</dataflow>
<dataflow id="107" from="StgValue_55" to="specinterface_ln0" fromId="55" toId="7">
</dataflow>
<dataflow id="108" from="StgValue_55" to="specinterface_ln0" fromId="55" toId="7">
</dataflow>
<dataflow id="109" from="p_str" to="specinterface_ln0" fromId="45" toId="7">
</dataflow>
<dataflow id="110" from="p_str" to="specinterface_ln0" fromId="45" toId="7">
</dataflow>
<dataflow id="111" from="_ssdm_op_SpecInterface" to="specinterface_ln0" fromId="37" toId="8">
</dataflow>
<dataflow id="112" from="fifo_B_in_V" to="specinterface_ln0" fromId="23" toId="8">
</dataflow>
<dataflow id="113" from="ap_fifo_str" to="specinterface_ln0" fromId="40" toId="8">
</dataflow>
<dataflow id="114" from="StgValue_42" to="specinterface_ln0" fromId="42" toId="8">
</dataflow>
<dataflow id="115" from="StgValue_42" to="specinterface_ln0" fromId="42" toId="8">
</dataflow>
<dataflow id="116" from="p_str" to="specinterface_ln0" fromId="45" toId="8">
</dataflow>
<dataflow id="117" from="StgValue_42" to="specinterface_ln0" fromId="42" toId="8">
</dataflow>
<dataflow id="118" from="StgValue_42" to="specinterface_ln0" fromId="42" toId="8">
</dataflow>
<dataflow id="119" from="p_str" to="specinterface_ln0" fromId="45" toId="8">
</dataflow>
<dataflow id="120" from="p_str" to="specinterface_ln0" fromId="45" toId="8">
</dataflow>
<dataflow id="121" from="p_str" to="specinterface_ln0" fromId="45" toId="8">
</dataflow>
<dataflow id="122" from="StgValue_52" to="specinterface_ln0" fromId="52" toId="8">
</dataflow>
<dataflow id="123" from="StgValue_52" to="specinterface_ln0" fromId="52" toId="8">
</dataflow>
<dataflow id="124" from="StgValue_55" to="specinterface_ln0" fromId="55" toId="8">
</dataflow>
<dataflow id="125" from="StgValue_55" to="specinterface_ln0" fromId="55" toId="8">
</dataflow>
<dataflow id="126" from="p_str" to="specinterface_ln0" fromId="45" toId="8">
</dataflow>
<dataflow id="127" from="p_str" to="specinterface_ln0" fromId="45" toId="8">
</dataflow>
<dataflow id="128" from="_ssdm_op_SpecInterface" to="specinterface_ln0" fromId="37" toId="9">
</dataflow>
<dataflow id="129" from="fifo_A_out_V_V" to="specinterface_ln0" fromId="22" toId="9">
</dataflow>
<dataflow id="130" from="ap_fifo_str" to="specinterface_ln0" fromId="40" toId="9">
</dataflow>
<dataflow id="131" from="StgValue_42" to="specinterface_ln0" fromId="42" toId="9">
</dataflow>
<dataflow id="132" from="StgValue_42" to="specinterface_ln0" fromId="42" toId="9">
</dataflow>
<dataflow id="133" from="p_str" to="specinterface_ln0" fromId="45" toId="9">
</dataflow>
<dataflow id="134" from="StgValue_42" to="specinterface_ln0" fromId="42" toId="9">
</dataflow>
<dataflow id="135" from="StgValue_42" to="specinterface_ln0" fromId="42" toId="9">
</dataflow>
<dataflow id="136" from="p_str" to="specinterface_ln0" fromId="45" toId="9">
</dataflow>
<dataflow id="137" from="p_str" to="specinterface_ln0" fromId="45" toId="9">
</dataflow>
<dataflow id="138" from="p_str" to="specinterface_ln0" fromId="45" toId="9">
</dataflow>
<dataflow id="139" from="StgValue_52" to="specinterface_ln0" fromId="52" toId="9">
</dataflow>
<dataflow id="140" from="StgValue_52" to="specinterface_ln0" fromId="52" toId="9">
</dataflow>
<dataflow id="141" from="StgValue_55" to="specinterface_ln0" fromId="55" toId="9">
</dataflow>
<dataflow id="142" from="StgValue_55" to="specinterface_ln0" fromId="55" toId="9">
</dataflow>
<dataflow id="143" from="p_str" to="specinterface_ln0" fromId="45" toId="9">
</dataflow>
<dataflow id="144" from="p_str" to="specinterface_ln0" fromId="45" toId="9">
</dataflow>
<dataflow id="145" from="_ssdm_op_SpecInterface" to="specinterface_ln0" fromId="37" toId="10">
</dataflow>
<dataflow id="146" from="fifo_A_in_V_V" to="specinterface_ln0" fromId="21" toId="10">
</dataflow>
<dataflow id="147" from="ap_fifo_str" to="specinterface_ln0" fromId="40" toId="10">
</dataflow>
<dataflow id="148" from="StgValue_42" to="specinterface_ln0" fromId="42" toId="10">
</dataflow>
<dataflow id="149" from="StgValue_42" to="specinterface_ln0" fromId="42" toId="10">
</dataflow>
<dataflow id="150" from="p_str" to="specinterface_ln0" fromId="45" toId="10">
</dataflow>
<dataflow id="151" from="StgValue_42" to="specinterface_ln0" fromId="42" toId="10">
</dataflow>
<dataflow id="152" from="StgValue_42" to="specinterface_ln0" fromId="42" toId="10">
</dataflow>
<dataflow id="153" from="p_str" to="specinterface_ln0" fromId="45" toId="10">
</dataflow>
<dataflow id="154" from="p_str" to="specinterface_ln0" fromId="45" toId="10">
</dataflow>
<dataflow id="155" from="p_str" to="specinterface_ln0" fromId="45" toId="10">
</dataflow>
<dataflow id="156" from="StgValue_52" to="specinterface_ln0" fromId="52" toId="10">
</dataflow>
<dataflow id="157" from="StgValue_52" to="specinterface_ln0" fromId="52" toId="10">
</dataflow>
<dataflow id="158" from="StgValue_55" to="specinterface_ln0" fromId="55" toId="10">
</dataflow>
<dataflow id="159" from="StgValue_55" to="specinterface_ln0" fromId="55" toId="10">
</dataflow>
<dataflow id="160" from="p_str" to="specinterface_ln0" fromId="45" toId="10">
</dataflow>
<dataflow id="161" from="p_str" to="specinterface_ln0" fromId="45" toId="10">
</dataflow>
<dataflow id="163" from="_ssdm_op_SpecMemCore" to="specmemcore_ln0" fromId="162" toId="11">
</dataflow>
<dataflow id="164" from="fifo_D_drain_out_V" to="specmemcore_ln0" fromId="27" toId="11">
</dataflow>
<dataflow id="165" from="p_str" to="specmemcore_ln0" fromId="45" toId="11">
</dataflow>
<dataflow id="167" from="p_str50" to="specmemcore_ln0" fromId="166" toId="11">
</dataflow>
<dataflow id="168" from="p_str" to="specmemcore_ln0" fromId="45" toId="11">
</dataflow>
<dataflow id="170" from="StgValue_169" to="specmemcore_ln0" fromId="169" toId="11">
</dataflow>
<dataflow id="171" from="p_str" to="specmemcore_ln0" fromId="45" toId="11">
</dataflow>
<dataflow id="172" from="p_str" to="specmemcore_ln0" fromId="45" toId="11">
</dataflow>
<dataflow id="173" from="p_str" to="specmemcore_ln0" fromId="45" toId="11">
</dataflow>
<dataflow id="174" from="p_str" to="specmemcore_ln0" fromId="45" toId="11">
</dataflow>
<dataflow id="175" from="p_str" to="specmemcore_ln0" fromId="45" toId="11">
</dataflow>
<dataflow id="176" from="_ssdm_op_SpecMemCore" to="specmemcore_ln0" fromId="162" toId="12">
</dataflow>
<dataflow id="177" from="fifo_C_out_V_V" to="specmemcore_ln0" fromId="26" toId="12">
</dataflow>
<dataflow id="178" from="p_str" to="specmemcore_ln0" fromId="45" toId="12">
</dataflow>
<dataflow id="179" from="p_str50" to="specmemcore_ln0" fromId="166" toId="12">
</dataflow>
<dataflow id="180" from="p_str" to="specmemcore_ln0" fromId="45" toId="12">
</dataflow>
<dataflow id="181" from="StgValue_169" to="specmemcore_ln0" fromId="169" toId="12">
</dataflow>
<dataflow id="182" from="p_str" to="specmemcore_ln0" fromId="45" toId="12">
</dataflow>
<dataflow id="183" from="p_str" to="specmemcore_ln0" fromId="45" toId="12">
</dataflow>
<dataflow id="184" from="p_str" to="specmemcore_ln0" fromId="45" toId="12">
</dataflow>
<dataflow id="185" from="p_str" to="specmemcore_ln0" fromId="45" toId="12">
</dataflow>
<dataflow id="186" from="p_str" to="specmemcore_ln0" fromId="45" toId="12">
</dataflow>
<dataflow id="187" from="_ssdm_op_SpecMemCore" to="specmemcore_ln0" fromId="162" toId="13">
</dataflow>
<dataflow id="188" from="fifo_C_in_V_V" to="specmemcore_ln0" fromId="25" toId="13">
</dataflow>
<dataflow id="189" from="p_str" to="specmemcore_ln0" fromId="45" toId="13">
</dataflow>
<dataflow id="190" from="p_str50" to="specmemcore_ln0" fromId="166" toId="13">
</dataflow>
<dataflow id="191" from="p_str" to="specmemcore_ln0" fromId="45" toId="13">
</dataflow>
<dataflow id="192" from="StgValue_169" to="specmemcore_ln0" fromId="169" toId="13">
</dataflow>
<dataflow id="193" from="p_str" to="specmemcore_ln0" fromId="45" toId="13">
</dataflow>
<dataflow id="194" from="p_str" to="specmemcore_ln0" fromId="45" toId="13">
</dataflow>
<dataflow id="195" from="p_str" to="specmemcore_ln0" fromId="45" toId="13">
</dataflow>
<dataflow id="196" from="p_str" to="specmemcore_ln0" fromId="45" toId="13">
</dataflow>
<dataflow id="197" from="p_str" to="specmemcore_ln0" fromId="45" toId="13">
</dataflow>
<dataflow id="198" from="_ssdm_op_SpecMemCore" to="specmemcore_ln0" fromId="162" toId="14">
</dataflow>
<dataflow id="199" from="fifo_B_out_V" to="specmemcore_ln0" fromId="24" toId="14">
</dataflow>
<dataflow id="200" from="p_str" to="specmemcore_ln0" fromId="45" toId="14">
</dataflow>
<dataflow id="201" from="p_str50" to="specmemcore_ln0" fromId="166" toId="14">
</dataflow>
<dataflow id="202" from="p_str" to="specmemcore_ln0" fromId="45" toId="14">
</dataflow>
<dataflow id="203" from="StgValue_169" to="specmemcore_ln0" fromId="169" toId="14">
</dataflow>
<dataflow id="204" from="p_str" to="specmemcore_ln0" fromId="45" toId="14">
</dataflow>
<dataflow id="205" from="p_str" to="specmemcore_ln0" fromId="45" toId="14">
</dataflow>
<dataflow id="206" from="p_str" to="specmemcore_ln0" fromId="45" toId="14">
</dataflow>
<dataflow id="207" from="p_str" to="specmemcore_ln0" fromId="45" toId="14">
</dataflow>
<dataflow id="208" from="p_str" to="specmemcore_ln0" fromId="45" toId="14">
</dataflow>
<dataflow id="209" from="_ssdm_op_SpecMemCore" to="specmemcore_ln0" fromId="162" toId="15">
</dataflow>
<dataflow id="210" from="fifo_B_in_V" to="specmemcore_ln0" fromId="23" toId="15">
</dataflow>
<dataflow id="211" from="p_str" to="specmemcore_ln0" fromId="45" toId="15">
</dataflow>
<dataflow id="212" from="p_str50" to="specmemcore_ln0" fromId="166" toId="15">
</dataflow>
<dataflow id="213" from="p_str" to="specmemcore_ln0" fromId="45" toId="15">
</dataflow>
<dataflow id="214" from="StgValue_169" to="specmemcore_ln0" fromId="169" toId="15">
</dataflow>
<dataflow id="215" from="p_str" to="specmemcore_ln0" fromId="45" toId="15">
</dataflow>
<dataflow id="216" from="p_str" to="specmemcore_ln0" fromId="45" toId="15">
</dataflow>
<dataflow id="217" from="p_str" to="specmemcore_ln0" fromId="45" toId="15">
</dataflow>
<dataflow id="218" from="p_str" to="specmemcore_ln0" fromId="45" toId="15">
</dataflow>
<dataflow id="219" from="p_str" to="specmemcore_ln0" fromId="45" toId="15">
</dataflow>
<dataflow id="220" from="_ssdm_op_SpecMemCore" to="specmemcore_ln0" fromId="162" toId="16">
</dataflow>
<dataflow id="221" from="fifo_A_out_V_V" to="specmemcore_ln0" fromId="22" toId="16">
</dataflow>
<dataflow id="222" from="p_str" to="specmemcore_ln0" fromId="45" toId="16">
</dataflow>
<dataflow id="223" from="p_str50" to="specmemcore_ln0" fromId="166" toId="16">
</dataflow>
<dataflow id="224" from="p_str" to="specmemcore_ln0" fromId="45" toId="16">
</dataflow>
<dataflow id="225" from="StgValue_169" to="specmemcore_ln0" fromId="169" toId="16">
</dataflow>
<dataflow id="226" from="p_str" to="specmemcore_ln0" fromId="45" toId="16">
</dataflow>
<dataflow id="227" from="p_str" to="specmemcore_ln0" fromId="45" toId="16">
</dataflow>
<dataflow id="228" from="p_str" to="specmemcore_ln0" fromId="45" toId="16">
</dataflow>
<dataflow id="229" from="p_str" to="specmemcore_ln0" fromId="45" toId="16">
</dataflow>
<dataflow id="230" from="p_str" to="specmemcore_ln0" fromId="45" toId="16">
</dataflow>
<dataflow id="231" from="_ssdm_op_SpecMemCore" to="specmemcore_ln0" fromId="162" toId="17">
</dataflow>
<dataflow id="232" from="fifo_A_in_V_V" to="specmemcore_ln0" fromId="21" toId="17">
</dataflow>
<dataflow id="233" from="p_str" to="specmemcore_ln0" fromId="45" toId="17">
</dataflow>
<dataflow id="234" from="p_str50" to="specmemcore_ln0" fromId="166" toId="17">
</dataflow>
<dataflow id="235" from="p_str" to="specmemcore_ln0" fromId="45" toId="17">
</dataflow>
<dataflow id="236" from="StgValue_169" to="specmemcore_ln0" fromId="169" toId="17">
</dataflow>
<dataflow id="237" from="p_str" to="specmemcore_ln0" fromId="45" toId="17">
</dataflow>
<dataflow id="238" from="p_str" to="specmemcore_ln0" fromId="45" toId="17">
</dataflow>
<dataflow id="239" from="p_str" to="specmemcore_ln0" fromId="45" toId="17">
</dataflow>
<dataflow id="240" from="p_str" to="specmemcore_ln0" fromId="45" toId="17">
</dataflow>
<dataflow id="241" from="p_str" to="specmemcore_ln0" fromId="45" toId="17">
</dataflow>
<dataflow id="242" from="PE" to="call_ln1161" fromId="28" toId="18">
</dataflow>
<dataflow id="243" from="fifo_A_in_V_V" to="call_ln1161" fromId="21" toId="18">
</dataflow>
<dataflow id="244" from="fifo_A_out_V_V" to="call_ln1161" fromId="22" toId="18">
</dataflow>
<dataflow id="245" from="fifo_B_in_V" to="call_ln1161" fromId="23" toId="18">
</dataflow>
<dataflow id="246" from="fifo_B_out_V" to="call_ln1161" fromId="24" toId="18">
</dataflow>
<dataflow id="247" from="fifo_C_in_V_V" to="call_ln1161" fromId="25" toId="18">
</dataflow>
<dataflow id="248" from="fifo_C_out_V_V" to="call_ln1161" fromId="26" toId="18">
</dataflow>
<dataflow id="249" from="fifo_D_drain_out_V" to="call_ln1161" fromId="27" toId="18">
</dataflow>
</dataflows>


</stg>
