<profile>

<section name = "Vivado HLS Report for 'PE_wrapper266'" level="0">
<item name = "Date">Thu Aug 26 21:48:58 2021
</item>
<item name = "Version">2020.1 (Build 2897737 on Wed May 27 20:21:37 MDT 2020)</item>
<item name = "Project">hls_prj</item>
<item name = "Solution">solution1</item>
<item name = "Product family">virtexuplus</item>
<item name = "Target device">xcu250-figd2104-2L-e</item>
</section>

<section name = "Performance Estimates" level="0">
<item name = "Timing">
<section name = "" level="1">
<item name = "Summary"><table name="" hasTotal="0">
<keys size="4">Clock, Target, Estimated, Uncertainty</keys>
<column name="ap_clk">3.33 ns, 2.914 ns, 0.42 ns</column>
</table>
</item>
</section>
</item>
<item name = "Latency">
<section name = "" level="1">
<item name = "Summary"><table name="" hasTotal="0">
<keys size="8">, min, max, min, max, min, max, Type</keys>
<column name="">4195098, 4195098, 13.970 ms, 13.970 ms, 4195098, 4195098, none</column>
</table>
</item>
<item name = "Detail">
<section name = "" level="1">
<item name = "Instance"><table name="" hasTotal="0">
<keys size="9">Instance, Module, min, max, min, max, min, max, Type</keys>
<column name="grp_PE_fu_34">PE, 4195097, 4195097, 13.970 ms, 13.970 ms, 4195097, 4195097, none</column>
</table>
</item>
<item name = "Loop"><table name="" hasTotal="0">
<keys size="8">Loop Name, min, max, Latency, achieved, target, Count, Pipelined</keys>
</table>
</item>
</section>
</item>
</section>
</item>
</section>

<section name = "Utilization Estimates" level="0">
<item name = "Summary"><table name="" hasTotal="1">
<keys size="6">Name, BRAM_18K, DSP48E, FF, LUT, URAM</keys>
<column name="DSP">-, -, -, -, -</column>
<column name="Expression">-, -, 0, 2, -</column>
<column name="FIFO">-, -, -, -, -</column>
<column name="Instance">1, 64, 7548, 4471, 0</column>
<column name="Memory">-, -, -, -, -</column>
<column name="Multiplexer">-, -, -, 87, -</column>
<column name="Register">-, -, 4, -, -</column>
<specialColumn name="Available SLR">1344, 3072, 864000, 432000, 320</specialColumn>
<specialColumn name="Utilization SLR (%)">~0, 2, ~0, 1, 0</specialColumn>
<specialColumn name="Available">5376, 12288, 3456000, 1728000, 1280</specialColumn>
<specialColumn name="Utilization (%)">~0, ~0, ~0, ~0, 0</specialColumn>
</table>
</item>
<item name = "Detail">
<section name = "" level="1">
<item name = "Instance"><table name="" hasTotal="1">
<keys size="7">Instance, Module, BRAM_18K, DSP48E, FF, LUT, URAM</keys>
<column name="grp_PE_fu_34">PE, 1, 64, 7548, 4471, 0</column>
</table>
</item>
<item name = "DSP48E"><table name="" hasTotal="0">
<keys size="3">Instance, Module, Expression</keys>
</table>
</item>
<item name = "Memory"><table name="" hasTotal="1">
<keys size="10">Memory, Module, BRAM_18K, FF, LUT, URAM, Words, Bits, Banks, W*Bits*Banks</keys>
</table>
</item>
<item name = "FIFO"><table name="" hasTotal="1">
<keys size="8">Name, BRAM_18K, FF, LUT, URAM, Depth, Bits, Size:D*B</keys>
</table>
</item>
<item name = "Expression"><table name="" hasTotal="1">
<keys size="7">Variable Name, Operation, DSP48E, FF, LUT, Bitwidth P0, Bitwidth P1</keys>
<column name="ap_block_state1">or, 0, 0, 2, 1, 1</column>
</table>
</item>
<item name = "Multiplexer"><table name="" hasTotal="1">
<keys size="5">Name, LUT, Input Size, Bits, Total Bits</keys>
<column name="ap_NS_fsm">15, 3, 1, 3</column>
<column name="ap_done">9, 2, 1, 2</column>
<column name="fifo_A_in_V_V_read">9, 2, 1, 2</column>
<column name="fifo_A_out_V_V_write">9, 2, 1, 2</column>
<column name="fifo_B_in_V_read">9, 2, 1, 2</column>
<column name="fifo_B_out_V_write">9, 2, 1, 2</column>
<column name="fifo_C_in_V_V_read">9, 2, 1, 2</column>
<column name="fifo_C_out_V_V_write">9, 2, 1, 2</column>
<column name="fifo_D_drain_out_V_write">9, 2, 1, 2</column>
</table>
</item>
<item name = "Register"><table name="" hasTotal="1">
<keys size="5">Name, FF, LUT, Bits, Const Bits</keys>
<column name="ap_CS_fsm">2, 0, 2, 0</column>
<column name="ap_done_reg">1, 0, 1, 0</column>
<column name="grp_PE_fu_34_ap_start_reg">1, 0, 1, 0</column>
</table>
</item>
</section>
</item>
</section>

<section name = "Interface" level="0">
<item name = "Summary"><table name="" hasTotal="0">
<keys size="6">RTL Ports, Dir, Bits, Protocol, Source Object, C Type</keys>
<column name="ap_clk">in, 1, ap_ctrl_hs, PE_wrapper266, return value</column>
<column name="ap_rst">in, 1, ap_ctrl_hs, PE_wrapper266, return value</column>
<column name="ap_start">in, 1, ap_ctrl_hs, PE_wrapper266, return value</column>
<column name="ap_done">out, 1, ap_ctrl_hs, PE_wrapper266, return value</column>
<column name="ap_continue">in, 1, ap_ctrl_hs, PE_wrapper266, return value</column>
<column name="ap_idle">out, 1, ap_ctrl_hs, PE_wrapper266, return value</column>
<column name="ap_ready">out, 1, ap_ctrl_hs, PE_wrapper266, return value</column>
<column name="fifo_A_in_V_V_dout">in, 256, ap_fifo, fifo_A_in_V_V, pointer</column>
<column name="fifo_A_in_V_V_empty_n">in, 1, ap_fifo, fifo_A_in_V_V, pointer</column>
<column name="fifo_A_in_V_V_read">out, 1, ap_fifo, fifo_A_in_V_V, pointer</column>
<column name="fifo_A_out_V_V_din">out, 256, ap_fifo, fifo_A_out_V_V, pointer</column>
<column name="fifo_A_out_V_V_full_n">in, 1, ap_fifo, fifo_A_out_V_V, pointer</column>
<column name="fifo_A_out_V_V_write">out, 1, ap_fifo, fifo_A_out_V_V, pointer</column>
<column name="fifo_B_in_V_dout">in, 32, ap_fifo, fifo_B_in_V, pointer</column>
<column name="fifo_B_in_V_empty_n">in, 1, ap_fifo, fifo_B_in_V, pointer</column>
<column name="fifo_B_in_V_read">out, 1, ap_fifo, fifo_B_in_V, pointer</column>
<column name="fifo_B_out_V_din">out, 32, ap_fifo, fifo_B_out_V, pointer</column>
<column name="fifo_B_out_V_full_n">in, 1, ap_fifo, fifo_B_out_V, pointer</column>
<column name="fifo_B_out_V_write">out, 1, ap_fifo, fifo_B_out_V, pointer</column>
<column name="fifo_C_in_V_V_dout">in, 256, ap_fifo, fifo_C_in_V_V, pointer</column>
<column name="fifo_C_in_V_V_empty_n">in, 1, ap_fifo, fifo_C_in_V_V, pointer</column>
<column name="fifo_C_in_V_V_read">out, 1, ap_fifo, fifo_C_in_V_V, pointer</column>
<column name="fifo_C_out_V_V_din">out, 256, ap_fifo, fifo_C_out_V_V, pointer</column>
<column name="fifo_C_out_V_V_full_n">in, 1, ap_fifo, fifo_C_out_V_V, pointer</column>
<column name="fifo_C_out_V_V_write">out, 1, ap_fifo, fifo_C_out_V_V, pointer</column>
<column name="fifo_D_drain_out_V_din">out, 32, ap_fifo, fifo_D_drain_out_V, pointer</column>
<column name="fifo_D_drain_out_V_full_n">in, 1, ap_fifo, fifo_D_drain_out_V, pointer</column>
<column name="fifo_D_drain_out_V_write">out, 1, ap_fifo, fifo_D_drain_out_V, pointer</column>
</table>
</item>
</section>
</profile>
