<root versionMajor="1" versionMinor="5">
    <kernel name="kernel3" language="c" vlnv="xilinx.com:hls:kernel3:1.0" attributes="" hash="" preferredWorkGroupSizeMultiple="1" workGroupSize="1" debug="false" compileOptions="" profileType="none" hwControlProtocol="ap_ctrl_hs" interrupt="true">
        <ports>
            <port name="M_AXI_GMEM_A" portType="addressable" mode="master" base="0x0" range="0xFFFFFFFF" dataWidth="512"/>
            <port name="M_AXI_GMEM_B" portType="addressable" mode="master" base="0x0" range="0xFFFFFFFF" dataWidth="512"/>
            <port name="M_AXI_GMEM_C" portType="addressable" mode="master" base="0x0" range="0xFFFFFFFF" dataWidth="512"/>
            <port name="S_AXI_CONTROL" portType="addressable" mode="slave" base="0x0" range="0x1000" dataWidth="32"/>
        </ports>
        <args>
            <arg id="0" name="A" addressQualifier="1" port="M_AXI_GMEM_A" hostOffset="0x0" hostSize="0x8" offset="0x10" size="0x8" type="ap_uint&lt;512&gt;*"/>
            <arg id="1" name="B" addressQualifier="1" port="M_AXI_GMEM_B" hostOffset="0x0" hostSize="0x8" offset="0x1C" size="0x8" type="ap_uint&lt;512&gt;*"/>
            <arg id="2" name="C" addressQualifier="1" port="M_AXI_GMEM_C" hostOffset="0x0" hostSize="0x8" offset="0x28" size="0x8" type="ap_uint&lt;512&gt;*"/>
        </args>
        <compileWorkGroupSize x="1" y="1" z="1"/>
        <maxWorkGroupSize x="1" y="1" z="1"/>
    </kernel>
</root>

